rssite,rswhse,rsbaynum,rsloc,rsdesc,qty,createdate,createdby
FP-SP,FBIC-BLDG8,A1,A1-L1-C01-S01,,0,9/26/2025,sa
FP-SP,FBIC-BLDG8,A1,A1-L1-C01-S02,,0,9/26/2025,sa
FP-SP,FBIC-BLDG8,A1,A1-L1-C02-S01,,0,9/26/2025,sa
FP-SP,FBIC-BLDG8,A1,A1-L1-C02-S02,,0,9/26/2025,sa
FP-SP,FBIC-BLDG8,A1,A1-L1-C03-S01,,0,9/26/2025,sa
FP-SP,FBIC-BLDG8,A1,A1-L1-C03-S02,,0,9/26/2025,sa
FP-SP,FBIC-BLDG8,A1,A1-L1-C04-S01,,0,9/26/2025,sa
FP-SP,FBIC-BLDG8,A1,A1-L1-C04-S02,,0,9/26/2025,sa
FP-SP,FBIC-BLDG8,A1,A1-L1-C05-S01,,0,9/26/2025,sa
FP-SP,FBIC-BLDG8,A1,A1-L1-C05-S02,,0,9/26/2025,sa
FP-SP,FBIC-BLDG8,A1,A1-L1-C06-S01,,0,9/26/2025,sa
FP-SP,FBIC-BLDG8,A1,A1-L1-C06-S02,,0,9/26/2025,sa
FP-SP,FBIC-BLDG8,A1,A1-L1-C07-S01,,0,9/26/2025,sa
FP-SP,FBIC-BLDG8,A1,A1-L1-C07-S02,,0,9/26/2025,sa
FP-SP,FBIC-BLDG8,A1,A1-L1-C08-S01,,0,9/26/2025,sa
FP-SP,FBIC-BLDG8,A1,A1-L1-C08-S02,,0,9/26/2025,sa
FP-SP,FBIC-BLDG8,A1,A1-L1-C09-S01,,0,9/26/2025,sa
FP-SP,FBIC-BLDG8,A1,A1-L1-C09-S02,,0,9/26/2025,sa
FP-SP,FBIC-BLDG8,A1,A1-L1-C10-S01,,0,9/26/2025,sa
FP-SP,FBIC-BLDG8,A1,A1-L1-C10-S02,,0,9/26/2025,sa
FP-SP,FBIC-BLDG8,A1,A1-L1-C11-S01,,0,9/26/2025,sa
FP-SP,FBIC-BLDG8,A1,A1-L1-C11-S02,,0,9/26/2025,sa
FP-SP,FBIC-BLDG8,A1,A1-L1-C12-S01,,0,9/26/2025,sa
FP-SP,FBIC-BLDG8,A1,A1-L1-C12-S02,,0,9/26/2025,sa
FP-SP,FBIC-BLDG8,A1,A1-L1-C13-S01,,0,9/26/2025,sa
FP-SP,FBIC-BLDG8,A1,A1-L1-C13-S02,,0,9/26/2025,sa
FP-SP,FBIC-BLDG8,A1,A1-L1-C14-S01,,0,9/26/2025,sa
FP-SP,FBIC-BLDG8,A1,A1-L1-C14-S02,,0,9/26/2025,sa
FP-SP,FBIC-BLDG8,A1,A1-L1-C15-S01,,0,9/26/2025,sa
FP-SP,FBIC-BLDG8,A1,A1-L1-C15-S02,,0,9/26/2025,sa
FP-SP,FBIC-BLDG8,A1,A1-L1-C16-S01,,0,9/26/2025,sa
FP-SP,FBIC-BLDG8,A1,A1-L1-C16-S02,,0,9/26/2025,sa
FP-SP,FBIC-BLDG8,A1,A1-L1-C17-S01,,0,9/26/2025,sa
FP-SP,FBIC-BLDG8,A1,A1-L1-C17-S02,,0,9/26/2025,sa
FP-SP,FBIC-BLDG8,A1,A1-L2-C01-S01,,0,9/26/2025,sa
FP-SP,FBIC-BLDG8,A1,A1-L2-C01-S02,,0,9/26/2025,sa
FP-SP,FBIC-BLDG8,A1,A1-L2-C02-S01,,0,9/26/2025,sa
FP-SP,FBIC-BLDG8,A1,A1-L2-C02-S02,,0,9/26/2025,sa
FP-SP,FBIC-BLDG8,A1,A1-L2-C03-S01,,0,9/26/2025,sa
FP-SP,FBIC-BLDG8,A1,A1-L2-C03-S02,,0,9/26/2025,sa
FP-SP,FBIC-BLDG8,A1,A1-L2-C04-S01,,0,9/26/2025,sa
FP-SP,FBIC-BLDG8,A1,A1-L2-C04-S02,,0,9/26/2025,sa
FP-SP,FBIC-BLDG8,A1,A1-L2-C05-S01,,0,9/26/2025,sa
FP-SP,FBIC-BLDG8,A1,A1-L2-C05-S02,,0,9/26/2025,sa
FP-SP,FBIC-BLDG8,A1,A1-L2-C06-S01,,0,9/26/2025,sa
FP-SP,FBIC-BLDG8,A1,A1-L2-C06-S02,,0,9/26/2025,sa
FP-SP,FBIC-BLDG8,A1,A1-L2-C07-S01,,0,9/26/2025,sa
FP-SP,FBIC-BLDG8,A1,A1-L2-C07-S02,,0,9/26/2025,sa
FP-SP,FBIC-BLDG8,A1,A1-L2-C08-S01,,0,9/26/2025,sa
FP-SP,FBIC-BLDG8,A1,A1-L2-C08-S02,,0,9/26/2025,sa
FP-SP,FBIC-BLDG8,A1,A1-L2-C09-S01,,0,9/26/2025,sa
FP-SP,FBIC-BLDG8,A1,A1-L2-C09-S02,,0,9/26/2025,sa
FP-SP,FBIC-BLDG8,A1,A1-L2-C10-S01,,0,9/26/2025,sa
FP-SP,FBIC-BLDG8,A1,A1-L2-C10-S02,,0,9/26/2025,sa
FP-SP,FBIC-BLDG8,A1,A1-L2-C11-S01,,0,9/26/2025,sa
FP-SP,FBIC-BLDG8,A1,A1-L2-C11-S02,,0,9/26/2025,sa
FP-SP,FBIC-BLDG8,A1,A1-L2-C12-S01,,0,9/26/2025,sa
FP-SP,FBIC-BLDG8,A1,A1-L2-C12-S02,,0,9/26/2025,sa
FP-SP,FBIC-BLDG8,A1,A1-L2-C13-S01,,0,9/26/2025,sa
FP-SP,FBIC-BLDG8,A1,A1-L2-C13-S02,,0,9/26/2025,sa
FP-SP,FBIC-BLDG8,A1,A1-L2-C14-S01,,0,9/26/2025,sa
FP-SP,FBIC-BLDG8,A1,A1-L2-C14-S02,,0,9/26/2025,sa
FP-SP,FBIC-BLDG8,A1,A1-L2-C15-S01,,0,9/26/2025,sa
FP-SP,FBIC-BLDG8,A1,A1-L2-C15-S02,,0,9/26/2025,sa
FP-SP,FBIC-BLDG8,A1,A1-L2-C16-S01,,0,9/26/2025,sa
FP-SP,FBIC-BLDG8,A1,A1-L2-C16-S02,,0,9/26/2025,sa
FP-SP,FBIC-BLDG8,A1,A1-L2-C17-S01,,0,9/26/2025,sa
FP-SP,FBIC-BLDG8,A1,A1-L2-C17-S02,,0,9/26/2025,sa
FP-SP,FBIC-BLDG8,A1,A1-L3-C01-S01,,0,9/26/2025,sa
FP-SP,FBIC-BLDG8,A1,A1-L3-C01-S02,,0,9/26/2025,sa
FP-SP,FBIC-BLDG8,A1,A1-L3-C02-S01,,0,9/26/2025,sa
FP-SP,FBIC-BLDG8,A1,A1-L3-C02-S02,,0,9/26/2025,sa
FP-SP,FBIC-BLDG8,A1,A1-L3-C03-S01,,0,9/26/2025,sa
FP-SP,FBIC-BLDG8,A1,A1-L3-C03-S02,,0,9/26/2025,sa
FP-SP,FBIC-BLDG8,A1,A1-L3-C04-S01,,0,9/26/2025,sa
FP-SP,FBIC-BLDG8,A1,A1-L3-C04-S02,,0,9/26/2025,sa
FP-SP,FBIC-BLDG8,A1,A1-L3-C05-S01,,0,9/26/2025,sa
FP-SP,FBIC-BLDG8,A1,A1-L3-C05-S02,,0,9/26/2025,sa
FP-SP,FBIC-BLDG8,A1,A1-L3-C06-S01,,0,9/26/2025,sa
FP-SP,FBIC-BLDG8,A1,A1-L3-C06-S02,,0,9/26/2025,sa
FP-SP,FBIC-BLDG8,A1,A1-L3-C07-S01,,0,9/26/2025,sa
FP-SP,FBIC-BLDG8,A1,A1-L3-C07-S02,,0,9/26/2025,sa
FP-SP,FBIC-BLDG8,A1,A1-L3-C08-S01,,0,9/26/2025,sa
FP-SP,FBIC-BLDG8,A1,A1-L3-C08-S02,,0,9/26/2025,sa
FP-SP,FBIC-BLDG8,A1,A1-L3-C09-S01,,0,9/26/2025,sa
FP-SP,FBIC-BLDG8,A1,A1-L3-C09-S02,,0,9/26/2025,sa
FP-SP,FBIC-BLDG8,A1,A1-L3-C10-S01,,0,9/26/2025,sa
FP-SP,FBIC-BLDG8,A1,A1-L3-C10-S02,,0,9/26/2025,sa
FP-SP,FBIC-BLDG8,A1,A1-L3-C11-S01,,0,9/26/2025,sa
FP-SP,FBIC-BLDG8,A1,A1-L3-C11-S02,,0,9/26/2025,sa
FP-SP,FBIC-BLDG8,A1,A1-L3-C12-S01,,0,9/26/2025,sa
FP-SP,FBIC-BLDG8,A1,A1-L3-C12-S02,,0,9/26/2025,sa
FP-SP,FBIC-BLDG8,A1,A1-L3-C13-S01,,0,9/26/2025,sa
FP-SP,FBIC-BLDG8,A1,A1-L3-C13-S02,,0,9/26/2025,sa
FP-SP,FBIC-BLDG8,A1,A1-L3-C14-S01,,0,9/26/2025,sa
FP-SP,FBIC-BLDG8,A1,A1-L3-C14-S02,,0,9/26/2025,sa
FP-SP,FBIC-BLDG8,A1,A1-L3-C15-S01,,0,9/26/2025,sa
FP-SP,FBIC-BLDG8,A1,A1-L3-C15-S02,,0,9/26/2025,sa
FP-SP,FBIC-BLDG8,A1,A1-L3-C16-S01,,0,9/26/2025,sa
FP-SP,FBIC-BLDG8,A1,A1-L3-C16-S02,,0,9/26/2025,sa
FP-SP,FBIC-BLDG8,A1,A1-L3-C17-S01,,0,9/26/2025,sa
FP-SP,FBIC-BLDG8,A1,A1-L3-C17-S02,,0,9/26/2025,sa
FP-SP,FBIC-BLDG8,A1,A1-L4-C01-S01,,0,9/26/2025,sa
FP-SP,FBIC-BLDG8,A1,A1-L4-C01-S02,,0,9/26/2025,sa
FP-SP,FBIC-BLDG8,A1,A1-L4-C02-S01,,0,9/26/2025,sa
FP-SP,FBIC-BLDG8,A1,A1-L4-C02-S02,,0,9/26/2025,sa
FP-SP,FBIC-BLDG8,A1,A1-L4-C03-S01,,0,9/26/2025,sa
FP-SP,FBIC-BLDG8,A1,A1-L4-C03-S02,,0,9/26/2025,sa
FP-SP,FBIC-BLDG8,A1,A1-L4-C04-S01,,0,9/26/2025,sa
FP-SP,FBIC-BLDG8,A1,A1-L4-C04-S02,,0,9/26/2025,sa
FP-SP,FBIC-BLDG8,A1,A1-L4-C05-S01,,0,9/26/2025,sa
FP-SP,FBIC-BLDG8,A1,A1-L4-C05-S02,,0,9/26/2025,sa
FP-SP,FBIC-BLDG8,A1,A1-L4-C06-S01,,0,9/26/2025,sa
FP-SP,FBIC-BLDG8,A1,A1-L4-C06-S02,,0,9/26/2025,sa
FP-SP,FBIC-BLDG8,A1,A1-L4-C07-S01,,0,9/26/2025,sa
FP-SP,FBIC-BLDG8,A1,A1-L4-C07-S02,,0,9/26/2025,sa
FP-SP,FBIC-BLDG8,A1,A1-L4-C08-S01,,0,9/26/2025,sa
FP-SP,FBIC-BLDG8,A1,A1-L4-C08-S02,,0,9/26/2025,sa
FP-SP,FBIC-BLDG8,A1,A1-L4-C09-S01,,0,9/26/2025,sa
FP-SP,FBIC-BLDG8,A1,A1-L4-C09-S02,,0,9/26/2025,sa
FP-SP,FBIC-BLDG8,A1,A1-L4-C10-S01,,0,9/26/2025,sa
FP-SP,FBIC-BLDG8,A1,A1-L4-C10-S02,,0,9/26/2025,sa
FP-SP,FBIC-BLDG8,A1,A1-L4-C11-S01,,0,9/26/2025,sa
FP-SP,FBIC-BLDG8,A1,A1-L4-C11-S02,,0,9/26/2025,sa
FP-SP,FBIC-BLDG8,A1,A1-L4-C12-S01,,0,9/26/2025,sa
FP-SP,FBIC-BLDG8,A1,A1-L4-C12-S02,,0,9/26/2025,sa
FP-SP,FBIC-BLDG8,A1,A1-L4-C13-S01,,0,9/26/2025,sa
FP-SP,FBIC-BLDG8,A1,A1-L4-C13-S02,,0,9/26/2025,sa
FP-SP,FBIC-BLDG8,A1,A1-L4-C14-S01,,0,9/26/2025,sa
FP-SP,FBIC-BLDG8,A1,A1-L4-C14-S02,,0,9/26/2025,sa
FP-SP,FBIC-BLDG8,A1,A1-L4-C15-S01,,0,9/26/2025,sa
FP-SP,FBIC-BLDG8,A1,A1-L4-C15-S02,,0,9/26/2025,sa
FP-SP,FBIC-BLDG8,A1,A1-L4-C16-S01,,0,9/26/2025,sa
FP-SP,FBIC-BLDG8,A1,A1-L4-C16-S02,,0,9/26/2025,sa
FP-SP,FBIC-BLDG8,A1,A1-L4-C17-S01,,0,9/26/2025,sa
FP-SP,FBIC-BLDG8,A1,A1-L4-C17-S02,,0,9/26/2025,sa
FP-SP,FBIC-BLDG8,A2,A2-L1-C01-S01,,0,9/26/2025,sa
FP-SP,FBIC-BLDG8,A2,A2-L1-C01-S02,,0,9/26/2025,sa
FP-SP,FBIC-BLDG8,A2,A2-L1-C02-S01,,0,9/26/2025,sa
FP-SP,FBIC-BLDG8,A2,A2-L1-C02-S02,,0,9/26/2025,sa
FP-SP,FBIC-BLDG8,A2,A2-L1-C03-S01,,0,9/26/2025,sa
FP-SP,FBIC-BLDG8,A2,A2-L1-C03-S02,,0,9/26/2025,sa
FP-SP,FBIC-BLDG8,A2,A2-L1-C04-S01,,0,9/26/2025,sa
FP-SP,FBIC-BLDG8,A2,A2-L1-C04-S02,,0,9/26/2025,sa
FP-SP,FBIC-BLDG8,A2,A2-L1-C05-S01,,0,9/26/2025,sa
FP-SP,FBIC-BLDG8,A2,A2-L1-C05-S02,,0,9/26/2025,sa
FP-SP,FBIC-BLDG8,A2,A2-L1-C06-S01,,0,9/26/2025,sa
FP-SP,FBIC-BLDG8,A2,A2-L1-C06-S02,,0,9/26/2025,sa
FP-SP,FBIC-BLDG8,A2,A2-L1-C07-S01,,0,9/26/2025,sa
FP-SP,FBIC-BLDG8,A2,A2-L1-C07-S02,,0,9/26/2025,sa
FP-SP,FBIC-BLDG8,A2,A2-L1-C08-S01,,0,9/26/2025,sa
FP-SP,FBIC-BLDG8,A2,A2-L1-C08-S02,,0,9/26/2025,sa
FP-SP,FBIC-BLDG8,A2,A2-L1-C09-S01,,0,9/26/2025,sa
FP-SP,FBIC-BLDG8,A2,A2-L1-C09-S02,,0,9/26/2025,sa
FP-SP,FBIC-BLDG8,A2,A2-L1-C10-S01,,0,9/26/2025,sa
FP-SP,FBIC-BLDG8,A2,A2-L1-C10-S02,,0,9/26/2025,sa
FP-SP,FBIC-BLDG8,A2,A2-L1-C11-S01,,0,9/26/2025,sa
FP-SP,FBIC-BLDG8,A2,A2-L1-C11-S02,,0,9/26/2025,sa
FP-SP,FBIC-BLDG8,A2,A2-L1-C12-S01,,0,9/26/2025,sa
FP-SP,FBIC-BLDG8,A2,A2-L1-C12-S02,,0,9/26/2025,sa
FP-SP,FBIC-BLDG8,A2,A2-L1-C13-S01,,0,9/26/2025,sa
FP-SP,FBIC-BLDG8,A2,A2-L1-C13-S02,,0,9/26/2025,sa
FP-SP,FBIC-BLDG8,A2,A2-L1-C14-S01,,0,9/26/2025,sa
FP-SP,FBIC-BLDG8,A2,A2-L1-C14-S02,,0,9/26/2025,sa
FP-SP,FBIC-BLDG8,A2,A2-L1-C15-S01,,0,9/26/2025,sa
FP-SP,FBIC-BLDG8,A2,A2-L1-C15-S02,,0,9/26/2025,sa
FP-SP,FBIC-BLDG8,A2,A2-L1-C16-S01,,0,9/26/2025,sa
FP-SP,FBIC-BLDG8,A2,A2-L1-C16-S02,,0,9/26/2025,sa
FP-SP,FBIC-BLDG8,A2,A2-L1-C17-S01,,0,9/26/2025,sa
FP-SP,FBIC-BLDG8,A2,A2-L1-C17-S02,,0,9/26/2025,sa
FP-SP,FBIC-BLDG8,A2,A2-L2-C01-S01,,0,9/26/2025,sa
FP-SP,FBIC-BLDG8,A2,A2-L2-C01-S02,,0,9/26/2025,sa
FP-SP,FBIC-BLDG8,A2,A2-L2-C02-S01,,0,9/26/2025,sa
FP-SP,FBIC-BLDG8,A2,A2-L2-C02-S02,,0,9/26/2025,sa
FP-SP,FBIC-BLDG8,A2,A2-L2-C03-S01,,0,9/26/2025,sa
FP-SP,FBIC-BLDG8,A2,A2-L2-C03-S02,,0,9/26/2025,sa
FP-SP,FBIC-BLDG8,A2,A2-L2-C04-S01,,0,9/26/2025,sa
FP-SP,FBIC-BLDG8,A2,A2-L2-C04-S02,,0,9/26/2025,sa
FP-SP,FBIC-BLDG8,A2,A2-L2-C05-S01,,0,9/26/2025,sa
FP-SP,FBIC-BLDG8,A2,A2-L2-C05-S02,,0,9/26/2025,sa
FP-SP,FBIC-BLDG8,A2,A2-L2-C06-S01,,0,9/26/2025,sa
FP-SP,FBIC-BLDG8,A2,A2-L2-C06-S02,,0,9/26/2025,sa
FP-SP,FBIC-BLDG8,A2,A2-L2-C07-S01,,0,9/26/2025,sa
FP-SP,FBIC-BLDG8,A2,A2-L2-C07-S02,,0,9/26/2025,sa
FP-SP,FBIC-BLDG8,A2,A2-L2-C08-S01,,0,9/26/2025,sa
FP-SP,FBIC-BLDG8,A2,A2-L2-C08-S02,,0,9/26/2025,sa
FP-SP,FBIC-BLDG8,A2,A2-L2-C09-S01,,0,9/26/2025,sa
FP-SP,FBIC-BLDG8,A2,A2-L2-C09-S02,,0,9/26/2025,sa
FP-SP,FBIC-BLDG8,A2,A2-L2-C10-S01,,0,9/26/2025,sa
FP-SP,FBIC-BLDG8,A2,A2-L2-C10-S02,,0,9/26/2025,sa
FP-SP,FBIC-BLDG8,A2,A2-L2-C11-S01,,0,9/26/2025,sa
FP-SP,FBIC-BLDG8,A2,A2-L2-C11-S02,,0,9/26/2025,sa
FP-SP,FBIC-BLDG8,A2,A2-L2-C12-S01,,0,9/26/2025,sa
FP-SP,FBIC-BLDG8,A2,A2-L2-C12-S02,,0,9/26/2025,sa
FP-SP,FBIC-BLDG8,A2,A2-L2-C13-S01,,0,9/26/2025,sa
FP-SP,FBIC-BLDG8,A2,A2-L2-C13-S02,,0,9/26/2025,sa
FP-SP,FBIC-BLDG8,A2,A2-L2-C14-S01,,0,9/26/2025,sa
FP-SP,FBIC-BLDG8,A2,A2-L2-C14-S02,,0,9/26/2025,sa
FP-SP,FBIC-BLDG8,A2,A2-L2-C15-S01,,0,9/26/2025,sa
FP-SP,FBIC-BLDG8,A2,A2-L2-C15-S02,,0,9/26/2025,sa
FP-SP,FBIC-BLDG8,A2,A2-L2-C16-S01,,0,9/26/2025,sa
FP-SP,FBIC-BLDG8,A2,A2-L2-C16-S02,,0,9/26/2025,sa
FP-SP,FBIC-BLDG8,A2,A2-L2-C17-S01,,0,9/26/2025,sa
FP-SP,FBIC-BLDG8,A2,A2-L2-C17-S02,,0,9/26/2025,sa
FP-SP,FBIC-BLDG8,A2,A2-L3-C01-S01,,0,9/26/2025,sa
FP-SP,FBIC-BLDG8,A2,A2-L3-C01-S02,,0,9/26/2025,sa
FP-SP,FBIC-BLDG8,A2,A2-L3-C02-S01,,0,9/26/2025,sa
FP-SP,FBIC-BLDG8,A2,A2-L3-C02-S02,,0,9/26/2025,sa
FP-SP,FBIC-BLDG8,A2,A2-L3-C03-S01,,0,9/26/2025,sa
FP-SP,FBIC-BLDG8,A2,A2-L3-C03-S02,,0,9/26/2025,sa
FP-SP,FBIC-BLDG8,A2,A2-L3-C04-S01,,0,9/26/2025,sa
FP-SP,FBIC-BLDG8,A2,A2-L3-C04-S02,,0,9/26/2025,sa
FP-SP,FBIC-BLDG8,A2,A2-L3-C05-S01,,0,9/26/2025,sa
FP-SP,FBIC-BLDG8,A2,A2-L3-C05-S02,,0,9/26/2025,sa
FP-SP,FBIC-BLDG8,A2,A2-L3-C06-S01,,0,9/26/2025,sa
FP-SP,FBIC-BLDG8,A2,A2-L3-C06-S02,,0,9/26/2025,sa
FP-SP,FBIC-BLDG8,A2,A2-L3-C07-S01,,0,9/26/2025,sa
FP-SP,FBIC-BLDG8,A2,A2-L3-C07-S02,,0,9/26/2025,sa
FP-SP,FBIC-BLDG8,A2,A2-L3-C08-S01,,0,9/26/2025,sa
FP-SP,FBIC-BLDG8,A2,A2-L3-C08-S02,,0,9/26/2025,sa
FP-SP,FBIC-BLDG8,A2,A2-L3-C09-S01,,0,9/26/2025,sa
FP-SP,FBIC-BLDG8,A2,A2-L3-C09-S02,,0,9/26/2025,sa
FP-SP,FBIC-BLDG8,A2,A2-L3-C10-S01,,0,9/26/2025,sa
FP-SP,FBIC-BLDG8,A2,A2-L3-C10-S02,,0,9/26/2025,sa
FP-SP,FBIC-BLDG8,A2,A2-L3-C11-S01,,0,9/26/2025,sa
FP-SP,FBIC-BLDG8,A2,A2-L3-C11-S02,,0,9/26/2025,sa
FP-SP,FBIC-BLDG8,A2,A2-L3-C12-S01,,0,9/26/2025,sa
FP-SP,FBIC-BLDG8,A2,A2-L3-C12-S02,,0,9/26/2025,sa
FP-SP,FBIC-BLDG8,A2,A2-L3-C13-S01,,0,9/26/2025,sa
FP-SP,FBIC-BLDG8,A2,A2-L3-C13-S02,,0,9/26/2025,sa
FP-SP,FBIC-BLDG8,A2,A2-L3-C14-S01,,0,9/26/2025,sa
FP-SP,FBIC-BLDG8,A2,A2-L3-C14-S02,,0,9/26/2025,sa
FP-SP,FBIC-BLDG8,A2,A2-L3-C15-S01,,0,9/26/2025,sa
FP-SP,FBIC-BLDG8,A2,A2-L3-C15-S02,,0,9/26/2025,sa
FP-SP,FBIC-BLDG8,A2,A2-L3-C16-S01,,0,9/26/2025,sa
FP-SP,FBIC-BLDG8,A2,A2-L3-C16-S02,,0,9/26/2025,sa
FP-SP,FBIC-BLDG8,A2,A2-L3-C17-S01,,0,9/26/2025,sa
FP-SP,FBIC-BLDG8,A2,A2-L3-C17-S02,,0,9/26/2025,sa
FP-SP,FBIC-BLDG8,A2,A2-L4-C01-S01,,0,9/26/2025,sa
FP-SP,FBIC-BLDG8,A2,A2-L4-C01-S02,,0,9/26/2025,sa
FP-SP,FBIC-BLDG8,A2,A2-L4-C02-S01,,0,9/26/2025,sa
FP-SP,FBIC-BLDG8,A2,A2-L4-C02-S02,,0,9/26/2025,sa
FP-SP,FBIC-BLDG8,A2,A2-L4-C03-S01,,0,9/26/2025,sa
FP-SP,FBIC-BLDG8,A2,A2-L4-C03-S02,,0,9/26/2025,sa
FP-SP,FBIC-BLDG8,A2,A2-L4-C04-S01,,0,9/26/2025,sa
FP-SP,FBIC-BLDG8,A2,A2-L4-C04-S02,,0,9/26/2025,sa
FP-SP,FBIC-BLDG8,A2,A2-L4-C05-S01,,0,9/26/2025,sa
FP-SP,FBIC-BLDG8,A2,A2-L4-C05-S02,,0,9/26/2025,sa
FP-SP,FBIC-BLDG8,A2,A2-L4-C06-S01,,0,9/26/2025,sa
FP-SP,FBIC-BLDG8,A2,A2-L4-C06-S02,,0,9/26/2025,sa
FP-SP,FBIC-BLDG8,A2,A2-L4-C07-S01,,0,9/26/2025,sa
FP-SP,FBIC-BLDG8,A2,A2-L4-C07-S02,,0,9/26/2025,sa
FP-SP,FBIC-BLDG8,A2,A2-L4-C08-S01,,0,9/26/2025,sa
FP-SP,FBIC-BLDG8,A2,A2-L4-C08-S02,,0,9/26/2025,sa
FP-SP,FBIC-BLDG8,A2,A2-L4-C09-S01,,0,9/26/2025,sa
FP-SP,FBIC-BLDG8,A2,A2-L4-C09-S02,,0,9/26/2025,sa
FP-SP,FBIC-BLDG8,A2,A2-L4-C10-S01,,0,9/26/2025,sa
FP-SP,FBIC-BLDG8,A2,A2-L4-C10-S02,,0,9/26/2025,sa
FP-SP,FBIC-BLDG8,A2,A2-L4-C11-S01,,0,9/26/2025,sa
FP-SP,FBIC-BLDG8,A2,A2-L4-C11-S02,,0,9/26/2025,sa
FP-SP,FBIC-BLDG8,A2,A2-L4-C12-S01,,0,9/26/2025,sa
FP-SP,FBIC-BLDG8,A2,A2-L4-C12-S02,,0,9/26/2025,sa
FP-SP,FBIC-BLDG8,A2,A2-L4-C13-S01,,0,9/26/2025,sa
FP-SP,FBIC-BLDG8,A2,A2-L4-C13-S02,,0,9/26/2025,sa
FP-SP,FBIC-BLDG8,A2,A2-L4-C14-S01,,0,9/26/2025,sa
FP-SP,FBIC-BLDG8,A2,A2-L4-C14-S02,,0,9/26/2025,sa
FP-SP,FBIC-BLDG8,A2,A2-L4-C15-S01,,0,9/26/2025,sa
FP-SP,FBIC-BLDG8,A2,A2-L4-C15-S02,,0,9/26/2025,sa
FP-SP,FBIC-BLDG8,A2,A2-L4-C16-S01,,0,9/26/2025,sa
FP-SP,FBIC-BLDG8,A2,A2-L4-C16-S02,,0,9/26/2025,sa
FP-SP,FBIC-BLDG8,A2,A2-L4-C17-S01,,0,9/26/2025,sa
FP-SP,FBIC-BLDG8,A2,A2-L4-C17-S02,,0,9/26/2025,sa
FP-SP,FBIC-BLDG8,B1,B1-L1-C01-S01,,0,9/26/2025,sa
FP-SP,FBIC-BLDG8,B1,B1-L1-C01-S02,,0,9/26/2025,sa
FP-SP,FBIC-BLDG8,B1,B1-L1-C02-S01,,0,9/26/2025,sa
FP-SP,FBIC-BLDG8,B1,B1-L1-C02-S02,,0,9/26/2025,sa
FP-SP,FBIC-BLDG8,B1,B1-L1-C03-S01,,0,9/26/2025,sa
FP-SP,FBIC-BLDG8,B1,B1-L1-C03-S02,,0,9/26/2025,sa
FP-SP,FBIC-BLDG8,B1,B1-L1-C04-S01,,0,9/26/2025,sa
FP-SP,FBIC-BLDG8,B1,B1-L1-C04-S02,,0,9/26/2025,sa
FP-SP,FBIC-BLDG8,B1,B1-L1-C05-S01,,0,9/26/2025,sa
FP-SP,FBIC-BLDG8,B1,B1-L1-C05-S02,,0,9/26/2025,sa
FP-SP,FBIC-BLDG8,B1,B1-L1-C06-S01,,0,9/26/2025,sa
FP-SP,FBIC-BLDG8,B1,B1-L1-C06-S02,,0,9/26/2025,sa
FP-SP,FBIC-BLDG8,B1,B1-L1-C07-S01,,0,9/26/2025,sa
FP-SP,FBIC-BLDG8,B1,B1-L1-C07-S02,,0,9/26/2025,sa
FP-SP,FBIC-BLDG8,B1,B1-L1-C08-S01,,0,9/26/2025,sa
FP-SP,FBIC-BLDG8,B1,B1-L1-C08-S02,,0,9/26/2025,sa
FP-SP,FBIC-BLDG8,B1,B1-L1-C09-S01,,0,9/26/2025,sa
FP-SP,FBIC-BLDG8,B1,B1-L1-C09-S02,,0,9/26/2025,sa
FP-SP,FBIC-BLDG8,B1,B1-L1-C10-S01,,0,9/26/2025,sa
FP-SP,FBIC-BLDG8,B1,B1-L1-C10-S02,,0,9/26/2025,sa
FP-SP,FBIC-BLDG8,B1,B1-L1-C11-S01,,0,9/26/2025,sa
FP-SP,FBIC-BLDG8,B1,B1-L1-C11-S02,,0,9/26/2025,sa
FP-SP,FBIC-BLDG8,B1,B1-L1-C12-S01,,0,9/26/2025,sa
FP-SP,FBIC-BLDG8,B1,B1-L1-C12-S02,,0,9/26/2025,sa
FP-SP,FBIC-BLDG8,B1,B1-L1-C13-S01,,0,9/26/2025,sa
FP-SP,FBIC-BLDG8,B1,B1-L1-C13-S02,,0,9/26/2025,sa
FP-SP,FBIC-BLDG8,B1,B1-L1-C14-S01,,0,9/26/2025,sa
FP-SP,FBIC-BLDG8,B1,B1-L1-C14-S02,,0,9/26/2025,sa
FP-SP,FBIC-BLDG8,B1,B1-L1-C15-S01,,0,9/26/2025,sa
FP-SP,FBIC-BLDG8,B1,B1-L1-C15-S02,,0,9/26/2025,sa
FP-SP,FBIC-BLDG8,B1,B1-L1-C16-S01,,0,9/26/2025,sa
FP-SP,FBIC-BLDG8,B1,B1-L1-C16-S02,,0,9/26/2025,sa
FP-SP,FBIC-BLDG8,B1,B1-L2-C01-S01,,0,9/26/2025,sa
FP-SP,FBIC-BLDG8,B1,B1-L2-C01-S02,,0,9/26/2025,sa
FP-SP,FBIC-BLDG8,B1,B1-L2-C02-S01,,0,9/26/2025,sa
FP-SP,FBIC-BLDG8,B1,B1-L2-C02-S02,,0,9/26/2025,sa
FP-SP,FBIC-BLDG8,B1,B1-L2-C03-S01,,0,9/26/2025,sa
FP-SP,FBIC-BLDG8,B1,B1-L2-C03-S02,,0,9/26/2025,sa
FP-SP,FBIC-BLDG8,B1,B1-L2-C04-S01,,0,9/26/2025,sa
FP-SP,FBIC-BLDG8,B1,B1-L2-C04-S02,,0,9/26/2025,sa
FP-SP,FBIC-BLDG8,B1,B1-L2-C05-S01,,0,9/26/2025,sa
FP-SP,FBIC-BLDG8,B1,B1-L2-C05-S02,,0,9/26/2025,sa
FP-SP,FBIC-BLDG8,B1,B1-L2-C06-S01,,0,9/26/2025,sa
FP-SP,FBIC-BLDG8,B1,B1-L2-C06-S02,,0,9/26/2025,sa
FP-SP,FBIC-BLDG8,B1,B1-L2-C07-S01,,0,9/26/2025,sa
FP-SP,FBIC-BLDG8,B1,B1-L2-C07-S02,,0,9/26/2025,sa
FP-SP,FBIC-BLDG8,B1,B1-L2-C08-S01,,0,9/26/2025,sa
FP-SP,FBIC-BLDG8,B1,B1-L2-C08-S02,,0,9/26/2025,sa
FP-SP,FBIC-BLDG8,B1,B1-L2-C09-S01,,0,9/26/2025,sa
FP-SP,FBIC-BLDG8,B1,B1-L2-C09-S02,,0,9/26/2025,sa
FP-SP,FBIC-BLDG8,B1,B1-L2-C10-S01,,0,9/26/2025,sa
FP-SP,FBIC-BLDG8,B1,B1-L2-C10-S02,,0,9/26/2025,sa
FP-SP,FBIC-BLDG8,B1,B1-L2-C11-S01,,0,9/26/2025,sa
FP-SP,FBIC-BLDG8,B1,B1-L2-C11-S02,,0,9/26/2025,sa
FP-SP,FBIC-BLDG8,B1,B1-L2-C12-S01,,0,9/26/2025,sa
FP-SP,FBIC-BLDG8,B1,B1-L2-C12-S02,,0,9/26/2025,sa
FP-SP,FBIC-BLDG8,B1,B1-L2-C13-S01,,0,9/26/2025,sa
FP-SP,FBIC-BLDG8,B1,B1-L2-C13-S02,,0,9/26/2025,sa
FP-SP,FBIC-BLDG8,B1,B1-L2-C14-S01,,0,9/26/2025,sa
FP-SP,FBIC-BLDG8,B1,B1-L2-C14-S02,,0,9/26/2025,sa
FP-SP,FBIC-BLDG8,B1,B1-L2-C15-S01,,0,9/26/2025,sa
FP-SP,FBIC-BLDG8,B1,B1-L2-C15-S02,,0,9/26/2025,sa
FP-SP,FBIC-BLDG8,B1,B1-L2-C16-S01,,0,9/26/2025,sa
FP-SP,FBIC-BLDG8,B1,B1-L2-C16-S02,,0,9/26/2025,sa
FP-SP,FBIC-BLDG8,B1,B1-L3-C01-S01,,0,9/26/2025,sa
FP-SP,FBIC-BLDG8,B1,B1-L3-C01-S02,,0,9/26/2025,sa
FP-SP,FBIC-BLDG8,B1,B1-L3-C02-S01,,0,9/26/2025,sa
FP-SP,FBIC-BLDG8,B1,B1-L3-C02-S02,,0,9/26/2025,sa
FP-SP,FBIC-BLDG8,B1,B1-L3-C03-S01,,0,9/26/2025,sa
FP-SP,FBIC-BLDG8,B1,B1-L3-C03-S02,,0,9/26/2025,sa
FP-SP,FBIC-BLDG8,B1,B1-L3-C04-S01,,0,9/26/2025,sa
FP-SP,FBIC-BLDG8,B1,B1-L3-C04-S02,,0,9/26/2025,sa
FP-SP,FBIC-BLDG8,B1,B1-L3-C05-S01,,0,9/26/2025,sa
FP-SP,FBIC-BLDG8,B1,B1-L3-C05-S02,,0,9/26/2025,sa
FP-SP,FBIC-BLDG8,B1,B1-L3-C06-S01,,0,9/26/2025,sa
FP-SP,FBIC-BLDG8,B1,B1-L3-C06-S02,,0,9/26/2025,sa
FP-SP,FBIC-BLDG8,B1,B1-L3-C07-S01,,0,9/26/2025,sa
FP-SP,FBIC-BLDG8,B1,B1-L3-C07-S02,,0,9/26/2025,sa
FP-SP,FBIC-BLDG8,B1,B1-L3-C08-S01,,0,9/26/2025,sa
FP-SP,FBIC-BLDG8,B1,B1-L3-C08-S02,,0,9/26/2025,sa
FP-SP,FBIC-BLDG8,B1,B1-L3-C09-S01,,0,9/26/2025,sa
FP-SP,FBIC-BLDG8,B1,B1-L3-C09-S02,,0,9/26/2025,sa
FP-SP,FBIC-BLDG8,B1,B1-L3-C10-S01,,0,9/26/2025,sa
FP-SP,FBIC-BLDG8,B1,B1-L3-C10-S02,,0,9/26/2025,sa
FP-SP,FBIC-BLDG8,B1,B1-L3-C11-S01,,0,9/26/2025,sa
FP-SP,FBIC-BLDG8,B1,B1-L3-C11-S02,,0,9/26/2025,sa
FP-SP,FBIC-BLDG8,B1,B1-L3-C12-S01,,0,9/26/2025,sa
FP-SP,FBIC-BLDG8,B1,B1-L3-C12-S02,,0,9/26/2025,sa
FP-SP,FBIC-BLDG8,B1,B1-L3-C13-S01,,0,9/26/2025,sa
FP-SP,FBIC-BLDG8,B1,B1-L3-C13-S02,,0,9/26/2025,sa
FP-SP,FBIC-BLDG8,B1,B1-L3-C14-S01,,0,9/26/2025,sa
FP-SP,FBIC-BLDG8,B1,B1-L3-C14-S02,,0,9/26/2025,sa
FP-SP,FBIC-BLDG8,B1,B1-L3-C15-S01,,0,9/26/2025,sa
FP-SP,FBIC-BLDG8,B1,B1-L3-C15-S02,,0,9/26/2025,sa
FP-SP,FBIC-BLDG8,B1,B1-L3-C16-S01,,0,9/26/2025,sa
FP-SP,FBIC-BLDG8,B1,B1-L3-C16-S02,,0,9/26/2025,sa
FP-SP,FBIC-BLDG8,B1,B1-L4-C01-S01,,0,9/26/2025,sa
FP-SP,FBIC-BLDG8,B1,B1-L4-C01-S02,,0,9/26/2025,sa
FP-SP,FBIC-BLDG8,B1,B1-L4-C02-S01,,0,9/26/2025,sa
FP-SP,FBIC-BLDG8,B1,B1-L4-C02-S02,,0,9/26/2025,sa
FP-SP,FBIC-BLDG8,B1,B1-L4-C03-S01,,0,9/26/2025,sa
FP-SP,FBIC-BLDG8,B1,B1-L4-C03-S02,,0,9/26/2025,sa
FP-SP,FBIC-BLDG8,B1,B1-L4-C04-S01,,0,9/26/2025,sa
FP-SP,FBIC-BLDG8,B1,B1-L4-C04-S02,,0,9/26/2025,sa
FP-SP,FBIC-BLDG8,B1,B1-L4-C05-S01,,0,9/26/2025,sa
FP-SP,FBIC-BLDG8,B1,B1-L4-C05-S02,,0,9/26/2025,sa
FP-SP,FBIC-BLDG8,B1,B1-L4-C06-S01,,0,9/26/2025,sa
FP-SP,FBIC-BLDG8,B1,B1-L4-C06-S02,,0,9/26/2025,sa
FP-SP,FBIC-BLDG8,B1,B1-L4-C07-S01,,0,9/26/2025,sa
FP-SP,FBIC-BLDG8,B1,B1-L4-C07-S02,,0,9/26/2025,sa
FP-SP,FBIC-BLDG8,B1,B1-L4-C08-S01,,0,9/26/2025,sa
FP-SP,FBIC-BLDG8,B1,B1-L4-C08-S02,,0,9/26/2025,sa
FP-SP,FBIC-BLDG8,B1,B1-L4-C09-S01,,0,9/26/2025,sa
FP-SP,FBIC-BLDG8,B1,B1-L4-C09-S02,,0,9/26/2025,sa
FP-SP,FBIC-BLDG8,B1,B1-L4-C10-S01,,0,9/26/2025,sa
FP-SP,FBIC-BLDG8,B1,B1-L4-C10-S02,,0,9/26/2025,sa
FP-SP,FBIC-BLDG8,B1,B1-L4-C11-S01,,0,9/26/2025,sa
FP-SP,FBIC-BLDG8,B1,B1-L4-C11-S02,,0,9/26/2025,sa
FP-SP,FBIC-BLDG8,B1,B1-L4-C12-S01,,0,9/26/2025,sa
FP-SP,FBIC-BLDG8,B1,B1-L4-C12-S02,,0,9/26/2025,sa
FP-SP,FBIC-BLDG8,B1,B1-L4-C13-S01,,0,9/26/2025,sa
FP-SP,FBIC-BLDG8,B1,B1-L4-C13-S02,,0,9/26/2025,sa
FP-SP,FBIC-BLDG8,B1,B1-L4-C14-S01,,0,9/26/2025,sa
FP-SP,FBIC-BLDG8,B1,B1-L4-C14-S02,,0,9/26/2025,sa
FP-SP,FBIC-BLDG8,B1,B1-L4-C15-S01,,0,9/26/2025,sa
FP-SP,FBIC-BLDG8,B1,B1-L4-C15-S02,,0,9/26/2025,sa
FP-SP,FBIC-BLDG8,B1,B1-L4-C16-S01,,0,9/26/2025,sa
FP-SP,FBIC-BLDG8,B1,B1-L4-C16-S02,,0,9/26/2025,sa
FP-SP,FBIC-BLDG8,B2,B2-L1-C01-S01,,0,9/26/2025,sa
FP-SP,FBIC-BLDG8,B2,B2-L1-C01-S02,,0,9/26/2025,sa
FP-SP,FBIC-BLDG8,B2,B2-L1-C02-S01,,0,9/26/2025,sa
FP-SP,FBIC-BLDG8,B2,B2-L1-C02-S02,,0,9/26/2025,sa
FP-SP,FBIC-BLDG8,B2,B2-L1-C03-S01,,0,9/26/2025,sa
FP-SP,FBIC-BLDG8,B2,B2-L1-C03-S02,,0,9/26/2025,sa
FP-SP,FBIC-BLDG8,B2,B2-L1-C04-S01,,0,9/26/2025,sa
FP-SP,FBIC-BLDG8,B2,B2-L1-C04-S02,,0,9/26/2025,sa
FP-SP,FBIC-BLDG8,B2,B2-L1-C05-S01,,0,9/26/2025,sa
FP-SP,FBIC-BLDG8,B2,B2-L1-C05-S02,,0,9/26/2025,sa
FP-SP,FBIC-BLDG8,B2,B2-L1-C06-S01,,0,9/26/2025,sa
FP-SP,FBIC-BLDG8,B2,B2-L1-C06-S02,,0,9/26/2025,sa
FP-SP,FBIC-BLDG8,B2,B2-L1-C07-S01,,0,9/26/2025,sa
FP-SP,FBIC-BLDG8,B2,B2-L1-C07-S02,,0,9/26/2025,sa
FP-SP,FBIC-BLDG8,B2,B2-L1-C08-S01,,0,9/26/2025,sa
FP-SP,FBIC-BLDG8,B2,B2-L1-C08-S02,,0,9/26/2025,sa
FP-SP,FBIC-BLDG8,B2,B2-L1-C09-S01,,0,9/26/2025,sa
FP-SP,FBIC-BLDG8,B2,B2-L1-C09-S02,,0,9/26/2025,sa
FP-SP,FBIC-BLDG8,B2,B2-L1-C10-S01,,0,9/26/2025,sa
FP-SP,FBIC-BLDG8,B2,B2-L1-C10-S02,,0,9/26/2025,sa
FP-SP,FBIC-BLDG8,B2,B2-L1-C11-S01,,0,9/26/2025,sa
FP-SP,FBIC-BLDG8,B2,B2-L1-C11-S02,,0,9/26/2025,sa
FP-SP,FBIC-BLDG8,B2,B2-L1-C12-S01,,0,9/26/2025,sa
FP-SP,FBIC-BLDG8,B2,B2-L1-C12-S02,,0,9/26/2025,sa
FP-SP,FBIC-BLDG8,B2,B2-L1-C13-S01,,0,9/26/2025,sa
FP-SP,FBIC-BLDG8,B2,B2-L1-C13-S02,,0,9/26/2025,sa
FP-SP,FBIC-BLDG8,B2,B2-L1-C14-S01,,0,9/26/2025,sa
FP-SP,FBIC-BLDG8,B2,B2-L1-C14-S02,,0,9/26/2025,sa
FP-SP,FBIC-BLDG8,B2,B2-L1-C15-S01,,0,9/26/2025,sa
FP-SP,FBIC-BLDG8,B2,B2-L1-C15-S02,,0,9/26/2025,sa
FP-SP,FBIC-BLDG8,B2,B2-L1-C16-S01,,0,9/26/2025,sa
FP-SP,FBIC-BLDG8,B2,B2-L1-C16-S02,,0,9/26/2025,sa
FP-SP,FBIC-BLDG8,B2,B2-L2-C01-S01,,0,9/26/2025,sa
FP-SP,FBIC-BLDG8,B2,B2-L2-C01-S02,,0,9/26/2025,sa
FP-SP,FBIC-BLDG8,B2,B2-L2-C02-S01,,0,9/26/2025,sa
FP-SP,FBIC-BLDG8,B2,B2-L2-C02-S02,,0,9/26/2025,sa
FP-SP,FBIC-BLDG8,B2,B2-L2-C03-S01,,0,9/26/2025,sa
FP-SP,FBIC-BLDG8,B2,B2-L2-C03-S02,,0,9/26/2025,sa
FP-SP,FBIC-BLDG8,B2,B2-L2-C04-S01,,0,9/26/2025,sa
FP-SP,FBIC-BLDG8,B2,B2-L2-C04-S02,,0,9/26/2025,sa
FP-SP,FBIC-BLDG8,B2,B2-L2-C05-S01,,0,9/26/2025,sa
FP-SP,FBIC-BLDG8,B2,B2-L2-C05-S02,,0,9/26/2025,sa
FP-SP,FBIC-BLDG8,B2,B2-L2-C06-S01,,0,9/26/2025,sa
FP-SP,FBIC-BLDG8,B2,B2-L2-C06-S02,,0,9/26/2025,sa
FP-SP,FBIC-BLDG8,B2,B2-L2-C07-S01,,0,9/26/2025,sa
FP-SP,FBIC-BLDG8,B2,B2-L2-C07-S02,,0,9/26/2025,sa
FP-SP,FBIC-BLDG8,B2,B2-L2-C08-S01,,0,9/26/2025,sa
FP-SP,FBIC-BLDG8,B2,B2-L2-C08-S02,,0,9/26/2025,sa
FP-SP,FBIC-BLDG8,B2,B2-L2-C09-S01,,0,9/26/2025,sa
FP-SP,FBIC-BLDG8,B2,B2-L2-C09-S02,,0,9/26/2025,sa
FP-SP,FBIC-BLDG8,B2,B2-L2-C10-S01,,0,9/26/2025,sa
FP-SP,FBIC-BLDG8,B2,B2-L2-C10-S02,,0,9/26/2025,sa
FP-SP,FBIC-BLDG8,B2,B2-L2-C11-S01,,0,9/26/2025,sa
FP-SP,FBIC-BLDG8,B2,B2-L2-C11-S02,,0,9/26/2025,sa
FP-SP,FBIC-BLDG8,B2,B2-L2-C12-S01,,0,9/26/2025,sa
FP-SP,FBIC-BLDG8,B2,B2-L2-C12-S02,,0,9/26/2025,sa
FP-SP,FBIC-BLDG8,B2,B2-L2-C13-S01,,0,9/26/2025,sa
FP-SP,FBIC-BLDG8,B2,B2-L2-C13-S02,,0,9/26/2025,sa
FP-SP,FBIC-BLDG8,B2,B2-L2-C14-S01,,0,9/26/2025,sa
FP-SP,FBIC-BLDG8,B2,B2-L2-C14-S02,,0,9/26/2025,sa
FP-SP,FBIC-BLDG8,B2,B2-L2-C15-S01,,0,9/26/2025,sa
FP-SP,FBIC-BLDG8,B2,B2-L2-C15-S02,,0,9/26/2025,sa
FP-SP,FBIC-BLDG8,B2,B2-L2-C16-S01,,0,9/26/2025,sa
FP-SP,FBIC-BLDG8,B2,B2-L2-C16-S02,,0,9/26/2025,sa
FP-SP,FBIC-BLDG8,B2,B2-L3-C01-S01,,0,9/26/2025,sa
FP-SP,FBIC-BLDG8,B2,B2-L3-C01-S02,,0,9/26/2025,sa
FP-SP,FBIC-BLDG8,B2,B2-L3-C02-S01,,0,9/26/2025,sa
FP-SP,FBIC-BLDG8,B2,B2-L3-C02-S02,,0,9/26/2025,sa
FP-SP,FBIC-BLDG8,B2,B2-L3-C03-S01,,0,9/26/2025,sa
FP-SP,FBIC-BLDG8,B2,B2-L3-C03-S02,,0,9/26/2025,sa
FP-SP,FBIC-BLDG8,B2,B2-L3-C04-S01,,0,9/26/2025,sa
FP-SP,FBIC-BLDG8,B2,B2-L3-C04-S02,,0,9/26/2025,sa
FP-SP,FBIC-BLDG8,B2,B2-L3-C05-S01,,0,9/26/2025,sa
FP-SP,FBIC-BLDG8,B2,B2-L3-C05-S02,,0,9/26/2025,sa
FP-SP,FBIC-BLDG8,B2,B2-L3-C06-S01,,0,9/26/2025,sa
FP-SP,FBIC-BLDG8,B2,B2-L3-C06-S02,,0,9/26/2025,sa
FP-SP,FBIC-BLDG8,B2,B2-L3-C07-S01,,0,9/26/2025,sa
FP-SP,FBIC-BLDG8,B2,B2-L3-C07-S02,,0,9/26/2025,sa
FP-SP,FBIC-BLDG8,B2,B2-L3-C08-S01,,0,9/26/2025,sa
FP-SP,FBIC-BLDG8,B2,B2-L3-C08-S02,,0,9/26/2025,sa
FP-SP,FBIC-BLDG8,B2,B2-L3-C09-S01,,0,9/26/2025,sa
FP-SP,FBIC-BLDG8,B2,B2-L3-C09-S02,,0,9/26/2025,sa
FP-SP,FBIC-BLDG8,B2,B2-L3-C10-S01,,0,9/26/2025,sa
FP-SP,FBIC-BLDG8,B2,B2-L3-C10-S02,,0,9/26/2025,sa
FP-SP,FBIC-BLDG8,B2,B2-L3-C11-S01,,0,9/26/2025,sa
FP-SP,FBIC-BLDG8,B2,B2-L3-C11-S02,,0,9/26/2025,sa
FP-SP,FBIC-BLDG8,B2,B2-L3-C12-S01,,0,9/26/2025,sa
FP-SP,FBIC-BLDG8,B2,B2-L3-C12-S02,,0,9/26/2025,sa
FP-SP,FBIC-BLDG8,B2,B2-L3-C13-S01,,0,9/26/2025,sa
FP-SP,FBIC-BLDG8,B2,B2-L3-C13-S02,,0,9/26/2025,sa
FP-SP,FBIC-BLDG8,B2,B2-L3-C14-S01,,0,9/26/2025,sa
FP-SP,FBIC-BLDG8,B2,B2-L3-C14-S02,,0,9/26/2025,sa
FP-SP,FBIC-BLDG8,B2,B2-L3-C15-S01,,0,9/26/2025,sa
FP-SP,FBIC-BLDG8,B2,B2-L3-C15-S02,,0,9/26/2025,sa
FP-SP,FBIC-BLDG8,B2,B2-L3-C16-S01,,0,9/26/2025,sa
FP-SP,FBIC-BLDG8,B2,B2-L3-C16-S02,,0,9/26/2025,sa
FP-SP,FBIC-BLDG8,B2,B2-L4-C01-S01,,0,9/26/2025,sa
FP-SP,FBIC-BLDG8,B2,B2-L4-C01-S02,,0,9/26/2025,sa
FP-SP,FBIC-BLDG8,B2,B2-L4-C02-S01,,0,9/26/2025,sa
FP-SP,FBIC-BLDG8,B2,B2-L4-C02-S02,,0,9/26/2025,sa
FP-SP,FBIC-BLDG8,B2,B2-L4-C03-S01,,0,9/26/2025,sa
FP-SP,FBIC-BLDG8,B2,B2-L4-C03-S02,,0,9/26/2025,sa
FP-SP,FBIC-BLDG8,B2,B2-L4-C04-S01,,0,9/26/2025,sa
FP-SP,FBIC-BLDG8,B2,B2-L4-C04-S02,,0,9/26/2025,sa
FP-SP,FBIC-BLDG8,B2,B2-L4-C05-S01,,0,9/26/2025,sa
FP-SP,FBIC-BLDG8,B2,B2-L4-C05-S02,,0,9/26/2025,sa
FP-SP,FBIC-BLDG8,B2,B2-L4-C06-S01,,0,9/26/2025,sa
FP-SP,FBIC-BLDG8,B2,B2-L4-C06-S02,,0,9/26/2025,sa
FP-SP,FBIC-BLDG8,B2,B2-L4-C07-S01,,0,9/26/2025,sa
FP-SP,FBIC-BLDG8,B2,B2-L4-C07-S02,,0,9/26/2025,sa
FP-SP,FBIC-BLDG8,B2,B2-L4-C08-S01,,0,9/26/2025,sa
FP-SP,FBIC-BLDG8,B2,B2-L4-C08-S02,,0,9/26/2025,sa
FP-SP,FBIC-BLDG8,B2,B2-L4-C09-S01,,0,9/26/2025,sa
FP-SP,FBIC-BLDG8,B2,B2-L4-C09-S02,,0,9/26/2025,sa
FP-SP,FBIC-BLDG8,B2,B2-L4-C10-S01,,0,9/26/2025,sa
FP-SP,FBIC-BLDG8,B2,B2-L4-C10-S02,,0,9/26/2025,sa
FP-SP,FBIC-BLDG8,B2,B2-L4-C11-S01,,0,9/26/2025,sa
FP-SP,FBIC-BLDG8,B2,B2-L4-C11-S02,,0,9/26/2025,sa
FP-SP,FBIC-BLDG8,B2,B2-L4-C12-S01,,0,9/26/2025,sa
FP-SP,FBIC-BLDG8,B2,B2-L4-C12-S02,,0,9/26/2025,sa
FP-SP,FBIC-BLDG8,B2,B2-L4-C13-S01,,0,9/26/2025,sa
FP-SP,FBIC-BLDG8,B2,B2-L4-C13-S02,,0,9/26/2025,sa
FP-SP,FBIC-BLDG8,B2,B2-L4-C14-S01,,0,9/26/2025,sa
FP-SP,FBIC-BLDG8,B2,B2-L4-C14-S02,,0,9/26/2025,sa
FP-SP,FBIC-BLDG8,B2,B2-L4-C15-S01,,0,9/26/2025,sa
FP-SP,FBIC-BLDG8,B2,B2-L4-C15-S02,,0,9/26/2025,sa
FP-SP,FBIC-BLDG8,B2,B2-L4-C16-S01,,0,9/26/2025,sa
FP-SP,FBIC-BLDG8,B2,B2-L4-C16-S02,,0,9/26/2025,sa
FP-SP,FBIC-BLDG8,B3,B3-L1-C01-S01,,0,9/26/2025,sa
FP-SP,FBIC-BLDG8,B3,B3-L1-C01-S02,,0,9/26/2025,sa
FP-SP,FBIC-BLDG8,B3,B3-L1-C02-S01,,0,9/26/2025,sa
FP-SP,FBIC-BLDG8,B3,B3-L1-C02-S02,,0,9/26/2025,sa
FP-SP,FBIC-BLDG8,B3,B3-L1-C03-S01,,0,9/26/2025,sa
FP-SP,FBIC-BLDG8,B3,B3-L1-C03-S02,,0,9/26/2025,sa
FP-SP,FBIC-BLDG8,B3,B3-L1-C04-S01,,0,9/26/2025,sa
FP-SP,FBIC-BLDG8,B3,B3-L1-C04-S02,,0,9/26/2025,sa
FP-SP,FBIC-BLDG8,B3,B3-L1-C05-S01,,0,9/26/2025,sa
FP-SP,FBIC-BLDG8,B3,B3-L1-C05-S02,,0,9/26/2025,sa
FP-SP,FBIC-BLDG8,B3,B3-L1-C06-S01,,0,9/26/2025,sa
FP-SP,FBIC-BLDG8,B3,B3-L1-C06-S02,,0,9/26/2025,sa
FP-SP,FBIC-BLDG8,B3,B3-L1-C07-S01,,0,9/26/2025,sa
FP-SP,FBIC-BLDG8,B3,B3-L1-C07-S02,,0,9/26/2025,sa
FP-SP,FBIC-BLDG8,B3,B3-L1-C08-S01,,0,9/26/2025,sa
FP-SP,FBIC-BLDG8,B3,B3-L1-C08-S02,,0,9/26/2025,sa
FP-SP,FBIC-BLDG8,B3,B3-L1-C09-S01,,0,9/26/2025,sa
FP-SP,FBIC-BLDG8,B3,B3-L1-C09-S02,,0,9/26/2025,sa
FP-SP,FBIC-BLDG8,B3,B3-L1-C10-S01,,0,9/26/2025,sa
FP-SP,FBIC-BLDG8,B3,B3-L1-C10-S02,,0,9/26/2025,sa
FP-SP,FBIC-BLDG8,B3,B3-L1-C11-S01,,0,9/26/2025,sa
FP-SP,FBIC-BLDG8,B3,B3-L1-C11-S02,,0,9/26/2025,sa
FP-SP,FBIC-BLDG8,B3,B3-L1-C12-S01,,0,9/26/2025,sa
FP-SP,FBIC-BLDG8,B3,B3-L1-C12-S02,,0,9/26/2025,sa
FP-SP,FBIC-BLDG8,B3,B3-L1-C13-S01,,0,9/26/2025,sa
FP-SP,FBIC-BLDG8,B3,B3-L1-C13-S02,,0,9/26/2025,sa
FP-SP,FBIC-BLDG8,B3,B3-L1-C14-S01,,0,9/26/2025,sa
FP-SP,FBIC-BLDG8,B3,B3-L1-C14-S02,,0,9/26/2025,sa
FP-SP,FBIC-BLDG8,B3,B3-L1-C15-S01,,0,9/26/2025,sa
FP-SP,FBIC-BLDG8,B3,B3-L1-C15-S02,,0,9/26/2025,sa
FP-SP,FBIC-BLDG8,B3,B3-L1-C16-S01,,0,9/26/2025,sa
FP-SP,FBIC-BLDG8,B3,B3-L1-C16-S02,,0,9/26/2025,sa
FP-SP,FBIC-BLDG8,B3,B3-L2-C01-S01,,0,9/26/2025,sa
FP-SP,FBIC-BLDG8,B3,B3-L2-C01-S02,,0,9/26/2025,sa
FP-SP,FBIC-BLDG8,B3,B3-L2-C02-S01,,0,9/26/2025,sa
FP-SP,FBIC-BLDG8,B3,B3-L2-C02-S02,,0,9/26/2025,sa
FP-SP,FBIC-BLDG8,B3,B3-L2-C03-S01,,0,9/26/2025,sa
FP-SP,FBIC-BLDG8,B3,B3-L2-C03-S02,,0,9/26/2025,sa
FP-SP,FBIC-BLDG8,B3,B3-L2-C04-S01,,0,9/26/2025,sa
FP-SP,FBIC-BLDG8,B3,B3-L2-C04-S02,,0,9/26/2025,sa
FP-SP,FBIC-BLDG8,B3,B3-L2-C05-S01,,0,9/26/2025,sa
FP-SP,FBIC-BLDG8,B3,B3-L2-C05-S02,,0,9/26/2025,sa
FP-SP,FBIC-BLDG8,B3,B3-L2-C06-S01,,0,9/26/2025,sa
FP-SP,FBIC-BLDG8,B3,B3-L2-C06-S02,,0,9/26/2025,sa
FP-SP,FBIC-BLDG8,B3,B3-L2-C07-S01,,0,9/26/2025,sa
FP-SP,FBIC-BLDG8,B3,B3-L2-C07-S02,,0,9/26/2025,sa
FP-SP,FBIC-BLDG8,B3,B3-L2-C08-S01,,0,9/26/2025,sa
FP-SP,FBIC-BLDG8,B3,B3-L2-C08-S02,,0,9/26/2025,sa
FP-SP,FBIC-BLDG8,B3,B3-L2-C09-S01,,0,9/26/2025,sa
FP-SP,FBIC-BLDG8,B3,B3-L2-C09-S02,,0,9/26/2025,sa
FP-SP,FBIC-BLDG8,B3,B3-L2-C10-S01,,0,9/26/2025,sa
FP-SP,FBIC-BLDG8,B3,B3-L2-C10-S02,,0,9/26/2025,sa
FP-SP,FBIC-BLDG8,B3,B3-L2-C11-S01,,0,9/26/2025,sa
FP-SP,FBIC-BLDG8,B3,B3-L2-C11-S02,,0,9/26/2025,sa
FP-SP,FBIC-BLDG8,B3,B3-L2-C12-S01,,0,9/26/2025,sa
FP-SP,FBIC-BLDG8,B3,B3-L2-C12-S02,,0,9/26/2025,sa
FP-SP,FBIC-BLDG8,B3,B3-L2-C13-S01,,0,9/26/2025,sa
FP-SP,FBIC-BLDG8,B3,B3-L2-C13-S02,,0,9/26/2025,sa
FP-SP,FBIC-BLDG8,B3,B3-L2-C14-S01,,0,9/26/2025,sa
FP-SP,FBIC-BLDG8,B3,B3-L2-C14-S02,,0,9/26/2025,sa
FP-SP,FBIC-BLDG8,B3,B3-L2-C15-S01,,0,9/26/2025,sa
FP-SP,FBIC-BLDG8,B3,B3-L2-C15-S02,,0,9/26/2025,sa
FP-SP,FBIC-BLDG8,B3,B3-L2-C16-S01,,0,9/26/2025,sa
FP-SP,FBIC-BLDG8,B3,B3-L2-C16-S02,,0,9/26/2025,sa
FP-SP,FBIC-BLDG8,B3,B3-L3-C01-S01,,0,9/26/2025,sa
FP-SP,FBIC-BLDG8,B3,B3-L3-C01-S02,,0,9/26/2025,sa
FP-SP,FBIC-BLDG8,B3,B3-L3-C02-S01,,0,9/26/2025,sa
FP-SP,FBIC-BLDG8,B3,B3-L3-C02-S02,,0,9/26/2025,sa
FP-SP,FBIC-BLDG8,B3,B3-L3-C03-S01,,0,9/26/2025,sa
FP-SP,FBIC-BLDG8,B3,B3-L3-C03-S02,,0,9/26/2025,sa
FP-SP,FBIC-BLDG8,B3,B3-L3-C04-S01,,0,9/26/2025,sa
FP-SP,FBIC-BLDG8,B3,B3-L3-C04-S02,,0,9/26/2025,sa
FP-SP,FBIC-BLDG8,B3,B3-L3-C05-S01,,0,9/26/2025,sa
FP-SP,FBIC-BLDG8,B3,B3-L3-C05-S02,,0,9/26/2025,sa
FP-SP,FBIC-BLDG8,B3,B3-L3-C06-S01,,0,9/26/2025,sa
FP-SP,FBIC-BLDG8,B3,B3-L3-C06-S02,,0,9/26/2025,sa
FP-SP,FBIC-BLDG8,B3,B3-L3-C07-S01,,0,9/26/2025,sa
FP-SP,FBIC-BLDG8,B3,B3-L3-C07-S02,,0,9/26/2025,sa
FP-SP,FBIC-BLDG8,B3,B3-L3-C08-S01,,0,9/26/2025,sa
FP-SP,FBIC-BLDG8,B3,B3-L3-C08-S02,,0,9/26/2025,sa
FP-SP,FBIC-BLDG8,B3,B3-L3-C09-S01,,0,9/26/2025,sa
FP-SP,FBIC-BLDG8,B3,B3-L3-C09-S02,,0,9/26/2025,sa
FP-SP,FBIC-BLDG8,B3,B3-L3-C10-S01,,0,9/26/2025,sa
FP-SP,FBIC-BLDG8,B3,B3-L3-C10-S02,,0,9/26/2025,sa
FP-SP,FBIC-BLDG8,B3,B3-L3-C11-S01,,0,9/26/2025,sa
FP-SP,FBIC-BLDG8,B3,B3-L3-C11-S02,,0,9/26/2025,sa
FP-SP,FBIC-BLDG8,B3,B3-L3-C12-S01,,0,9/26/2025,sa
FP-SP,FBIC-BLDG8,B3,B3-L3-C12-S02,,0,9/26/2025,sa
FP-SP,FBIC-BLDG8,B3,B3-L3-C13-S01,,0,9/26/2025,sa
FP-SP,FBIC-BLDG8,B3,B3-L3-C13-S02,,0,9/26/2025,sa
FP-SP,FBIC-BLDG8,B3,B3-L3-C14-S01,,0,9/26/2025,sa
FP-SP,FBIC-BLDG8,B3,B3-L3-C14-S02,,0,9/26/2025,sa
FP-SP,FBIC-BLDG8,B3,B3-L3-C15-S01,,0,9/26/2025,sa
FP-SP,FBIC-BLDG8,B3,B3-L3-C15-S02,,0,9/26/2025,sa
FP-SP,FBIC-BLDG8,B3,B3-L3-C16-S01,,0,9/26/2025,sa
FP-SP,FBIC-BLDG8,B3,B3-L3-C16-S02,,0,9/26/2025,sa
FP-SP,FBIC-BLDG8,B3,B3-L4-C01-S01,,0,9/26/2025,sa
FP-SP,FBIC-BLDG8,B3,B3-L4-C01-S02,,0,9/26/2025,sa
FP-SP,FBIC-BLDG8,B3,B3-L4-C02-S01,,0,9/26/2025,sa
FP-SP,FBIC-BLDG8,B3,B3-L4-C02-S02,,0,9/26/2025,sa
FP-SP,FBIC-BLDG8,B3,B3-L4-C03-S01,,0,9/26/2025,sa
FP-SP,FBIC-BLDG8,B3,B3-L4-C03-S02,,0,9/26/2025,sa
FP-SP,FBIC-BLDG8,B3,B3-L4-C04-S01,,0,9/26/2025,sa
FP-SP,FBIC-BLDG8,B3,B3-L4-C04-S02,,0,9/26/2025,sa
FP-SP,FBIC-BLDG8,B3,B3-L4-C05-S01,,0,9/26/2025,sa
FP-SP,FBIC-BLDG8,B3,B3-L4-C05-S02,,0,9/26/2025,sa
FP-SP,FBIC-BLDG8,B3,B3-L4-C06-S01,,0,9/26/2025,sa
FP-SP,FBIC-BLDG8,B3,B3-L4-C06-S02,,0,9/26/2025,sa
FP-SP,FBIC-BLDG8,B3,B3-L4-C07-S01,,0,9/26/2025,sa
FP-SP,FBIC-BLDG8,B3,B3-L4-C07-S02,,0,9/26/2025,sa
FP-SP,FBIC-BLDG8,B3,B3-L4-C08-S01,,0,9/26/2025,sa
FP-SP,FBIC-BLDG8,B3,B3-L4-C08-S02,,0,9/26/2025,sa
FP-SP,FBIC-BLDG8,B3,B3-L4-C09-S01,,0,9/26/2025,sa
FP-SP,FBIC-BLDG8,B3,B3-L4-C09-S02,,0,9/26/2025,sa
FP-SP,FBIC-BLDG8,B3,B3-L4-C10-S01,,0,9/26/2025,sa
FP-SP,FBIC-BLDG8,B3,B3-L4-C10-S02,,0,9/26/2025,sa
FP-SP,FBIC-BLDG8,B3,B3-L4-C11-S01,,0,9/26/2025,sa
FP-SP,FBIC-BLDG8,B3,B3-L4-C11-S02,,0,9/26/2025,sa
FP-SP,FBIC-BLDG8,B3,B3-L4-C12-S01,,0,9/26/2025,sa
FP-SP,FBIC-BLDG8,B3,B3-L4-C12-S02,,0,9/26/2025,sa
FP-SP,FBIC-BLDG8,B3,B3-L4-C13-S01,,0,9/26/2025,sa
FP-SP,FBIC-BLDG8,B3,B3-L4-C13-S02,,0,9/26/2025,sa
FP-SP,FBIC-BLDG8,B3,B3-L4-C14-S01,,0,9/26/2025,sa
FP-SP,FBIC-BLDG8,B3,B3-L4-C14-S02,,0,9/26/2025,sa
FP-SP,FBIC-BLDG8,B3,B3-L4-C15-S01,,0,9/26/2025,sa
FP-SP,FBIC-BLDG8,B3,B3-L4-C15-S02,,0,9/26/2025,sa
FP-SP,FBIC-BLDG8,B3,B3-L4-C16-S01,,0,9/26/2025,sa
FP-SP,FBIC-BLDG8,B3,B3-L4-C16-S02,,0,9/26/2025,sa
FP-SP,FBIC-BLDG8,B4,B4-L1-C01-S01,,0,9/26/2025,sa
FP-SP,FBIC-BLDG8,B4,B4-L1-C01-S02,,0,9/26/2025,sa
FP-SP,FBIC-BLDG8,B4,B4-L1-C02-S01,,0,9/26/2025,sa
FP-SP,FBIC-BLDG8,B4,B4-L1-C02-S02,,0,9/26/2025,sa
FP-SP,FBIC-BLDG8,B4,B4-L1-C03-S01,,0,9/26/2025,sa
FP-SP,FBIC-BLDG8,B4,B4-L1-C03-S02,,0,9/26/2025,sa
FP-SP,FBIC-BLDG8,B4,B4-L1-C04-S01,,0,9/26/2025,sa
FP-SP,FBIC-BLDG8,B4,B4-L1-C04-S02,,0,9/26/2025,sa
FP-SP,FBIC-BLDG8,B4,B4-L1-C05-S01,,0,9/26/2025,sa
FP-SP,FBIC-BLDG8,B4,B4-L1-C05-S02,,0,9/26/2025,sa
FP-SP,FBIC-BLDG8,B4,B4-L1-C06-S01,,0,9/26/2025,sa
FP-SP,FBIC-BLDG8,B4,B4-L1-C06-S02,,0,9/26/2025,sa
FP-SP,FBIC-BLDG8,B4,B4-L1-C07-S01,,0,9/26/2025,sa
FP-SP,FBIC-BLDG8,B4,B4-L1-C07-S02,,0,9/26/2025,sa
FP-SP,FBIC-BLDG8,B4,B4-L1-C08-S01,,0,9/26/2025,sa
FP-SP,FBIC-BLDG8,B4,B4-L1-C08-S02,,0,9/26/2025,sa
FP-SP,FBIC-BLDG8,B4,B4-L1-C09-S01,,0,9/26/2025,sa
FP-SP,FBIC-BLDG8,B4,B4-L1-C09-S02,,0,9/26/2025,sa
FP-SP,FBIC-BLDG8,B4,B4-L1-C10-S01,,0,9/26/2025,sa
FP-SP,FBIC-BLDG8,B4,B4-L1-C10-S02,,0,9/26/2025,sa
FP-SP,FBIC-BLDG8,B4,B4-L1-C11-S01,,0,9/26/2025,sa
FP-SP,FBIC-BLDG8,B4,B4-L1-C11-S02,,0,9/26/2025,sa
FP-SP,FBIC-BLDG8,B4,B4-L1-C12-S01,,0,9/26/2025,sa
FP-SP,FBIC-BLDG8,B4,B4-L1-C12-S02,,0,9/26/2025,sa
FP-SP,FBIC-BLDG8,B4,B4-L1-C13-S01,,0,9/26/2025,sa
FP-SP,FBIC-BLDG8,B4,B4-L1-C13-S02,,0,9/26/2025,sa
FP-SP,FBIC-BLDG8,B4,B4-L1-C14-S01,,0,9/26/2025,sa
FP-SP,FBIC-BLDG8,B4,B4-L1-C14-S02,,0,9/26/2025,sa
FP-SP,FBIC-BLDG8,B4,B4-L1-C15-S01,,0,9/26/2025,sa
FP-SP,FBIC-BLDG8,B4,B4-L1-C15-S02,,0,9/26/2025,sa
FP-SP,FBIC-BLDG8,B4,B4-L1-C16-S01,,0,9/26/2025,sa
FP-SP,FBIC-BLDG8,B4,B4-L1-C16-S02,,0,9/26/2025,sa
FP-SP,FBIC-BLDG8,B4,B4-L2-C01-S01,,0,9/26/2025,sa
FP-SP,FBIC-BLDG8,B4,B4-L2-C01-S02,,0,9/26/2025,sa
FP-SP,FBIC-BLDG8,B4,B4-L2-C02-S01,,0,9/26/2025,sa
FP-SP,FBIC-BLDG8,B4,B4-L2-C02-S02,,0,9/26/2025,sa
FP-SP,FBIC-BLDG8,B4,B4-L2-C03-S01,,0,9/26/2025,sa
FP-SP,FBIC-BLDG8,B4,B4-L2-C03-S02,,0,9/26/2025,sa
FP-SP,FBIC-BLDG8,B4,B4-L2-C04-S01,,0,9/26/2025,sa
FP-SP,FBIC-BLDG8,B4,B4-L2-C04-S02,,0,9/26/2025,sa
FP-SP,FBIC-BLDG8,B4,B4-L2-C05-S01,,0,9/26/2025,sa
FP-SP,FBIC-BLDG8,B4,B4-L2-C05-S02,,0,9/26/2025,sa
FP-SP,FBIC-BLDG8,B4,B4-L2-C06-S01,,0,9/26/2025,sa
FP-SP,FBIC-BLDG8,B4,B4-L2-C06-S02,,0,9/26/2025,sa
FP-SP,FBIC-BLDG8,B4,B4-L2-C07-S01,,0,9/26/2025,sa
FP-SP,FBIC-BLDG8,B4,B4-L2-C07-S02,,0,9/26/2025,sa
FP-SP,FBIC-BLDG8,B4,B4-L2-C08-S01,,0,9/26/2025,sa
FP-SP,FBIC-BLDG8,B4,B4-L2-C08-S02,,0,9/26/2025,sa
FP-SP,FBIC-BLDG8,B4,B4-L2-C09-S01,,0,9/26/2025,sa
FP-SP,FBIC-BLDG8,B4,B4-L2-C09-S02,,0,9/26/2025,sa
FP-SP,FBIC-BLDG8,B4,B4-L2-C10-S01,,0,9/26/2025,sa
FP-SP,FBIC-BLDG8,B4,B4-L2-C10-S02,,0,9/26/2025,sa
FP-SP,FBIC-BLDG8,B4,B4-L2-C11-S01,,0,9/26/2025,sa
FP-SP,FBIC-BLDG8,B4,B4-L2-C11-S02,,0,9/26/2025,sa
FP-SP,FBIC-BLDG8,B4,B4-L2-C12-S01,,0,9/26/2025,sa
FP-SP,FBIC-BLDG8,B4,B4-L2-C12-S02,,0,9/26/2025,sa
FP-SP,FBIC-BLDG8,B4,B4-L2-C13-S01,,0,9/26/2025,sa
FP-SP,FBIC-BLDG8,B4,B4-L2-C13-S02,,0,9/26/2025,sa
FP-SP,FBIC-BLDG8,B4,B4-L2-C14-S01,,0,9/26/2025,sa
FP-SP,FBIC-BLDG8,B4,B4-L2-C14-S02,,0,9/26/2025,sa
FP-SP,FBIC-BLDG8,B4,B4-L2-C15-S01,,0,9/26/2025,sa
FP-SP,FBIC-BLDG8,B4,B4-L2-C15-S02,,0,9/26/2025,sa
FP-SP,FBIC-BLDG8,B4,B4-L2-C16-S01,,0,9/26/2025,sa
FP-SP,FBIC-BLDG8,B4,B4-L2-C16-S02,,0,9/26/2025,sa
FP-SP,FBIC-BLDG8,B4,B4-L3-C01-S01,,0,9/26/2025,sa
FP-SP,FBIC-BLDG8,B4,B4-L3-C01-S02,,0,9/26/2025,sa
FP-SP,FBIC-BLDG8,B4,B4-L3-C02-S01,,0,9/26/2025,sa
FP-SP,FBIC-BLDG8,B4,B4-L3-C02-S02,,0,9/26/2025,sa
FP-SP,FBIC-BLDG8,B4,B4-L3-C03-S01,,0,9/26/2025,sa
FP-SP,FBIC-BLDG8,B4,B4-L3-C03-S02,,0,9/26/2025,sa
FP-SP,FBIC-BLDG8,B4,B4-L3-C04-S01,,0,9/26/2025,sa
FP-SP,FBIC-BLDG8,B4,B4-L3-C04-S02,,0,9/26/2025,sa
FP-SP,FBIC-BLDG8,B4,B4-L3-C05-S01,,0,9/26/2025,sa
FP-SP,FBIC-BLDG8,B4,B4-L3-C05-S02,,0,9/26/2025,sa
FP-SP,FBIC-BLDG8,B4,B4-L3-C06-S01,,0,9/26/2025,sa
FP-SP,FBIC-BLDG8,B4,B4-L3-C06-S02,,0,9/26/2025,sa
FP-SP,FBIC-BLDG8,B4,B4-L3-C07-S01,,0,9/26/2025,sa
FP-SP,FBIC-BLDG8,B4,B4-L3-C07-S02,,0,9/26/2025,sa
FP-SP,FBIC-BLDG8,B4,B4-L3-C08-S01,,0,9/26/2025,sa
FP-SP,FBIC-BLDG8,B4,B4-L3-C08-S02,,0,9/26/2025,sa
FP-SP,FBIC-BLDG8,B4,B4-L3-C09-S01,,0,9/26/2025,sa
FP-SP,FBIC-BLDG8,B4,B4-L3-C09-S02,,0,9/26/2025,sa
FP-SP,FBIC-BLDG8,B4,B4-L3-C10-S01,,0,9/26/2025,sa
FP-SP,FBIC-BLDG8,B4,B4-L3-C10-S02,,0,9/26/2025,sa
FP-SP,FBIC-BLDG8,B4,B4-L3-C11-S01,,0,9/26/2025,sa
FP-SP,FBIC-BLDG8,B4,B4-L3-C11-S02,,0,9/26/2025,sa
FP-SP,FBIC-BLDG8,B4,B4-L3-C12-S01,,0,9/26/2025,sa
FP-SP,FBIC-BLDG8,B4,B4-L3-C12-S02,,0,9/26/2025,sa
FP-SP,FBIC-BLDG8,B4,B4-L3-C13-S01,,0,9/26/2025,sa
FP-SP,FBIC-BLDG8,B4,B4-L3-C13-S02,,0,9/26/2025,sa
FP-SP,FBIC-BLDG8,B4,B4-L3-C14-S01,,0,9/26/2025,sa
FP-SP,FBIC-BLDG8,B4,B4-L3-C14-S02,,0,9/26/2025,sa
FP-SP,FBIC-BLDG8,B4,B4-L3-C15-S01,,0,9/26/2025,sa
FP-SP,FBIC-BLDG8,B4,B4-L3-C15-S02,,0,9/26/2025,sa
FP-SP,FBIC-BLDG8,B4,B4-L3-C16-S01,,0,9/26/2025,sa
FP-SP,FBIC-BLDG8,B4,B4-L3-C16-S02,,0,9/26/2025,sa
FP-SP,FBIC-BLDG8,B4,B4-L4-C01-S01,,0,9/26/2025,sa
FP-SP,FBIC-BLDG8,B4,B4-L4-C01-S02,,0,9/26/2025,sa
FP-SP,FBIC-BLDG8,B4,B4-L4-C02-S01,,0,9/26/2025,sa
FP-SP,FBIC-BLDG8,B4,B4-L4-C02-S02,,0,9/26/2025,sa
FP-SP,FBIC-BLDG8,B4,B4-L4-C03-S01,,0,9/26/2025,sa
FP-SP,FBIC-BLDG8,B4,B4-L4-C03-S02,,0,9/26/2025,sa
FP-SP,FBIC-BLDG8,B4,B4-L4-C04-S01,,0,9/26/2025,sa
FP-SP,FBIC-BLDG8,B4,B4-L4-C04-S02,,0,9/26/2025,sa
FP-SP,FBIC-BLDG8,B4,B4-L4-C05-S01,,0,9/26/2025,sa
FP-SP,FBIC-BLDG8,B4,B4-L4-C05-S02,,0,9/26/2025,sa
FP-SP,FBIC-BLDG8,B4,B4-L4-C06-S01,,0,9/26/2025,sa
FP-SP,FBIC-BLDG8,B4,B4-L4-C06-S02,,0,9/26/2025,sa
FP-SP,FBIC-BLDG8,B4,B4-L4-C07-S01,,0,9/26/2025,sa
FP-SP,FBIC-BLDG8,B4,B4-L4-C07-S02,,0,9/26/2025,sa
FP-SP,FBIC-BLDG8,B4,B4-L4-C08-S01,,0,9/26/2025,sa
FP-SP,FBIC-BLDG8,B4,B4-L4-C08-S02,,0,9/26/2025,sa
FP-SP,FBIC-BLDG8,B4,B4-L4-C09-S01,,0,9/26/2025,sa
FP-SP,FBIC-BLDG8,B4,B4-L4-C09-S02,,0,9/26/2025,sa
FP-SP,FBIC-BLDG8,B4,B4-L4-C10-S01,,0,9/26/2025,sa
FP-SP,FBIC-BLDG8,B4,B4-L4-C10-S02,,0,9/26/2025,sa
FP-SP,FBIC-BLDG8,B4,B4-L4-C11-S01,,0,9/26/2025,sa
FP-SP,FBIC-BLDG8,B4,B4-L4-C11-S02,,0,9/26/2025,sa
FP-SP,FBIC-BLDG8,B4,B4-L4-C12-S01,,0,9/26/2025,sa
FP-SP,FBIC-BLDG8,B4,B4-L4-C12-S02,,0,9/26/2025,sa
FP-SP,FBIC-BLDG8,B4,B4-L4-C13-S01,,0,9/26/2025,sa
FP-SP,FBIC-BLDG8,B4,B4-L4-C13-S02,,0,9/26/2025,sa
FP-SP,FBIC-BLDG8,B4,B4-L4-C14-S01,,0,9/26/2025,sa
FP-SP,FBIC-BLDG8,B4,B4-L4-C14-S02,,0,9/26/2025,sa
FP-SP,FBIC-BLDG8,B4,B4-L4-C15-S01,,0,9/26/2025,sa
FP-SP,FBIC-BLDG8,B4,B4-L4-C15-S02,,0,9/26/2025,sa
FP-SP,FBIC-BLDG8,B4,B4-L4-C16-S01,,0,9/26/2025,sa
FP-SP,FBIC-BLDG8,B4,B4-L4-C16-S02,,0,9/26/2025,sa
FP-SP,FBIC-BLDG8,C1,C1-L1-C01-S01,,0,9/26/2025,sa
FP-SP,FBIC-BLDG8,C1,C1-L1-C01-S02,,0,9/26/2025,sa
FP-SP,FBIC-BLDG8,C1,C1-L1-C02-S01,,0,9/26/2025,sa
FP-SP,FBIC-BLDG8,C1,C1-L1-C02-S02,,0,9/26/2025,sa
FP-SP,FBIC-BLDG8,C1,C1-L1-C03-S01,,0,9/26/2025,sa
FP-SP,FBIC-BLDG8,C1,C1-L1-C03-S02,,0,9/26/2025,sa
FP-SP,FBIC-BLDG8,C1,C1-L1-C04-S01,,0,9/26/2025,sa
FP-SP,FBIC-BLDG8,C1,C1-L1-C04-S02,,0,9/26/2025,sa
FP-SP,FBIC-BLDG8,C1,C1-L1-C05-S01,,0,9/26/2025,sa
FP-SP,FBIC-BLDG8,C1,C1-L1-C05-S02,,0,9/26/2025,sa
FP-SP,FBIC-BLDG8,C1,C1-L1-C06-S01,,0,9/26/2025,sa
FP-SP,FBIC-BLDG8,C1,C1-L1-C06-S02,,0,9/26/2025,sa
FP-SP,FBIC-BLDG8,C1,C1-L1-C07-S01,,0,9/26/2025,sa
FP-SP,FBIC-BLDG8,C1,C1-L1-C07-S02,,0,9/26/2025,sa
FP-SP,FBIC-BLDG8,C1,C1-L1-C08-S01,,0,9/26/2025,sa
FP-SP,FBIC-BLDG8,C1,C1-L1-C08-S02,,0,9/26/2025,sa
FP-SP,FBIC-BLDG8,C1,C1-L1-C09-S01,,0,9/26/2025,sa
FP-SP,FBIC-BLDG8,C1,C1-L1-C09-S02,,0,9/26/2025,sa
FP-SP,FBIC-BLDG8,C1,C1-L1-C10-S01,,0,9/26/2025,sa
FP-SP,FBIC-BLDG8,C1,C1-L1-C10-S02,,0,9/26/2025,sa
FP-SP,FBIC-BLDG8,C1,C1-L1-C11-S01,,0,9/26/2025,sa
FP-SP,FBIC-BLDG8,C1,C1-L1-C11-S02,,0,9/26/2025,sa
FP-SP,FBIC-BLDG8,C1,C1-L1-C12-S01,,0,9/26/2025,sa
FP-SP,FBIC-BLDG8,C1,C1-L1-C12-S02,,0,9/26/2025,sa
FP-SP,FBIC-BLDG8,C1,C1-L1-C13-S01,,0,9/26/2025,sa
FP-SP,FBIC-BLDG8,C1,C1-L1-C13-S02,,0,9/26/2025,sa
FP-SP,FBIC-BLDG8,C1,C1-L1-C14-S01,,0,9/26/2025,sa
FP-SP,FBIC-BLDG8,C1,C1-L1-C14-S02,,0,9/26/2025,sa
FP-SP,FBIC-BLDG8,C1,C1-L1-C15-S01,,0,9/26/2025,sa
FP-SP,FBIC-BLDG8,C1,C1-L1-C15-S02,,0,9/26/2025,sa
FP-SP,FBIC-BLDG8,C1,C1-L1-C16-S01,,0,9/26/2025,sa
FP-SP,FBIC-BLDG8,C1,C1-L1-C16-S02,,0,9/26/2025,sa
FP-SP,FBIC-BLDG8,C1,C1-L2-C01-S01,,0,9/26/2025,sa
FP-SP,FBIC-BLDG8,C1,C1-L2-C01-S02,,0,9/26/2025,sa
FP-SP,FBIC-BLDG8,C1,C1-L2-C02-S01,,0,9/26/2025,sa
FP-SP,FBIC-BLDG8,C1,C1-L2-C02-S02,,0,9/26/2025,sa
FP-SP,FBIC-BLDG8,C1,C1-L2-C03-S01,,0,9/26/2025,sa
FP-SP,FBIC-BLDG8,C1,C1-L2-C03-S02,,0,9/26/2025,sa
FP-SP,FBIC-BLDG8,C1,C1-L2-C04-S01,,0,9/26/2025,sa
FP-SP,FBIC-BLDG8,C1,C1-L2-C04-S02,,0,9/26/2025,sa
FP-SP,FBIC-BLDG8,C1,C1-L2-C05-S01,,0,9/26/2025,sa
FP-SP,FBIC-BLDG8,C1,C1-L2-C05-S02,,0,9/26/2025,sa
FP-SP,FBIC-BLDG8,C1,C1-L2-C06-S01,,0,9/26/2025,sa
FP-SP,FBIC-BLDG8,C1,C1-L2-C06-S02,,0,9/26/2025,sa
FP-SP,FBIC-BLDG8,C1,C1-L2-C07-S01,,0,9/26/2025,sa
FP-SP,FBIC-BLDG8,C1,C1-L2-C07-S02,,0,9/26/2025,sa
FP-SP,FBIC-BLDG8,C1,C1-L2-C08-S01,,0,9/26/2025,sa
FP-SP,FBIC-BLDG8,C1,C1-L2-C08-S02,,0,9/26/2025,sa
FP-SP,FBIC-BLDG8,C1,C1-L2-C09-S01,,0,9/26/2025,sa
FP-SP,FBIC-BLDG8,C1,C1-L2-C09-S02,,0,9/26/2025,sa
FP-SP,FBIC-BLDG8,C1,C1-L2-C10-S01,,0,9/26/2025,sa
FP-SP,FBIC-BLDG8,C1,C1-L2-C10-S02,,0,9/26/2025,sa
FP-SP,FBIC-BLDG8,C1,C1-L2-C11-S01,,0,9/26/2025,sa
FP-SP,FBIC-BLDG8,C1,C1-L2-C11-S02,,0,9/26/2025,sa
FP-SP,FBIC-BLDG8,C1,C1-L2-C12-S01,,0,9/26/2025,sa
FP-SP,FBIC-BLDG8,C1,C1-L2-C12-S02,,0,9/26/2025,sa
FP-SP,FBIC-BLDG8,C1,C1-L2-C13-S01,,0,9/26/2025,sa
FP-SP,FBIC-BLDG8,C1,C1-L2-C13-S02,,0,9/26/2025,sa
FP-SP,FBIC-BLDG8,C1,C1-L2-C14-S01,,0,9/26/2025,sa
FP-SP,FBIC-BLDG8,C1,C1-L2-C14-S02,,0,9/26/2025,sa
FP-SP,FBIC-BLDG8,C1,C1-L2-C15-S01,,0,9/26/2025,sa
FP-SP,FBIC-BLDG8,C1,C1-L2-C15-S02,,0,9/26/2025,sa
FP-SP,FBIC-BLDG8,C1,C1-L2-C16-S01,,0,9/26/2025,sa
FP-SP,FBIC-BLDG8,C1,C1-L2-C16-S02,,0,9/26/2025,sa
FP-SP,FBIC-BLDG8,C1,C1-L3-C01-S01,,0,9/26/2025,sa
FP-SP,FBIC-BLDG8,C1,C1-L3-C01-S02,,0,9/26/2025,sa
FP-SP,FBIC-BLDG8,C1,C1-L3-C02-S01,,0,9/26/2025,sa
FP-SP,FBIC-BLDG8,C1,C1-L3-C02-S02,,0,9/26/2025,sa
FP-SP,FBIC-BLDG8,C1,C1-L3-C03-S01,,0,9/26/2025,sa
FP-SP,FBIC-BLDG8,C1,C1-L3-C03-S02,,0,9/26/2025,sa
FP-SP,FBIC-BLDG8,C1,C1-L3-C04-S01,,0,9/26/2025,sa
FP-SP,FBIC-BLDG8,C1,C1-L3-C04-S02,,0,9/26/2025,sa
FP-SP,FBIC-BLDG8,C1,C1-L3-C05-S01,,0,9/26/2025,sa
FP-SP,FBIC-BLDG8,C1,C1-L3-C05-S02,,0,9/26/2025,sa
FP-SP,FBIC-BLDG8,C1,C1-L3-C06-S01,,0,9/26/2025,sa
FP-SP,FBIC-BLDG8,C1,C1-L3-C06-S02,,0,9/26/2025,sa
FP-SP,FBIC-BLDG8,C1,C1-L3-C07-S01,,0,9/26/2025,sa
FP-SP,FBIC-BLDG8,C1,C1-L3-C07-S02,,0,9/26/2025,sa
FP-SP,FBIC-BLDG8,C1,C1-L3-C08-S01,,0,9/26/2025,sa
FP-SP,FBIC-BLDG8,C1,C1-L3-C08-S02,,0,9/26/2025,sa
FP-SP,FBIC-BLDG8,C1,C1-L3-C09-S01,,0,9/26/2025,sa
FP-SP,FBIC-BLDG8,C1,C1-L3-C09-S02,,0,9/26/2025,sa
FP-SP,FBIC-BLDG8,C1,C1-L3-C10-S01,,0,9/26/2025,sa
FP-SP,FBIC-BLDG8,C1,C1-L3-C10-S02,,0,9/26/2025,sa
FP-SP,FBIC-BLDG8,C1,C1-L3-C11-S01,,0,9/26/2025,sa
FP-SP,FBIC-BLDG8,C1,C1-L3-C11-S02,,0,9/26/2025,sa
FP-SP,FBIC-BLDG8,C1,C1-L3-C12-S01,,0,9/26/2025,sa
FP-SP,FBIC-BLDG8,C1,C1-L3-C12-S02,,0,9/26/2025,sa
FP-SP,FBIC-BLDG8,C1,C1-L3-C13-S01,,0,9/26/2025,sa
FP-SP,FBIC-BLDG8,C1,C1-L3-C13-S02,,0,9/26/2025,sa
FP-SP,FBIC-BLDG8,C1,C1-L3-C14-S01,,0,9/26/2025,sa
FP-SP,FBIC-BLDG8,C1,C1-L3-C14-S02,,0,9/26/2025,sa
FP-SP,FBIC-BLDG8,C1,C1-L3-C15-S01,,0,9/26/2025,sa
FP-SP,FBIC-BLDG8,C1,C1-L3-C15-S02,,0,9/26/2025,sa
FP-SP,FBIC-BLDG8,C1,C1-L3-C16-S01,,0,9/26/2025,sa
FP-SP,FBIC-BLDG8,C1,C1-L3-C16-S02,,0,9/26/2025,sa
FP-SP,FBIC-BLDG8,C1,C1-L4-C01-S01,,0,9/26/2025,sa
FP-SP,FBIC-BLDG8,C1,C1-L4-C01-S02,,0,9/26/2025,sa
FP-SP,FBIC-BLDG8,C1,C1-L4-C02-S01,,0,9/26/2025,sa
FP-SP,FBIC-BLDG8,C1,C1-L4-C02-S02,,0,9/26/2025,sa
FP-SP,FBIC-BLDG8,C1,C1-L4-C03-S01,,0,9/26/2025,sa
FP-SP,FBIC-BLDG8,C1,C1-L4-C03-S02,,0,9/26/2025,sa
FP-SP,FBIC-BLDG8,C1,C1-L4-C04-S01,,0,9/26/2025,sa
FP-SP,FBIC-BLDG8,C1,C1-L4-C04-S02,,0,9/26/2025,sa
FP-SP,FBIC-BLDG8,C1,C1-L4-C05-S01,,0,9/26/2025,sa
FP-SP,FBIC-BLDG8,C1,C1-L4-C05-S02,,0,9/26/2025,sa
FP-SP,FBIC-BLDG8,C1,C1-L4-C06-S01,,0,9/26/2025,sa
FP-SP,FBIC-BLDG8,C1,C1-L4-C06-S02,,0,9/26/2025,sa
FP-SP,FBIC-BLDG8,C1,C1-L4-C07-S01,,0,9/26/2025,sa
FP-SP,FBIC-BLDG8,C1,C1-L4-C07-S02,,0,9/26/2025,sa
FP-SP,FBIC-BLDG8,C1,C1-L4-C08-S01,,0,9/26/2025,sa
FP-SP,FBIC-BLDG8,C1,C1-L4-C08-S02,,0,9/26/2025,sa
FP-SP,FBIC-BLDG8,C1,C1-L4-C09-S01,,0,9/26/2025,sa
FP-SP,FBIC-BLDG8,C1,C1-L4-C09-S02,,0,9/26/2025,sa
FP-SP,FBIC-BLDG8,C1,C1-L4-C10-S01,,0,9/26/2025,sa
FP-SP,FBIC-BLDG8,C1,C1-L4-C10-S02,,0,9/26/2025,sa
FP-SP,FBIC-BLDG8,C1,C1-L4-C11-S01,,0,9/26/2025,sa
FP-SP,FBIC-BLDG8,C1,C1-L4-C11-S02,,0,9/26/2025,sa
FP-SP,FBIC-BLDG8,C1,C1-L4-C12-S01,,0,9/26/2025,sa
FP-SP,FBIC-BLDG8,C1,C1-L4-C12-S02,,0,9/26/2025,sa
FP-SP,FBIC-BLDG8,C1,C1-L4-C13-S01,,0,9/26/2025,sa
FP-SP,FBIC-BLDG8,C1,C1-L4-C13-S02,,0,9/26/2025,sa
FP-SP,FBIC-BLDG8,C1,C1-L4-C14-S01,,0,9/26/2025,sa
FP-SP,FBIC-BLDG8,C1,C1-L4-C14-S02,,0,9/26/2025,sa
FP-SP,FBIC-BLDG8,C1,C1-L4-C15-S01,,0,9/26/2025,sa
FP-SP,FBIC-BLDG8,C1,C1-L4-C15-S02,,0,9/26/2025,sa
FP-SP,FBIC-BLDG8,C1,C1-L4-C16-S01,,0,9/26/2025,sa
FP-SP,FBIC-BLDG8,C1,C1-L4-C16-S02,,0,9/26/2025,sa
FP-SP,FBIC-BLDG8,C2,C2-L1-C01-S01,,0,9/26/2025,sa
FP-SP,FBIC-BLDG8,C2,C2-L1-C01-S02,,0,9/26/2025,sa
FP-SP,FBIC-BLDG8,C2,C2-L1-C02-S01,,0,9/26/2025,sa
FP-SP,FBIC-BLDG8,C2,C2-L1-C02-S02,,0,9/26/2025,sa
FP-SP,FBIC-BLDG8,C2,C2-L1-C03-S01,,0,9/26/2025,sa
FP-SP,FBIC-BLDG8,C2,C2-L1-C03-S02,,0,9/26/2025,sa
FP-SP,FBIC-BLDG8,C2,C2-L1-C04-S01,,0,9/26/2025,sa
FP-SP,FBIC-BLDG8,C2,C2-L1-C04-S02,,0,9/26/2025,sa
FP-SP,FBIC-BLDG8,C2,C2-L1-C05-S01,,0,9/26/2025,sa
FP-SP,FBIC-BLDG8,C2,C2-L1-C05-S02,,0,9/26/2025,sa
FP-SP,FBIC-BLDG8,C2,C2-L1-C06-S01,,0,9/26/2025,sa
FP-SP,FBIC-BLDG8,C2,C2-L1-C06-S02,,0,9/26/2025,sa
FP-SP,FBIC-BLDG8,C2,C2-L1-C07-S01,,0,9/26/2025,sa
FP-SP,FBIC-BLDG8,C2,C2-L1-C07-S02,,0,9/26/2025,sa
FP-SP,FBIC-BLDG8,C2,C2-L1-C08-S01,,0,9/26/2025,sa
FP-SP,FBIC-BLDG8,C2,C2-L1-C08-S02,,0,9/26/2025,sa
FP-SP,FBIC-BLDG8,C2,C2-L1-C09-S01,,0,9/26/2025,sa
FP-SP,FBIC-BLDG8,C2,C2-L1-C09-S02,,0,9/26/2025,sa
FP-SP,FBIC-BLDG8,C2,C2-L1-C10-S01,,0,9/26/2025,sa
FP-SP,FBIC-BLDG8,C2,C2-L1-C10-S02,,0,9/26/2025,sa
FP-SP,FBIC-BLDG8,C2,C2-L1-C11-S01,,0,9/26/2025,sa
FP-SP,FBIC-BLDG8,C2,C2-L1-C11-S02,,0,9/26/2025,sa
FP-SP,FBIC-BLDG8,C2,C2-L1-C12-S01,,0,9/26/2025,sa
FP-SP,FBIC-BLDG8,C2,C2-L1-C12-S02,,0,9/26/2025,sa
FP-SP,FBIC-BLDG8,C2,C2-L1-C13-S01,,0,9/26/2025,sa
FP-SP,FBIC-BLDG8,C2,C2-L1-C13-S02,,0,9/26/2025,sa
FP-SP,FBIC-BLDG8,C2,C2-L1-C14-S01,,0,9/26/2025,sa
FP-SP,FBIC-BLDG8,C2,C2-L1-C14-S02,,0,9/26/2025,sa
FP-SP,FBIC-BLDG8,C2,C2-L1-C15-S01,,0,9/26/2025,sa
FP-SP,FBIC-BLDG8,C2,C2-L1-C15-S02,,0,9/26/2025,sa
FP-SP,FBIC-BLDG8,C2,C2-L1-C16-S01,,0,9/26/2025,sa
FP-SP,FBIC-BLDG8,C2,C2-L1-C16-S02,,0,9/26/2025,sa
FP-SP,FBIC-BLDG8,C2,C2-L2-C01-S01,,0,9/26/2025,sa
FP-SP,FBIC-BLDG8,C2,C2-L2-C01-S02,,0,9/26/2025,sa
FP-SP,FBIC-BLDG8,C2,C2-L2-C02-S01,,0,9/26/2025,sa
FP-SP,FBIC-BLDG8,C2,C2-L2-C02-S02,,0,9/26/2025,sa
FP-SP,FBIC-BLDG8,C2,C2-L2-C03-S01,,0,9/26/2025,sa
FP-SP,FBIC-BLDG8,C2,C2-L2-C03-S02,,0,9/26/2025,sa
FP-SP,FBIC-BLDG8,C2,C2-L2-C04-S01,,0,9/26/2025,sa
FP-SP,FBIC-BLDG8,C2,C2-L2-C04-S02,,0,9/26/2025,sa
FP-SP,FBIC-BLDG8,C2,C2-L2-C05-S01,,0,9/26/2025,sa
FP-SP,FBIC-BLDG8,C2,C2-L2-C05-S02,,0,9/26/2025,sa
FP-SP,FBIC-BLDG8,C2,C2-L2-C06-S01,,0,9/26/2025,sa
FP-SP,FBIC-BLDG8,C2,C2-L2-C06-S02,,0,9/26/2025,sa
FP-SP,FBIC-BLDG8,C2,C2-L2-C07-S01,,0,9/26/2025,sa
FP-SP,FBIC-BLDG8,C2,C2-L2-C07-S02,,0,9/26/2025,sa
FP-SP,FBIC-BLDG8,C2,C2-L2-C08-S01,,0,9/26/2025,sa
FP-SP,FBIC-BLDG8,C2,C2-L2-C08-S02,,0,9/26/2025,sa
FP-SP,FBIC-BLDG8,C2,C2-L2-C09-S01,,0,9/26/2025,sa
FP-SP,FBIC-BLDG8,C2,C2-L2-C09-S02,,0,9/26/2025,sa
FP-SP,FBIC-BLDG8,C2,C2-L2-C10-S01,,0,9/26/2025,sa
FP-SP,FBIC-BLDG8,C2,C2-L2-C10-S02,,0,9/26/2025,sa
FP-SP,FBIC-BLDG8,C2,C2-L2-C11-S01,,0,9/26/2025,sa
FP-SP,FBIC-BLDG8,C2,C2-L2-C11-S02,,0,9/26/2025,sa
FP-SP,FBIC-BLDG8,C2,C2-L2-C12-S01,,0,9/26/2025,sa
FP-SP,FBIC-BLDG8,C2,C2-L2-C12-S02,,0,9/26/2025,sa
FP-SP,FBIC-BLDG8,C2,C2-L2-C13-S01,,0,9/26/2025,sa
FP-SP,FBIC-BLDG8,C2,C2-L2-C13-S02,,0,9/26/2025,sa
FP-SP,FBIC-BLDG8,C2,C2-L2-C14-S01,,0,9/26/2025,sa
FP-SP,FBIC-BLDG8,C2,C2-L2-C14-S02,,0,9/26/2025,sa
FP-SP,FBIC-BLDG8,C2,C2-L2-C15-S01,,0,9/26/2025,sa
FP-SP,FBIC-BLDG8,C2,C2-L2-C15-S02,,0,9/26/2025,sa
FP-SP,FBIC-BLDG8,C2,C2-L2-C16-S01,,0,9/26/2025,sa
FP-SP,FBIC-BLDG8,C2,C2-L2-C16-S02,,0,9/26/2025,sa
FP-SP,FBIC-BLDG8,C2,C2-L3-C01-S01,,0,9/26/2025,sa
FP-SP,FBIC-BLDG8,C2,C2-L3-C01-S02,,0,9/26/2025,sa
FP-SP,FBIC-BLDG8,C2,C2-L3-C02-S01,,0,9/26/2025,sa
FP-SP,FBIC-BLDG8,C2,C2-L3-C02-S02,,0,9/26/2025,sa
FP-SP,FBIC-BLDG8,C2,C2-L3-C03-S01,,0,9/26/2025,sa
FP-SP,FBIC-BLDG8,C2,C2-L3-C03-S02,,0,9/26/2025,sa
FP-SP,FBIC-BLDG8,C2,C2-L3-C04-S01,,0,9/26/2025,sa
FP-SP,FBIC-BLDG8,C2,C2-L3-C04-S02,,0,9/26/2025,sa
FP-SP,FBIC-BLDG8,C2,C2-L3-C05-S01,,0,9/26/2025,sa
FP-SP,FBIC-BLDG8,C2,C2-L3-C05-S02,,0,9/26/2025,sa
FP-SP,FBIC-BLDG8,C2,C2-L3-C06-S01,,0,9/26/2025,sa
FP-SP,FBIC-BLDG8,C2,C2-L3-C06-S02,,0,9/26/2025,sa
FP-SP,FBIC-BLDG8,C2,C2-L3-C07-S01,,0,9/26/2025,sa
FP-SP,FBIC-BLDG8,C2,C2-L3-C07-S02,,0,9/26/2025,sa
FP-SP,FBIC-BLDG8,C2,C2-L3-C08-S01,,0,9/26/2025,sa
FP-SP,FBIC-BLDG8,C2,C2-L3-C08-S02,,0,9/26/2025,sa
FP-SP,FBIC-BLDG8,C2,C2-L3-C09-S01,,0,9/26/2025,sa
FP-SP,FBIC-BLDG8,C2,C2-L3-C09-S02,,0,9/26/2025,sa
FP-SP,FBIC-BLDG8,C2,C2-L3-C10-S01,,0,9/26/2025,sa
FP-SP,FBIC-BLDG8,C2,C2-L3-C10-S02,,0,9/26/2025,sa
FP-SP,FBIC-BLDG8,C2,C2-L3-C11-S01,,0,9/26/2025,sa
FP-SP,FBIC-BLDG8,C2,C2-L3-C11-S02,,0,9/26/2025,sa
FP-SP,FBIC-BLDG8,C2,C2-L3-C12-S01,,0,9/26/2025,sa
FP-SP,FBIC-BLDG8,C2,C2-L3-C12-S02,,0,9/26/2025,sa
FP-SP,FBIC-BLDG8,C2,C2-L3-C13-S01,,0,9/26/2025,sa
FP-SP,FBIC-BLDG8,C2,C2-L3-C13-S02,,0,9/26/2025,sa
FP-SP,FBIC-BLDG8,C2,C2-L3-C14-S01,,0,9/26/2025,sa
FP-SP,FBIC-BLDG8,C2,C2-L3-C14-S02,,0,9/26/2025,sa
FP-SP,FBIC-BLDG8,C2,C2-L3-C15-S01,,0,9/26/2025,sa
FP-SP,FBIC-BLDG8,C2,C2-L3-C15-S02,,0,9/26/2025,sa
FP-SP,FBIC-BLDG8,C2,C2-L3-C16-S01,,0,9/26/2025,sa
FP-SP,FBIC-BLDG8,C2,C2-L3-C16-S02,,0,9/26/2025,sa
FP-SP,FBIC-BLDG8,C2,C2-L4-C01-S01,,0,9/26/2025,sa
FP-SP,FBIC-BLDG8,C2,C2-L4-C01-S02,,0,9/26/2025,sa
FP-SP,FBIC-BLDG8,C2,C2-L4-C02-S01,,0,9/26/2025,sa
FP-SP,FBIC-BLDG8,C2,C2-L4-C02-S02,,0,9/26/2025,sa
FP-SP,FBIC-BLDG8,C2,C2-L4-C03-S01,,0,9/26/2025,sa
FP-SP,FBIC-BLDG8,C2,C2-L4-C03-S02,,0,9/26/2025,sa
FP-SP,FBIC-BLDG8,C2,C2-L4-C04-S01,,0,9/26/2025,sa
FP-SP,FBIC-BLDG8,C2,C2-L4-C04-S02,,0,9/26/2025,sa
FP-SP,FBIC-BLDG8,C2,C2-L4-C05-S01,,0,9/26/2025,sa
FP-SP,FBIC-BLDG8,C2,C2-L4-C05-S02,,0,9/26/2025,sa
FP-SP,FBIC-BLDG8,C2,C2-L4-C06-S01,,0,9/26/2025,sa
FP-SP,FBIC-BLDG8,C2,C2-L4-C06-S02,,0,9/26/2025,sa
FP-SP,FBIC-BLDG8,C2,C2-L4-C07-S01,,0,9/26/2025,sa
FP-SP,FBIC-BLDG8,C2,C2-L4-C07-S02,,0,9/26/2025,sa
FP-SP,FBIC-BLDG8,C2,C2-L4-C08-S01,,0,9/26/2025,sa
FP-SP,FBIC-BLDG8,C2,C2-L4-C08-S02,,0,9/26/2025,sa
FP-SP,FBIC-BLDG8,C2,C2-L4-C09-S01,,0,9/26/2025,sa
FP-SP,FBIC-BLDG8,C2,C2-L4-C09-S02,,0,9/26/2025,sa
FP-SP,FBIC-BLDG8,C2,C2-L4-C10-S01,,0,9/26/2025,sa
FP-SP,FBIC-BLDG8,C2,C2-L4-C10-S02,,0,9/26/2025,sa
FP-SP,FBIC-BLDG8,C2,C2-L4-C11-S01,,0,9/26/2025,sa
FP-SP,FBIC-BLDG8,C2,C2-L4-C11-S02,,0,9/26/2025,sa
FP-SP,FBIC-BLDG8,C2,C2-L4-C12-S01,,0,9/26/2025,sa
FP-SP,FBIC-BLDG8,C2,C2-L4-C12-S02,,0,9/26/2025,sa
FP-SP,FBIC-BLDG8,C2,C2-L4-C13-S01,,0,9/26/2025,sa
FP-SP,FBIC-BLDG8,C2,C2-L4-C13-S02,,0,9/26/2025,sa
FP-SP,FBIC-BLDG8,C2,C2-L4-C14-S01,,0,9/26/2025,sa
FP-SP,FBIC-BLDG8,C2,C2-L4-C14-S02,,0,9/26/2025,sa
FP-SP,FBIC-BLDG8,C2,C2-L4-C15-S01,,0,9/26/2025,sa
FP-SP,FBIC-BLDG8,C2,C2-L4-C15-S02,,0,9/26/2025,sa
FP-SP,FBIC-BLDG8,C2,C2-L4-C16-S01,,0,9/26/2025,sa
FP-SP,FBIC-BLDG8,C2,C2-L4-C16-S02,,0,9/26/2025,sa
FP-SP,FBIC-BLDG8,C3,C3-L1-C01-S01,,0,9/26/2025,sa
FP-SP,FBIC-BLDG8,C3,C3-L1-C01-S02,,0,9/26/2025,sa
FP-SP,FBIC-BLDG8,C3,C3-L1-C02-S01,,0,9/26/2025,sa
FP-SP,FBIC-BLDG8,C3,C3-L1-C02-S02,,0,9/26/2025,sa
FP-SP,FBIC-BLDG8,C3,C3-L1-C03-S01,,0,9/26/2025,sa
FP-SP,FBIC-BLDG8,C3,C3-L1-C03-S02,,0,9/26/2025,sa
FP-SP,FBIC-BLDG8,C3,C3-L1-C04-S01,,0,9/26/2025,sa
FP-SP,FBIC-BLDG8,C3,C3-L1-C04-S02,,0,9/26/2025,sa
FP-SP,FBIC-BLDG8,C3,C3-L1-C05-S01,,0,9/26/2025,sa
FP-SP,FBIC-BLDG8,C3,C3-L1-C05-S02,,0,9/26/2025,sa
FP-SP,FBIC-BLDG8,C3,C3-L1-C06-S01,,0,9/26/2025,sa
FP-SP,FBIC-BLDG8,C3,C3-L1-C06-S02,,0,9/26/2025,sa
FP-SP,FBIC-BLDG8,C3,C3-L1-C07-S01,,0,9/26/2025,sa
FP-SP,FBIC-BLDG8,C3,C3-L1-C07-S02,,0,9/26/2025,sa
FP-SP,FBIC-BLDG8,C3,C3-L1-C08-S01,,0,9/26/2025,sa
FP-SP,FBIC-BLDG8,C3,C3-L1-C08-S02,,0,9/26/2025,sa
FP-SP,FBIC-BLDG8,C3,C3-L1-C09-S01,,0,9/26/2025,sa
FP-SP,FBIC-BLDG8,C3,C3-L1-C09-S02,,0,9/26/2025,sa
FP-SP,FBIC-BLDG8,C3,C3-L1-C10-S01,,0,9/26/2025,sa
FP-SP,FBIC-BLDG8,C3,C3-L1-C10-S02,,0,9/26/2025,sa
FP-SP,FBIC-BLDG8,C3,C3-L1-C11-S01,,0,9/26/2025,sa
FP-SP,FBIC-BLDG8,C3,C3-L1-C11-S02,,0,9/26/2025,sa
FP-SP,FBIC-BLDG8,C3,C3-L1-C12-S01,,0,9/26/2025,sa
FP-SP,FBIC-BLDG8,C3,C3-L1-C12-S02,,0,9/26/2025,sa
FP-SP,FBIC-BLDG8,C3,C3-L1-C13-S01,,0,9/26/2025,sa
FP-SP,FBIC-BLDG8,C3,C3-L1-C13-S02,,0,9/26/2025,sa
FP-SP,FBIC-BLDG8,C3,C3-L1-C14-S01,,0,9/26/2025,sa
FP-SP,FBIC-BLDG8,C3,C3-L1-C14-S02,,0,9/26/2025,sa
FP-SP,FBIC-BLDG8,C3,C3-L1-C15-S01,,0,9/26/2025,sa
FP-SP,FBIC-BLDG8,C3,C3-L1-C15-S02,,0,9/26/2025,sa
FP-SP,FBIC-BLDG8,C3,C3-L1-C16-S01,,0,9/26/2025,sa
FP-SP,FBIC-BLDG8,C3,C3-L1-C16-S02,,0,9/26/2025,sa
FP-SP,FBIC-BLDG8,C3,C3-L2-C01-S01,,0,9/26/2025,sa
FP-SP,FBIC-BLDG8,C3,C3-L2-C01-S02,,0,9/26/2025,sa
FP-SP,FBIC-BLDG8,C3,C3-L2-C02-S01,,0,9/26/2025,sa
FP-SP,FBIC-BLDG8,C3,C3-L2-C02-S02,,0,9/26/2025,sa
FP-SP,FBIC-BLDG8,C3,C3-L2-C03-S01,,0,9/26/2025,sa
FP-SP,FBIC-BLDG8,C3,C3-L2-C03-S02,,0,9/26/2025,sa
FP-SP,FBIC-BLDG8,C3,C3-L2-C04-S01,,0,9/26/2025,sa
FP-SP,FBIC-BLDG8,C3,C3-L2-C04-S02,,0,9/26/2025,sa
FP-SP,FBIC-BLDG8,C3,C3-L2-C05-S01,,0,9/26/2025,sa
FP-SP,FBIC-BLDG8,C3,C3-L2-C05-S02,,0,9/26/2025,sa
FP-SP,FBIC-BLDG8,C3,C3-L2-C06-S01,,0,9/26/2025,sa
FP-SP,FBIC-BLDG8,C3,C3-L2-C06-S02,,0,9/26/2025,sa
FP-SP,FBIC-BLDG8,C3,C3-L2-C07-S01,,0,9/26/2025,sa
FP-SP,FBIC-BLDG8,C3,C3-L2-C07-S02,,0,9/26/2025,sa
FP-SP,FBIC-BLDG8,C3,C3-L2-C08-S01,,0,9/26/2025,sa
FP-SP,FBIC-BLDG8,C3,C3-L2-C08-S02,,0,9/26/2025,sa
FP-SP,FBIC-BLDG8,C3,C3-L2-C09-S01,,0,9/26/2025,sa
FP-SP,FBIC-BLDG8,C3,C3-L2-C09-S02,,0,9/26/2025,sa
FP-SP,FBIC-BLDG8,C3,C3-L2-C10-S01,,0,9/26/2025,sa
FP-SP,FBIC-BLDG8,C3,C3-L2-C10-S02,,0,9/26/2025,sa
FP-SP,FBIC-BLDG8,C3,C3-L2-C11-S01,,0,9/26/2025,sa
FP-SP,FBIC-BLDG8,C3,C3-L2-C11-S02,,0,9/26/2025,sa
FP-SP,FBIC-BLDG8,C3,C3-L2-C12-S01,,0,9/26/2025,sa
FP-SP,FBIC-BLDG8,C3,C3-L2-C12-S02,,0,9/26/2025,sa
FP-SP,FBIC-BLDG8,C3,C3-L2-C13-S01,,0,9/26/2025,sa
FP-SP,FBIC-BLDG8,C3,C3-L2-C13-S02,,0,9/26/2025,sa
FP-SP,FBIC-BLDG8,C3,C3-L2-C14-S01,,0,9/26/2025,sa
FP-SP,FBIC-BLDG8,C3,C3-L2-C14-S02,,0,9/26/2025,sa
FP-SP,FBIC-BLDG8,C3,C3-L2-C15-S01,,0,9/26/2025,sa
FP-SP,FBIC-BLDG8,C3,C3-L2-C15-S02,,0,9/26/2025,sa
FP-SP,FBIC-BLDG8,C3,C3-L2-C16-S01,,0,9/26/2025,sa
FP-SP,FBIC-BLDG8,C3,C3-L2-C16-S02,,0,9/26/2025,sa
FP-SP,FBIC-BLDG8,C3,C3-L3-C01-S01,,0,9/26/2025,sa
FP-SP,FBIC-BLDG8,C3,C3-L3-C01-S02,,0,9/26/2025,sa
FP-SP,FBIC-BLDG8,C3,C3-L3-C02-S01,,0,9/26/2025,sa
FP-SP,FBIC-BLDG8,C3,C3-L3-C02-S02,,0,9/26/2025,sa
FP-SP,FBIC-BLDG8,C3,C3-L3-C03-S01,,0,9/26/2025,sa
FP-SP,FBIC-BLDG8,C3,C3-L3-C03-S02,,0,9/26/2025,sa
FP-SP,FBIC-BLDG8,C3,C3-L3-C04-S01,,0,9/26/2025,sa
FP-SP,FBIC-BLDG8,C3,C3-L3-C04-S02,,0,9/26/2025,sa
FP-SP,FBIC-BLDG8,C3,C3-L3-C05-S01,,0,9/26/2025,sa
FP-SP,FBIC-BLDG8,C3,C3-L3-C05-S02,,0,9/26/2025,sa
FP-SP,FBIC-BLDG8,C3,C3-L3-C06-S01,,0,9/26/2025,sa
FP-SP,FBIC-BLDG8,C3,C3-L3-C06-S02,,0,9/26/2025,sa
FP-SP,FBIC-BLDG8,C3,C3-L3-C07-S01,,0,9/26/2025,sa
FP-SP,FBIC-BLDG8,C3,C3-L3-C07-S02,,0,9/26/2025,sa
FP-SP,FBIC-BLDG8,C3,C3-L3-C08-S01,,0,9/26/2025,sa
FP-SP,FBIC-BLDG8,C3,C3-L3-C08-S02,,0,9/26/2025,sa
FP-SP,FBIC-BLDG8,C3,C3-L3-C09-S01,,0,9/26/2025,sa
FP-SP,FBIC-BLDG8,C3,C3-L3-C09-S02,,0,9/26/2025,sa
FP-SP,FBIC-BLDG8,C3,C3-L3-C10-S01,,0,9/26/2025,sa
FP-SP,FBIC-BLDG8,C3,C3-L3-C10-S02,,0,9/26/2025,sa
FP-SP,FBIC-BLDG8,C3,C3-L3-C11-S01,,0,9/26/2025,sa
FP-SP,FBIC-BLDG8,C3,C3-L3-C11-S02,,0,9/26/2025,sa
FP-SP,FBIC-BLDG8,C3,C3-L3-C12-S01,,0,9/26/2025,sa
FP-SP,FBIC-BLDG8,C3,C3-L3-C12-S02,,0,9/26/2025,sa
FP-SP,FBIC-BLDG8,C3,C3-L3-C13-S01,,0,9/26/2025,sa
FP-SP,FBIC-BLDG8,C3,C3-L3-C13-S02,,0,9/26/2025,sa
FP-SP,FBIC-BLDG8,C3,C3-L3-C14-S01,,0,9/26/2025,sa
FP-SP,FBIC-BLDG8,C3,C3-L3-C14-S02,,0,9/26/2025,sa
FP-SP,FBIC-BLDG8,C3,C3-L3-C15-S01,,0,9/26/2025,sa
FP-SP,FBIC-BLDG8,C3,C3-L3-C15-S02,,0,9/26/2025,sa
FP-SP,FBIC-BLDG8,C3,C3-L3-C16-S01,,0,9/26/2025,sa
FP-SP,FBIC-BLDG8,C3,C3-L3-C16-S02,,0,9/26/2025,sa
FP-SP,FBIC-BLDG8,C3,C3-L4-C01-S01,,0,9/26/2025,sa
FP-SP,FBIC-BLDG8,C3,C3-L4-C01-S02,,0,9/26/2025,sa
FP-SP,FBIC-BLDG8,C3,C3-L4-C02-S01,,0,9/26/2025,sa
FP-SP,FBIC-BLDG8,C3,C3-L4-C02-S02,,0,9/26/2025,sa
FP-SP,FBIC-BLDG8,C3,C3-L4-C03-S01,,0,9/26/2025,sa
FP-SP,FBIC-BLDG8,C3,C3-L4-C03-S02,,0,9/26/2025,sa
FP-SP,FBIC-BLDG8,C3,C3-L4-C04-S01,,0,9/26/2025,sa
FP-SP,FBIC-BLDG8,C3,C3-L4-C04-S02,,0,9/26/2025,sa
FP-SP,FBIC-BLDG8,C3,C3-L4-C05-S01,,0,9/26/2025,sa
FP-SP,FBIC-BLDG8,C3,C3-L4-C05-S02,,0,9/26/2025,sa
FP-SP,FBIC-BLDG8,C3,C3-L4-C06-S01,,0,9/26/2025,sa
FP-SP,FBIC-BLDG8,C3,C3-L4-C06-S02,,0,9/26/2025,sa
FP-SP,FBIC-BLDG8,C3,C3-L4-C07-S01,,0,9/26/2025,sa
FP-SP,FBIC-BLDG8,C3,C3-L4-C07-S02,,0,9/26/2025,sa
FP-SP,FBIC-BLDG8,C3,C3-L4-C08-S01,,0,9/26/2025,sa
FP-SP,FBIC-BLDG8,C3,C3-L4-C08-S02,,0,9/26/2025,sa
FP-SP,FBIC-BLDG8,C3,C3-L4-C09-S01,,0,9/26/2025,sa
FP-SP,FBIC-BLDG8,C3,C3-L4-C09-S02,,0,9/26/2025,sa
FP-SP,FBIC-BLDG8,C3,C3-L4-C10-S01,,0,9/26/2025,sa
FP-SP,FBIC-BLDG8,C3,C3-L4-C10-S02,,0,9/26/2025,sa
FP-SP,FBIC-BLDG8,C3,C3-L4-C11-S01,,0,9/26/2025,sa
FP-SP,FBIC-BLDG8,C3,C3-L4-C11-S02,,0,9/26/2025,sa
FP-SP,FBIC-BLDG8,C3,C3-L4-C12-S01,,0,9/26/2025,sa
FP-SP,FBIC-BLDG8,C3,C3-L4-C12-S02,,0,9/26/2025,sa
FP-SP,FBIC-BLDG8,C3,C3-L4-C13-S01,,0,9/26/2025,sa
FP-SP,FBIC-BLDG8,C3,C3-L4-C13-S02,,0,9/26/2025,sa
FP-SP,FBIC-BLDG8,C3,C3-L4-C14-S01,,0,9/26/2025,sa
FP-SP,FBIC-BLDG8,C3,C3-L4-C14-S02,,0,9/26/2025,sa
FP-SP,FBIC-BLDG8,C3,C3-L4-C15-S01,,0,9/26/2025,sa
FP-SP,FBIC-BLDG8,C3,C3-L4-C15-S02,,0,9/26/2025,sa
FP-SP,FBIC-BLDG8,C3,C3-L4-C16-S01,,0,9/26/2025,sa
FP-SP,FBIC-BLDG8,C3,C3-L4-C16-S02,,0,9/26/2025,sa
FP-SP,FBIC-BLDG8,C3,C3-L5-C01-S01,,0,9/26/2025,sa
FP-SP,FBIC-BLDG8,C3,C3-L5-C01-S02,,0,9/26/2025,sa
FP-SP,FBIC-BLDG8,C3,C3-L5-C02-S01,,0,9/26/2025,sa
FP-SP,FBIC-BLDG8,C3,C3-L5-C02-S02,,0,9/26/2025,sa
FP-SP,FBIC-BLDG8,C3,C3-L5-C03-S01,,0,9/26/2025,sa
FP-SP,FBIC-BLDG8,C3,C3-L5-C03-S02,,0,9/26/2025,sa
FP-SP,FBIC-BLDG8,C3,C3-L5-C04-S01,,0,9/26/2025,sa
FP-SP,FBIC-BLDG8,C3,C3-L5-C04-S02,,0,9/26/2025,sa
FP-SP,FBIC-BLDG8,C3,C3-L5-C05-S01,,0,9/26/2025,sa
FP-SP,FBIC-BLDG8,C3,C3-L5-C05-S02,,0,9/26/2025,sa
FP-SP,FBIC-BLDG8,C3,C3-L5-C06-S01,,0,9/26/2025,sa
FP-SP,FBIC-BLDG8,C3,C3-L5-C06-S02,,0,9/26/2025,sa
FP-SP,FBIC-BLDG8,C3,C3-L5-C07-S01,,0,9/26/2025,sa
FP-SP,FBIC-BLDG8,C3,C3-L5-C07-S02,,0,9/26/2025,sa
FP-SP,FBIC-BLDG8,C3,C3-L5-C08-S01,,0,9/26/2025,sa
FP-SP,FBIC-BLDG8,C3,C3-L5-C08-S02,,0,9/26/2025,sa
FP-SP,FBIC-BLDG8,C3,C3-L5-C09-S01,,0,9/26/2025,sa
FP-SP,FBIC-BLDG8,C3,C3-L5-C09-S02,,0,9/26/2025,sa
FP-SP,FBIC-BLDG8,C3,C3-L5-C10-S01,,0,9/26/2025,sa
FP-SP,FBIC-BLDG8,C3,C3-L5-C10-S02,,0,9/26/2025,sa
FP-SP,FBIC-BLDG8,C3,C3-L5-C11-S01,,0,9/26/2025,sa
FP-SP,FBIC-BLDG8,C3,C3-L5-C11-S02,,0,9/26/2025,sa
FP-SP,FBIC-BLDG8,C3,C3-L5-C12-S01,,0,9/26/2025,sa
FP-SP,FBIC-BLDG8,C3,C3-L5-C12-S02,,0,9/26/2025,sa
FP-SP,FBIC-BLDG8,C3,C3-L5-C13-S01,,0,9/26/2025,sa
FP-SP,FBIC-BLDG8,C3,C3-L5-C13-S02,,0,9/26/2025,sa
FP-SP,FBIC-BLDG8,C3,C3-L5-C14-S01,,0,9/26/2025,sa
FP-SP,FBIC-BLDG8,C3,C3-L5-C14-S02,,0,9/26/2025,sa
FP-SP,FBIC-BLDG8,C3,C3-L5-C15-S01,,0,9/26/2025,sa
FP-SP,FBIC-BLDG8,C3,C3-L5-C15-S02,,0,9/26/2025,sa
FP-SP,FBIC-BLDG8,C3,C3-L5-C16-S01,,0,9/26/2025,sa
FP-SP,FBIC-BLDG8,C3,C3-L5-C16-S02,,0,9/26/2025,sa
FP-SP,FBIC-BLDG8,C4,C4-L1-C01-S01,,0,9/26/2025,sa
FP-SP,FBIC-BLDG8,C4,C4-L1-C01-S02,,0,9/26/2025,sa
FP-SP,FBIC-BLDG8,C4,C4-L1-C02-S01,,0,9/26/2025,sa
FP-SP,FBIC-BLDG8,C4,C4-L1-C02-S02,,0,9/26/2025,sa
FP-SP,FBIC-BLDG8,C4,C4-L1-C03-S01,,0,9/26/2025,sa
FP-SP,FBIC-BLDG8,C4,C4-L1-C03-S02,,0,9/26/2025,sa
FP-SP,FBIC-BLDG8,C4,C4-L1-C04-S01,,0,9/26/2025,sa
FP-SP,FBIC-BLDG8,C4,C4-L1-C04-S02,,0,9/26/2025,sa
FP-SP,FBIC-BLDG8,C4,C4-L1-C05-S01,,0,9/26/2025,sa
FP-SP,FBIC-BLDG8,C4,C4-L1-C05-S02,,0,9/26/2025,sa
FP-SP,FBIC-BLDG8,C4,C4-L1-C06-S01,,0,9/26/2025,sa
FP-SP,FBIC-BLDG8,C4,C4-L1-C06-S02,,0,9/26/2025,sa
FP-SP,FBIC-BLDG8,C4,C4-L1-C07-S01,,0,9/26/2025,sa
FP-SP,FBIC-BLDG8,C4,C4-L1-C07-S02,,0,9/26/2025,sa
FP-SP,FBIC-BLDG8,C4,C4-L1-C08-S01,,0,9/26/2025,sa
FP-SP,FBIC-BLDG8,C4,C4-L1-C08-S02,,0,9/26/2025,sa
FP-SP,FBIC-BLDG8,C4,C4-L1-C09-S01,,0,9/26/2025,sa
FP-SP,FBIC-BLDG8,C4,C4-L1-C09-S02,,0,9/26/2025,sa
FP-SP,FBIC-BLDG8,C4,C4-L1-C10-S01,,0,9/26/2025,sa
FP-SP,FBIC-BLDG8,C4,C4-L1-C10-S02,,0,9/26/2025,sa
FP-SP,FBIC-BLDG8,C4,C4-L1-C11-S01,,0,9/26/2025,sa
FP-SP,FBIC-BLDG8,C4,C4-L1-C11-S02,,0,9/26/2025,sa
FP-SP,FBIC-BLDG8,C4,C4-L1-C12-S01,,0,9/26/2025,sa
FP-SP,FBIC-BLDG8,C4,C4-L1-C12-S02,,0,9/26/2025,sa
FP-SP,FBIC-BLDG8,C4,C4-L1-C13-S01,,0,9/26/2025,sa
FP-SP,FBIC-BLDG8,C4,C4-L1-C13-S02,,0,9/26/2025,sa
FP-SP,FBIC-BLDG8,C4,C4-L1-C14-S01,,0,9/26/2025,sa
FP-SP,FBIC-BLDG8,C4,C4-L1-C14-S02,,0,9/26/2025,sa
FP-SP,FBIC-BLDG8,C4,C4-L1-C15-S01,,0,9/26/2025,sa
FP-SP,FBIC-BLDG8,C4,C4-L1-C15-S02,,0,9/26/2025,sa
FP-SP,FBIC-BLDG8,C4,C4-L1-C16-S01,,0,9/26/2025,sa
FP-SP,FBIC-BLDG8,C4,C4-L1-C16-S02,,0,9/26/2025,sa
FP-SP,FBIC-BLDG8,C4,C4-L2-C01-S01,,0,9/26/2025,sa
FP-SP,FBIC-BLDG8,C4,C4-L2-C01-S02,,0,9/26/2025,sa
FP-SP,FBIC-BLDG8,C4,C4-L2-C02-S01,,0,9/26/2025,sa
FP-SP,FBIC-BLDG8,C4,C4-L2-C02-S02,,0,9/26/2025,sa
FP-SP,FBIC-BLDG8,C4,C4-L2-C03-S01,,0,9/26/2025,sa
FP-SP,FBIC-BLDG8,C4,C4-L2-C03-S02,,0,9/26/2025,sa
FP-SP,FBIC-BLDG8,C4,C4-L2-C04-S01,,0,9/26/2025,sa
FP-SP,FBIC-BLDG8,C4,C4-L2-C04-S02,,0,9/26/2025,sa
FP-SP,FBIC-BLDG8,C4,C4-L2-C05-S01,,0,9/26/2025,sa
FP-SP,FBIC-BLDG8,C4,C4-L2-C05-S02,,0,9/26/2025,sa
FP-SP,FBIC-BLDG8,C4,C4-L2-C06-S01,,0,9/26/2025,sa
FP-SP,FBIC-BLDG8,C4,C4-L2-C06-S02,,0,9/26/2025,sa
FP-SP,FBIC-BLDG8,C4,C4-L2-C07-S01,,0,9/26/2025,sa
FP-SP,FBIC-BLDG8,C4,C4-L2-C07-S02,,0,9/26/2025,sa
FP-SP,FBIC-BLDG8,C4,C4-L2-C08-S01,,0,9/26/2025,sa
FP-SP,FBIC-BLDG8,C4,C4-L2-C08-S02,,0,9/26/2025,sa
FP-SP,FBIC-BLDG8,C4,C4-L2-C09-S01,,0,9/26/2025,sa
FP-SP,FBIC-BLDG8,C4,C4-L2-C09-S02,,0,9/26/2025,sa
FP-SP,FBIC-BLDG8,C4,C4-L2-C10-S01,,0,9/26/2025,sa
FP-SP,FBIC-BLDG8,C4,C4-L2-C10-S02,,0,9/26/2025,sa
FP-SP,FBIC-BLDG8,C4,C4-L2-C11-S01,,0,9/26/2025,sa
FP-SP,FBIC-BLDG8,C4,C4-L2-C11-S02,,0,9/26/2025,sa
FP-SP,FBIC-BLDG8,C4,C4-L2-C12-S01,,0,9/26/2025,sa
FP-SP,FBIC-BLDG8,C4,C4-L2-C12-S02,,0,9/26/2025,sa
FP-SP,FBIC-BLDG8,C4,C4-L2-C13-S01,,0,9/26/2025,sa
FP-SP,FBIC-BLDG8,C4,C4-L2-C13-S02,,0,9/26/2025,sa
FP-SP,FBIC-BLDG8,C4,C4-L2-C14-S01,,0,9/26/2025,sa
FP-SP,FBIC-BLDG8,C4,C4-L2-C14-S02,,0,9/26/2025,sa
FP-SP,FBIC-BLDG8,C4,C4-L2-C15-S01,,0,9/26/2025,sa
FP-SP,FBIC-BLDG8,C4,C4-L2-C15-S02,,0,9/26/2025,sa
FP-SP,FBIC-BLDG8,C4,C4-L2-C16-S01,,0,9/26/2025,sa
FP-SP,FBIC-BLDG8,C4,C4-L2-C16-S02,,0,9/26/2025,sa
FP-SP,FBIC-BLDG8,C4,C4-L3-C01-S01,,0,9/26/2025,sa
FP-SP,FBIC-BLDG8,C4,C4-L3-C01-S02,,0,9/26/2025,sa
FP-SP,FBIC-BLDG8,C4,C4-L3-C02-S01,,0,9/26/2025,sa
FP-SP,FBIC-BLDG8,C4,C4-L3-C02-S02,,0,9/26/2025,sa
FP-SP,FBIC-BLDG8,C4,C4-L3-C03-S01,,0,9/26/2025,sa
FP-SP,FBIC-BLDG8,C4,C4-L3-C03-S02,,0,9/26/2025,sa
FP-SP,FBIC-BLDG8,C4,C4-L3-C04-S01,,0,9/26/2025,sa
FP-SP,FBIC-BLDG8,C4,C4-L3-C04-S02,,0,9/26/2025,sa
FP-SP,FBIC-BLDG8,C4,C4-L3-C05-S01,,0,9/26/2025,sa
FP-SP,FBIC-BLDG8,C4,C4-L3-C05-S02,,0,9/26/2025,sa
FP-SP,FBIC-BLDG8,C4,C4-L3-C06-S01,,0,9/26/2025,sa
FP-SP,FBIC-BLDG8,C4,C4-L3-C06-S02,,0,9/26/2025,sa
FP-SP,FBIC-BLDG8,C4,C4-L3-C07-S01,,0,9/26/2025,sa
FP-SP,FBIC-BLDG8,C4,C4-L3-C07-S02,,0,9/26/2025,sa
FP-SP,FBIC-BLDG8,C4,C4-L3-C08-S01,,0,9/26/2025,sa
FP-SP,FBIC-BLDG8,C4,C4-L3-C08-S02,,0,9/26/2025,sa
FP-SP,FBIC-BLDG8,C4,C4-L3-C09-S01,,0,9/26/2025,sa
FP-SP,FBIC-BLDG8,C4,C4-L3-C09-S02,,0,9/26/2025,sa
FP-SP,FBIC-BLDG8,C4,C4-L3-C10-S01,,0,9/26/2025,sa
FP-SP,FBIC-BLDG8,C4,C4-L3-C10-S02,,0,9/26/2025,sa
FP-SP,FBIC-BLDG8,C4,C4-L3-C11-S01,,0,9/26/2025,sa
FP-SP,FBIC-BLDG8,C4,C4-L3-C11-S02,,0,9/26/2025,sa
FP-SP,FBIC-BLDG8,C4,C4-L3-C12-S01,,0,9/26/2025,sa
FP-SP,FBIC-BLDG8,C4,C4-L3-C12-S02,,0,9/26/2025,sa
FP-SP,FBIC-BLDG8,C4,C4-L3-C13-S01,,0,9/26/2025,sa
FP-SP,FBIC-BLDG8,C4,C4-L3-C13-S02,,0,9/26/2025,sa
FP-SP,FBIC-BLDG8,C4,C4-L3-C14-S01,,0,9/26/2025,sa
FP-SP,FBIC-BLDG8,C4,C4-L3-C14-S02,,0,9/26/2025,sa
FP-SP,FBIC-BLDG8,C4,C4-L3-C15-S01,,0,9/26/2025,sa
FP-SP,FBIC-BLDG8,C4,C4-L3-C15-S02,,0,9/26/2025,sa
FP-SP,FBIC-BLDG8,C4,C4-L3-C16-S01,,0,9/26/2025,sa
FP-SP,FBIC-BLDG8,C4,C4-L3-C16-S02,,0,9/26/2025,sa
FP-SP,FBIC-BLDG8,C4,C4-L4-C01-S01,,0,9/26/2025,sa
FP-SP,FBIC-BLDG8,C4,C4-L4-C01-S02,,0,9/26/2025,sa
FP-SP,FBIC-BLDG8,C4,C4-L4-C02-S01,,0,9/26/2025,sa
FP-SP,FBIC-BLDG8,C4,C4-L4-C02-S02,,0,9/26/2025,sa
FP-SP,FBIC-BLDG8,C4,C4-L4-C03-S01,,0,9/26/2025,sa
FP-SP,FBIC-BLDG8,C4,C4-L4-C03-S02,,0,9/26/2025,sa
FP-SP,FBIC-BLDG8,C4,C4-L4-C04-S01,,0,9/26/2025,sa
FP-SP,FBIC-BLDG8,C4,C4-L4-C04-S02,,0,9/26/2025,sa
FP-SP,FBIC-BLDG8,C4,C4-L4-C05-S01,,0,9/26/2025,sa
FP-SP,FBIC-BLDG8,C4,C4-L4-C05-S02,,0,9/26/2025,sa
FP-SP,FBIC-BLDG8,C4,C4-L4-C06-S01,,0,9/26/2025,sa
FP-SP,FBIC-BLDG8,C4,C4-L4-C06-S02,,0,9/26/2025,sa
FP-SP,FBIC-BLDG8,C4,C4-L4-C07-S01,,0,9/26/2025,sa
FP-SP,FBIC-BLDG8,C4,C4-L4-C07-S02,,0,9/26/2025,sa
FP-SP,FBIC-BLDG8,C4,C4-L4-C08-S01,,0,9/26/2025,sa
FP-SP,FBIC-BLDG8,C4,C4-L4-C08-S02,,0,9/26/2025,sa
FP-SP,FBIC-BLDG8,C4,C4-L4-C09-S01,,0,9/26/2025,sa
FP-SP,FBIC-BLDG8,C4,C4-L4-C09-S02,,0,9/26/2025,sa
FP-SP,FBIC-BLDG8,C4,C4-L4-C10-S01,,0,9/26/2025,sa
FP-SP,FBIC-BLDG8,C4,C4-L4-C10-S02,,0,9/26/2025,sa
FP-SP,FBIC-BLDG8,C4,C4-L4-C11-S01,,0,9/26/2025,sa
FP-SP,FBIC-BLDG8,C4,C4-L4-C11-S02,,0,9/26/2025,sa
FP-SP,FBIC-BLDG8,C4,C4-L4-C12-S01,,0,9/26/2025,sa
FP-SP,FBIC-BLDG8,C4,C4-L4-C12-S02,,0,9/26/2025,sa
FP-SP,FBIC-BLDG8,C4,C4-L4-C13-S01,,0,9/26/2025,sa
FP-SP,FBIC-BLDG8,C4,C4-L4-C13-S02,,0,9/26/2025,sa
FP-SP,FBIC-BLDG8,C4,C4-L4-C14-S01,,0,9/26/2025,sa
FP-SP,FBIC-BLDG8,C4,C4-L4-C14-S02,,0,9/26/2025,sa
FP-SP,FBIC-BLDG8,C4,C4-L4-C15-S01,,0,9/26/2025,sa
FP-SP,FBIC-BLDG8,C4,C4-L4-C15-S02,,0,9/26/2025,sa
FP-SP,FBIC-BLDG8,C4,C4-L4-C16-S01,,0,9/26/2025,sa
FP-SP,FBIC-BLDG8,C4,C4-L4-C16-S02,,0,9/26/2025,sa
FP-SP,FBIC-BLDG8,C4,C4-L5-C01-S01 ,,0,9/26/2025,sa
FP-SP,FBIC-BLDG8,C4,C4-L5-C01-S02,,0,9/26/2025,sa
FP-SP,FBIC-BLDG8,C4,C4-L5-C02-S01,,0,9/26/2025,sa
FP-SP,FBIC-BLDG8,C4,C4-L5-C02-S02,,0,9/26/2025,sa
FP-SP,FBIC-BLDG8,C4,C4-L5-C03-S01,,0,9/26/2025,sa
FP-SP,FBIC-BLDG8,C4,C4-L5-C03-S02,,0,9/26/2025,sa
FP-SP,FBIC-BLDG8,C4,C4-L5-C04-S01,,0,9/26/2025,sa
FP-SP,FBIC-BLDG8,C4,C4-L5-C04-S02,,0,9/26/2025,sa
FP-SP,FBIC-BLDG8,C4,C4-L5-C05-S01,,0,9/26/2025,sa
FP-SP,FBIC-BLDG8,C4,C4-L5-C05-S02,,0,9/26/2025,sa
FP-SP,FBIC-BLDG8,C4,C4-L5-C06-S01,,0,9/26/2025,sa
FP-SP,FBIC-BLDG8,C4,C4-L5-C06-S02,,0,9/26/2025,sa
FP-SP,FBIC-BLDG8,C4,C4-L5-C07-S01,,0,9/26/2025,sa
FP-SP,FBIC-BLDG8,C4,C4-L5-C07-S02,,0,9/26/2025,sa
FP-SP,FBIC-BLDG8,C4,C4-L5-C08-S01,,0,9/26/2025,sa
FP-SP,FBIC-BLDG8,C4,C4-L5-C08-S02,,0,9/26/2025,sa
FP-SP,FBIC-BLDG8,C4,C4-L5-C09-S01,,0,9/26/2025,sa
FP-SP,FBIC-BLDG8,C4,C4-L5-C09-S02,,0,9/26/2025,sa
FP-SP,FBIC-BLDG8,C4,C4-L5-C10-S01,,0,9/26/2025,sa
FP-SP,FBIC-BLDG8,C4,C4-L5-C10-S02,,0,9/26/2025,sa
FP-SP,FBIC-BLDG8,C4,C4-L5-C11-S01,,0,9/26/2025,sa
FP-SP,FBIC-BLDG8,C4,C4-L5-C11-S02,,0,9/26/2025,sa
FP-SP,FBIC-BLDG8,C4,C4-L5-C12-S01,,0,9/26/2025,sa
FP-SP,FBIC-BLDG8,C4,C4-L5-C12-S02,,0,9/26/2025,sa
FP-SP,FBIC-BLDG8,C4,C4-L5-C13-S01,,0,9/26/2025,sa
FP-SP,FBIC-BLDG8,C4,C4-L5-C13-S02,,0,9/26/2025,sa
FP-SP,FBIC-BLDG8,C4,C4-L5-C14-S01,,0,9/26/2025,sa
FP-SP,FBIC-BLDG8,C4,C4-L5-C14-S02,,0,9/26/2025,sa
FP-SP,FBIC-BLDG8,C4,C4-L5-C15-S01,,0,9/26/2025,sa
FP-SP,FBIC-BLDG8,C4,C4-L5-C15-S02,,0,9/26/2025,sa
FP-SP,FBIC-BLDG8,C4,C4-L5-C16-S01,,0,9/26/2025,sa
FP-SP,FBIC-BLDG8,C4,C4-L5-C16-S02,,0,9/26/2025,sa
FP-SP,FBIC-BLDG8,D1,D1-L1-C01-S01,,0,9/26/2025,sa
FP-SP,FBIC-BLDG8,D1,D1-L1-C01-S02,,0,9/26/2025,sa
FP-SP,FBIC-BLDG8,D1,D1-L1-C02-S01,,0,9/26/2025,sa
FP-SP,FBIC-BLDG8,D1,D1-L1-C02-S02,,0,9/26/2025,sa
FP-SP,FBIC-BLDG8,D1,D1-L1-C03-S01,,0,9/26/2025,sa
FP-SP,FBIC-BLDG8,D1,D1-L1-C03-S02,,0,9/26/2025,sa
FP-SP,FBIC-BLDG8,D1,D1-L1-C04-S01,,0,9/26/2025,sa
FP-SP,FBIC-BLDG8,D1,D1-L1-C04-S02,,0,9/26/2025,sa
FP-SP,FBIC-BLDG8,D1,D1-L1-C05-S01,,0,9/26/2025,sa
FP-SP,FBIC-BLDG8,D1,D1-L1-C05-S02,,0,9/26/2025,sa
FP-SP,FBIC-BLDG8,D1,D1-L1-C06-S01,,0,9/26/2025,sa
FP-SP,FBIC-BLDG8,D1,D1-L1-C06-S02,,0,9/26/2025,sa
FP-SP,FBIC-BLDG8,D1,D1-L1-C07-S01,,0,9/26/2025,sa
FP-SP,FBIC-BLDG8,D1,D1-L1-C07-S02,,0,9/26/2025,sa
FP-SP,FBIC-BLDG8,D1,D1-L1-C08-S01,,0,9/26/2025,sa
FP-SP,FBIC-BLDG8,D1,D1-L1-C08-S02,,0,9/26/2025,sa
FP-SP,FBIC-BLDG8,D1,D1-L1-C09-S01,,0,9/26/2025,sa
FP-SP,FBIC-BLDG8,D1,D1-L1-C09-S02,,0,9/26/2025,sa
FP-SP,FBIC-BLDG8,D1,D1-L1-C10-S01,,0,9/26/2025,sa
FP-SP,FBIC-BLDG8,D1,D1-L1-C10-S02,,0,9/26/2025,sa
FP-SP,FBIC-BLDG8,D1,D1-L1-C11-S01,,0,9/26/2025,sa
FP-SP,FBIC-BLDG8,D1,D1-L1-C11-S02,,0,9/26/2025,sa
FP-SP,FBIC-BLDG8,D1,D1-L1-C12-S01,,0,9/26/2025,sa
FP-SP,FBIC-BLDG8,D1,D1-L1-C12-S02,,0,9/26/2025,sa
FP-SP,FBIC-BLDG8,D1,D1-L1-C13-S01,,0,9/26/2025,sa
FP-SP,FBIC-BLDG8,D1,D1-L1-C13-S02,,0,9/26/2025,sa
FP-SP,FBIC-BLDG8,D1,D1-L1-C14-S01,,0,9/26/2025,sa
FP-SP,FBIC-BLDG8,D1,D1-L1-C14-S02,,0,9/26/2025,sa
FP-SP,FBIC-BLDG8,D1,D1-L1-C15-S01,,0,9/26/2025,sa
FP-SP,FBIC-BLDG8,D1,D1-L1-C15-S02,,0,9/26/2025,sa
FP-SP,FBIC-BLDG8,D1,D1-L1-C16-S01,,0,9/26/2025,sa
FP-SP,FBIC-BLDG8,D1,D1-L1-C16-S02,,0,9/26/2025,sa
FP-SP,FBIC-BLDG8,D1,D1-L2-C01-S01,,0,9/26/2025,sa
FP-SP,FBIC-BLDG8,D1,D1-L2-C01-S02,,0,9/26/2025,sa
FP-SP,FBIC-BLDG8,D1,D1-L2-C02-S01,,0,9/26/2025,sa
FP-SP,FBIC-BLDG8,D1,D1-L2-C02-S02,,0,9/26/2025,sa
FP-SP,FBIC-BLDG8,D1,D1-L2-C03-S01,,0,9/26/2025,sa
FP-SP,FBIC-BLDG8,D1,D1-L2-C03-S02,,0,9/26/2025,sa
FP-SP,FBIC-BLDG8,D1,D1-L2-C04-S01,,0,9/26/2025,sa
FP-SP,FBIC-BLDG8,D1,D1-L2-C04-S02,,0,9/26/2025,sa
FP-SP,FBIC-BLDG8,D1,D1-L2-C05-S01,,0,9/26/2025,sa
FP-SP,FBIC-BLDG8,D1,D1-L2-C05-S02,,0,9/26/2025,sa
FP-SP,FBIC-BLDG8,D1,D1-L2-C06-S01,,0,9/26/2025,sa
FP-SP,FBIC-BLDG8,D1,D1-L2-C06-S02,,0,9/26/2025,sa
FP-SP,FBIC-BLDG8,D1,D1-L2-C07-S01,,0,9/26/2025,sa
FP-SP,FBIC-BLDG8,D1,D1-L2-C07-S02,,0,9/26/2025,sa
FP-SP,FBIC-BLDG8,D1,D1-L2-C08-S01,,0,9/26/2025,sa
FP-SP,FBIC-BLDG8,D1,D1-L2-C08-S02,,0,9/26/2025,sa
FP-SP,FBIC-BLDG8,D1,D1-L2-C09-S01,,0,9/26/2025,sa
FP-SP,FBIC-BLDG8,D1,D1-L2-C09-S02,,0,9/26/2025,sa
FP-SP,FBIC-BLDG8,D1,D1-L2-C10-S01,,0,9/26/2025,sa
FP-SP,FBIC-BLDG8,D1,D1-L2-C10-S02,,0,9/26/2025,sa
FP-SP,FBIC-BLDG8,D1,D1-L2-C11-S01,,0,9/26/2025,sa
FP-SP,FBIC-BLDG8,D1,D1-L2-C11-S02,,0,9/26/2025,sa
FP-SP,FBIC-BLDG8,D1,D1-L2-C12-S01,,0,9/26/2025,sa
FP-SP,FBIC-BLDG8,D1,D1-L2-C12-S02,,0,9/26/2025,sa
FP-SP,FBIC-BLDG8,D1,D1-L2-C13-S01,,0,9/26/2025,sa
FP-SP,FBIC-BLDG8,D1,D1-L2-C13-S02,,0,9/26/2025,sa
FP-SP,FBIC-BLDG8,D1,D1-L2-C14-S01,,0,9/26/2025,sa
FP-SP,FBIC-BLDG8,D1,D1-L2-C14-S02,,0,9/26/2025,sa
FP-SP,FBIC-BLDG8,D1,D1-L2-C15-S01,,0,9/26/2025,sa
FP-SP,FBIC-BLDG8,D1,D1-L2-C15-S02,,0,9/26/2025,sa
FP-SP,FBIC-BLDG8,D1,D1-L2-C16-S01,,0,9/26/2025,sa
FP-SP,FBIC-BLDG8,D1,D1-L2-C16-S02,,0,9/26/2025,sa
FP-SP,FBIC-BLDG8,D1,D1-L3-C01-S01,,0,9/26/2025,sa
FP-SP,FBIC-BLDG8,D1,D1-L3-C01-S02,,0,9/26/2025,sa
FP-SP,FBIC-BLDG8,D1,D1-L3-C02-S01,,0,9/26/2025,sa
FP-SP,FBIC-BLDG8,D1,D1-L3-C02-S02,,0,9/26/2025,sa
FP-SP,FBIC-BLDG8,D1,D1-L3-C03-S01,,0,9/26/2025,sa
FP-SP,FBIC-BLDG8,D1,D1-L3-C03-S02,,0,9/26/2025,sa
FP-SP,FBIC-BLDG8,D1,D1-L3-C04-S01,,0,9/26/2025,sa
FP-SP,FBIC-BLDG8,D1,D1-L3-C04-S02,,0,9/26/2025,sa
FP-SP,FBIC-BLDG8,D1,D1-L3-C05-S01,,0,9/26/2025,sa
FP-SP,FBIC-BLDG8,D1,D1-L3-C05-S02,,0,9/26/2025,sa
FP-SP,FBIC-BLDG8,D1,D1-L3-C06-S01,,0,9/26/2025,sa
FP-SP,FBIC-BLDG8,D1,D1-L3-C06-S02,,0,9/26/2025,sa
FP-SP,FBIC-BLDG8,D1,D1-L3-C07-S01,,0,9/26/2025,sa
FP-SP,FBIC-BLDG8,D1,D1-L3-C07-S02,,0,9/26/2025,sa
FP-SP,FBIC-BLDG8,D1,D1-L3-C08-S01,,0,9/26/2025,sa
FP-SP,FBIC-BLDG8,D1,D1-L3-C08-S02,,0,9/26/2025,sa
FP-SP,FBIC-BLDG8,D1,D1-L3-C09-S01,,0,9/26/2025,sa
FP-SP,FBIC-BLDG8,D1,D1-L3-C09-S02,,0,9/26/2025,sa
FP-SP,FBIC-BLDG8,D1,D1-L3-C10-S01,,0,9/26/2025,sa
FP-SP,FBIC-BLDG8,D1,D1-L3-C10-S02,,0,9/26/2025,sa
FP-SP,FBIC-BLDG8,D1,D1-L3-C11-S01,,0,9/26/2025,sa
FP-SP,FBIC-BLDG8,D1,D1-L3-C11-S02,,0,9/26/2025,sa
FP-SP,FBIC-BLDG8,D1,D1-L3-C12-S01,,0,9/26/2025,sa
FP-SP,FBIC-BLDG8,D1,D1-L3-C12-S02,,0,9/26/2025,sa
FP-SP,FBIC-BLDG8,D1,D1-L3-C13-S01,,0,9/26/2025,sa
FP-SP,FBIC-BLDG8,D1,D1-L3-C13-S02,,0,9/26/2025,sa
FP-SP,FBIC-BLDG8,D1,D1-L3-C14-S01,,0,9/26/2025,sa
FP-SP,FBIC-BLDG8,D1,D1-L3-C14-S02,,0,9/26/2025,sa
FP-SP,FBIC-BLDG8,D1,D1-L3-C15-S01,,0,9/26/2025,sa
FP-SP,FBIC-BLDG8,D1,D1-L3-C15-S02,,0,9/26/2025,sa
FP-SP,FBIC-BLDG8,D1,D1-L3-C16-S01,,0,9/26/2025,sa
FP-SP,FBIC-BLDG8,D1,D1-L3-C16-S02,,0,9/26/2025,sa
FP-SP,FBIC-BLDG8,D1,D1-L4-C01-S01,,0,9/26/2025,sa
FP-SP,FBIC-BLDG8,D1,D1-L4-C01-S02,,0,9/26/2025,sa
FP-SP,FBIC-BLDG8,D1,D1-L4-C02-S01,,0,9/26/2025,sa
FP-SP,FBIC-BLDG8,D1,D1-L4-C02-S02,,0,9/26/2025,sa
FP-SP,FBIC-BLDG8,D1,D1-L4-C03-S01,,0,9/26/2025,sa
FP-SP,FBIC-BLDG8,D1,D1-L4-C03-S02,,0,9/26/2025,sa
FP-SP,FBIC-BLDG8,D1,D1-L4-C04-S01,,0,9/26/2025,sa
FP-SP,FBIC-BLDG8,D1,D1-L4-C04-S02,,0,9/26/2025,sa
FP-SP,FBIC-BLDG8,D1,D1-L4-C05-S01,,0,9/26/2025,sa
FP-SP,FBIC-BLDG8,D1,D1-L4-C05-S02,,0,9/26/2025,sa
FP-SP,FBIC-BLDG8,D1,D1-L4-C06-S01,,0,9/26/2025,sa
FP-SP,FBIC-BLDG8,D1,D1-L4-C06-S02,,0,9/26/2025,sa
FP-SP,FBIC-BLDG8,D1,D1-L4-C07-S01,,0,9/26/2025,sa
FP-SP,FBIC-BLDG8,D1,D1-L4-C07-S02,,0,9/26/2025,sa
FP-SP,FBIC-BLDG8,D1,D1-L4-C08-S01,,0,9/26/2025,sa
FP-SP,FBIC-BLDG8,D1,D1-L4-C08-S02,,0,9/26/2025,sa
FP-SP,FBIC-BLDG8,D1,D1-L4-C09-S01,,0,9/26/2025,sa
FP-SP,FBIC-BLDG8,D1,D1-L4-C09-S02,,0,9/26/2025,sa
FP-SP,FBIC-BLDG8,D1,D1-L4-C10-S01,,0,9/26/2025,sa
FP-SP,FBIC-BLDG8,D1,D1-L4-C10-S02,,0,9/26/2025,sa
FP-SP,FBIC-BLDG8,D1,D1-L4-C11-S01,,0,9/26/2025,sa
FP-SP,FBIC-BLDG8,D1,D1-L4-C11-S02,,0,9/26/2025,sa
FP-SP,FBIC-BLDG8,D1,D1-L4-C12-S01,,0,9/26/2025,sa
FP-SP,FBIC-BLDG8,D1,D1-L4-C12-S02,,0,9/26/2025,sa
FP-SP,FBIC-BLDG8,D1,D1-L4-C13-S01,,0,9/26/2025,sa
FP-SP,FBIC-BLDG8,D1,D1-L4-C13-S02,,0,9/26/2025,sa
FP-SP,FBIC-BLDG8,D1,D1-L4-C14-S01,,0,9/26/2025,sa
FP-SP,FBIC-BLDG8,D1,D1-L4-C14-S02,,0,9/26/2025,sa
FP-SP,FBIC-BLDG8,D1,D1-L4-C15-S01,,0,9/26/2025,sa
FP-SP,FBIC-BLDG8,D1,D1-L4-C15-S02,,0,9/26/2025,sa
FP-SP,FBIC-BLDG8,D1,D1-L4-C16-S01,,0,9/26/2025,sa
FP-SP,FBIC-BLDG8,D1,D1-L4-C16-S02,,0,9/26/2025,sa
FP-SP,FBIC-BLDG8,D2,D2-L1-C01-S01,,0,9/26/2025,sa
FP-SP,FBIC-BLDG8,D2,D2-L1-C01-S02,,0,9/26/2025,sa
FP-SP,FBIC-BLDG8,D2,D2-L1-C02-S01,,0,9/26/2025,sa
FP-SP,FBIC-BLDG8,D2,D2-L1-C02-S02,,0,9/26/2025,sa
FP-SP,FBIC-BLDG8,D2,D2-L1-C03-S01,,0,9/26/2025,sa
FP-SP,FBIC-BLDG8,D2,D2-L1-C03-S02,,0,9/26/2025,sa
FP-SP,FBIC-BLDG8,D2,D2-L1-C04-S01,,0,9/26/2025,sa
FP-SP,FBIC-BLDG8,D2,D2-L1-C04-S02,,0,9/26/2025,sa
FP-SP,FBIC-BLDG8,D2,D2-L1-C05-S01,,0,9/26/2025,sa
FP-SP,FBIC-BLDG8,D2,D2-L1-C05-S02,,0,9/26/2025,sa
FP-SP,FBIC-BLDG8,D2,D2-L1-C06-S01,,0,9/26/2025,sa
FP-SP,FBIC-BLDG8,D2,D2-L1-C06-S02,,0,9/26/2025,sa
FP-SP,FBIC-BLDG8,D2,D2-L1-C07-S01,,0,9/26/2025,sa
FP-SP,FBIC-BLDG8,D2,D2-L1-C07-S02,,0,9/26/2025,sa
FP-SP,FBIC-BLDG8,D2,D2-L1-C08-S01,,0,9/26/2025,sa
FP-SP,FBIC-BLDG8,D2,D2-L1-C08-S02,,0,9/26/2025,sa
FP-SP,FBIC-BLDG8,D2,D2-L1-C09-S01,,0,9/26/2025,sa
FP-SP,FBIC-BLDG8,D2,D2-L1-C09-S02,,0,9/26/2025,sa
FP-SP,FBIC-BLDG8,D2,D2-L1-C10-S01,,0,9/26/2025,sa
FP-SP,FBIC-BLDG8,D2,D2-L1-C10-S02,,0,9/26/2025,sa
FP-SP,FBIC-BLDG8,D2,D2-L1-C11-S01,,0,9/26/2025,sa
FP-SP,FBIC-BLDG8,D2,D2-L1-C11-S02,,0,9/26/2025,sa
FP-SP,FBIC-BLDG8,D2,D2-L1-C12-S01,,0,9/26/2025,sa
FP-SP,FBIC-BLDG8,D2,D2-L1-C12-S02,,0,9/26/2025,sa
FP-SP,FBIC-BLDG8,D2,D2-L1-C13-S01,,0,9/26/2025,sa
FP-SP,FBIC-BLDG8,D2,D2-L1-C13-S02,,0,9/26/2025,sa
FP-SP,FBIC-BLDG8,D2,D2-L1-C14-S01,,0,9/26/2025,sa
FP-SP,FBIC-BLDG8,D2,D2-L1-C14-S02,,0,9/26/2025,sa
FP-SP,FBIC-BLDG8,D2,D2-L1-C15-S01,,0,9/26/2025,sa
FP-SP,FBIC-BLDG8,D2,D2-L1-C15-S02,,0,9/26/2025,sa
FP-SP,FBIC-BLDG8,D2,D2-L1-C16-S01,,0,9/26/2025,sa
FP-SP,FBIC-BLDG8,D2,D2-L1-C16-S02,,0,9/26/2025,sa
FP-SP,FBIC-BLDG8,D2,D2-L2-C01-S01,,0,9/26/2025,sa
FP-SP,FBIC-BLDG8,D2,D2-L2-C01-S02,,0,9/26/2025,sa
FP-SP,FBIC-BLDG8,D2,D2-L2-C02-S01,,0,9/26/2025,sa
FP-SP,FBIC-BLDG8,D2,D2-L2-C02-S02,,0,9/26/2025,sa
FP-SP,FBIC-BLDG8,D2,D2-L2-C03-S01,,0,9/26/2025,sa
FP-SP,FBIC-BLDG8,D2,D2-L2-C03-S02,,0,9/26/2025,sa
FP-SP,FBIC-BLDG8,D2,D2-L2-C04-S01,,0,9/26/2025,sa
FP-SP,FBIC-BLDG8,D2,D2-L2-C04-S02,,0,9/26/2025,sa
FP-SP,FBIC-BLDG8,D2,D2-L2-C05-S01,,0,9/26/2025,sa
FP-SP,FBIC-BLDG8,D2,D2-L2-C05-S02,,0,9/26/2025,sa
FP-SP,FBIC-BLDG8,D2,D2-L2-C06-S01,,0,9/26/2025,sa
FP-SP,FBIC-BLDG8,D2,D2-L2-C06-S02,,0,9/26/2025,sa
FP-SP,FBIC-BLDG8,D2,D2-L2-C07-S01,,0,9/26/2025,sa
FP-SP,FBIC-BLDG8,D2,D2-L2-C07-S02,,0,9/26/2025,sa
FP-SP,FBIC-BLDG8,D2,D2-L2-C08-S01,,0,9/26/2025,sa
FP-SP,FBIC-BLDG8,D2,D2-L2-C08-S02,,0,9/26/2025,sa
FP-SP,FBIC-BLDG8,D2,D2-L2-C09-S01,,0,9/26/2025,sa
FP-SP,FBIC-BLDG8,D2,D2-L2-C09-S02,,0,9/26/2025,sa
FP-SP,FBIC-BLDG8,D2,D2-L2-C10-S01,,0,9/26/2025,sa
FP-SP,FBIC-BLDG8,D2,D2-L2-C10-S02,,0,9/26/2025,sa
FP-SP,FBIC-BLDG8,D2,D2-L2-C11-S01,,0,9/26/2025,sa
FP-SP,FBIC-BLDG8,D2,D2-L2-C11-S02,,0,9/26/2025,sa
FP-SP,FBIC-BLDG8,D2,D2-L2-C12-S01,,0,9/26/2025,sa
FP-SP,FBIC-BLDG8,D2,D2-L2-C12-S02,,0,9/26/2025,sa
FP-SP,FBIC-BLDG8,D2,D2-L2-C13-S01,,0,9/26/2025,sa
FP-SP,FBIC-BLDG8,D2,D2-L2-C13-S02,,0,9/26/2025,sa
FP-SP,FBIC-BLDG8,D2,D2-L2-C14-S01,,0,9/26/2025,sa
FP-SP,FBIC-BLDG8,D2,D2-L2-C14-S02,,0,9/26/2025,sa
FP-SP,FBIC-BLDG8,D2,D2-L2-C15-S01,,0,9/26/2025,sa
FP-SP,FBIC-BLDG8,D2,D2-L2-C15-S02,,0,9/26/2025,sa
FP-SP,FBIC-BLDG8,D2,D2-L2-C16-S01,,0,9/26/2025,sa
FP-SP,FBIC-BLDG8,D2,D2-L2-C16-S02,,0,9/26/2025,sa
FP-SP,FBIC-BLDG8,D2,D2-L3-C01-S01,,0,9/26/2025,sa
FP-SP,FBIC-BLDG8,D2,D2-L3-C01-S02,,0,9/26/2025,sa
FP-SP,FBIC-BLDG8,D2,D2-L3-C02-S01,,0,9/26/2025,sa
FP-SP,FBIC-BLDG8,D2,D2-L3-C02-S02,,0,9/26/2025,sa
FP-SP,FBIC-BLDG8,D2,D2-L3-C03-S01,,0,9/26/2025,sa
FP-SP,FBIC-BLDG8,D2,D2-L3-C03-S02,,0,9/26/2025,sa
FP-SP,FBIC-BLDG8,D2,D2-L3-C04-S01,,0,9/26/2025,sa
FP-SP,FBIC-BLDG8,D2,D2-L3-C04-S02,,0,9/26/2025,sa
FP-SP,FBIC-BLDG8,D2,D2-L3-C05-S01,,0,9/26/2025,sa
FP-SP,FBIC-BLDG8,D2,D2-L3-C05-S02,,0,9/26/2025,sa
FP-SP,FBIC-BLDG8,D2,D2-L3-C06-S01,,0,9/26/2025,sa
FP-SP,FBIC-BLDG8,D2,D2-L3-C06-S02,,0,9/26/2025,sa
FP-SP,FBIC-BLDG8,D2,D2-L3-C07-S01,,0,9/26/2025,sa
FP-SP,FBIC-BLDG8,D2,D2-L3-C07-S02,,0,9/26/2025,sa
FP-SP,FBIC-BLDG8,D2,D2-L3-C08-S01,,0,9/26/2025,sa
FP-SP,FBIC-BLDG8,D2,D2-L3-C08-S02,,0,9/26/2025,sa
FP-SP,FBIC-BLDG8,D2,D2-L3-C09-S01,,0,9/26/2025,sa
FP-SP,FBIC-BLDG8,D2,D2-L3-C09-S02,,0,9/26/2025,sa
FP-SP,FBIC-BLDG8,D2,D2-L3-C10-S01,,0,9/26/2025,sa
FP-SP,FBIC-BLDG8,D2,D2-L3-C10-S02,,0,9/26/2025,sa
FP-SP,FBIC-BLDG8,D2,D2-L3-C11-S01,,0,9/26/2025,sa
FP-SP,FBIC-BLDG8,D2,D2-L3-C11-S02,,0,9/26/2025,sa
FP-SP,FBIC-BLDG8,D2,D2-L3-C12-S01,,0,9/26/2025,sa
FP-SP,FBIC-BLDG8,D2,D2-L3-C12-S02,,0,9/26/2025,sa
FP-SP,FBIC-BLDG8,D2,D2-L3-C13-S01,,0,9/26/2025,sa
FP-SP,FBIC-BLDG8,D2,D2-L3-C13-S02,,0,9/26/2025,sa
FP-SP,FBIC-BLDG8,D2,D2-L3-C14-S01,,0,9/26/2025,sa
FP-SP,FBIC-BLDG8,D2,D2-L3-C14-S02,,0,9/26/2025,sa
FP-SP,FBIC-BLDG8,D2,D2-L3-C15-S01,,0,9/26/2025,sa
FP-SP,FBIC-BLDG8,D2,D2-L3-C15-S02,,0,9/26/2025,sa
FP-SP,FBIC-BLDG8,D2,D2-L3-C16-S01,,0,9/26/2025,sa
FP-SP,FBIC-BLDG8,D2,D2-L3-C16-S02,,0,9/26/2025,sa
FP-SP,FBIC-BLDG8,D2,D2-L4-C01-S01,,0,9/26/2025,sa
FP-SP,FBIC-BLDG8,D2,D2-L4-C01-S02,,0,9/26/2025,sa
FP-SP,FBIC-BLDG8,D2,D2-L4-C02-S01,,0,9/26/2025,sa
FP-SP,FBIC-BLDG8,D2,D2-L4-C02-S02,,0,9/26/2025,sa
FP-SP,FBIC-BLDG8,D2,D2-L4-C03-S01,,0,9/26/2025,sa
FP-SP,FBIC-BLDG8,D2,D2-L4-C03-S02,,0,9/26/2025,sa
FP-SP,FBIC-BLDG8,D2,D2-L4-C04-S01,,0,9/26/2025,sa
FP-SP,FBIC-BLDG8,D2,D2-L4-C04-S02,,0,9/26/2025,sa
FP-SP,FBIC-BLDG8,D2,D2-L4-C05-S01,,0,9/26/2025,sa
FP-SP,FBIC-BLDG8,D2,D2-L4-C05-S02,,0,9/26/2025,sa
FP-SP,FBIC-BLDG8,D2,D2-L4-C06-S01,,0,9/26/2025,sa
FP-SP,FBIC-BLDG8,D2,D2-L4-C06-S02,,0,9/26/2025,sa
FP-SP,FBIC-BLDG8,D2,D2-L4-C07-S01,,0,9/26/2025,sa
FP-SP,FBIC-BLDG8,D2,D2-L4-C07-S02,,0,9/26/2025,sa
FP-SP,FBIC-BLDG8,D2,D2-L4-C08-S01,,0,9/26/2025,sa
FP-SP,FBIC-BLDG8,D2,D2-L4-C08-S02,,0,9/26/2025,sa
FP-SP,FBIC-BLDG8,D2,D2-L4-C09-S01,,0,9/26/2025,sa
FP-SP,FBIC-BLDG8,D2,D2-L4-C09-S02,,0,9/26/2025,sa
FP-SP,FBIC-BLDG8,D2,D2-L4-C10-S01,,0,9/26/2025,sa
FP-SP,FBIC-BLDG8,D2,D2-L4-C10-S02,,0,9/26/2025,sa
FP-SP,FBIC-BLDG8,D2,D2-L4-C11-S01,,0,9/26/2025,sa
FP-SP,FBIC-BLDG8,D2,D2-L4-C11-S02,,0,9/26/2025,sa
FP-SP,FBIC-BLDG8,D2,D2-L4-C12-S01,,0,9/26/2025,sa
FP-SP,FBIC-BLDG8,D2,D2-L4-C12-S02,,0,9/26/2025,sa
FP-SP,FBIC-BLDG8,D2,D2-L4-C13-S01,,0,9/26/2025,sa
FP-SP,FBIC-BLDG8,D2,D2-L4-C13-S02,,0,9/26/2025,sa
FP-SP,FBIC-BLDG8,D2,D2-L4-C14-S01,,0,9/26/2025,sa
FP-SP,FBIC-BLDG8,D2,D2-L4-C14-S02,,0,9/26/2025,sa
FP-SP,FBIC-BLDG8,D2,D2-L4-C15-S01,,0,9/26/2025,sa
FP-SP,FBIC-BLDG8,D2,D2-L4-C15-S02,,0,9/26/2025,sa
FP-SP,FBIC-BLDG8,D2,D2-L4-C16-S01,,0,9/26/2025,sa
FP-SP,FBIC-BLDG8,D2,D2-L4-C16-S02,,0,9/26/2025,sa
FP-SP,FBIC-BLDG8,E1,E1-L1-C01-S01,,0,9/26/2025,sa
FP-SP,FBIC-BLDG8,E1,E1-L1-C01-S02,,0,9/26/2025,sa
FP-SP,FBIC-BLDG8,E1,E1-L1-C02-S01,,0,9/26/2025,sa
FP-SP,FBIC-BLDG8,E1,E1-L1-C02-S02,,0,9/26/2025,sa
FP-SP,FBIC-BLDG8,E1,E1-L1-C03-S01,,0,9/26/2025,sa
FP-SP,FBIC-BLDG8,E1,E1-L1-C03-S02,,0,9/26/2025,sa
FP-SP,FBIC-BLDG8,E1,E1-L1-C04-S01,,0,9/26/2025,sa
FP-SP,FBIC-BLDG8,E1,E1-L1-C04-S02,,0,9/26/2025,sa
FP-SP,FBIC-BLDG8,E1,E1-L1-C05-S01,,0,9/26/2025,sa
FP-SP,FBIC-BLDG8,E1,E1-L1-C05-S02,,0,9/26/2025,sa
FP-SP,FBIC-BLDG8,E1,E1-L1-C06-S01,,0,9/26/2025,sa
FP-SP,FBIC-BLDG8,E1,E1-L1-C06-S02,,0,9/26/2025,sa
FP-SP,FBIC-BLDG8,E1,E1-L1-C07-S01,,0,9/26/2025,sa
FP-SP,FBIC-BLDG8,E1,E1-L1-C07-S02,,0,9/26/2025,sa
FP-SP,FBIC-BLDG8,E1,E1-L1-C08-S01,,0,9/26/2025,sa
FP-SP,FBIC-BLDG8,E1,E1-L1-C08-S02,,0,9/26/2025,sa
FP-SP,FBIC-BLDG8,E1,E1-L1-C09-S01,,0,9/26/2025,sa
FP-SP,FBIC-BLDG8,E1,E1-L1-C09-S02,,0,9/26/2025,sa
FP-SP,FBIC-BLDG8,E1,E1-L1-C10-S01,,0,9/26/2025,sa
FP-SP,FBIC-BLDG8,E1,E1-L1-C10-S02,,0,9/26/2025,sa
FP-SP,FBIC-BLDG8,E1,E1-L1-C11-S01,,0,9/26/2025,sa
FP-SP,FBIC-BLDG8,E1,E1-L1-C11-S02,,0,9/26/2025,sa
FP-SP,FBIC-BLDG8,E1,E1-L1-C12-S01,,0,9/26/2025,sa
FP-SP,FBIC-BLDG8,E1,E1-L1-C12-S02,,0,9/26/2025,sa
FP-SP,FBIC-BLDG8,E1,E1-L1-C13-S01,,0,9/26/2025,sa
FP-SP,FBIC-BLDG8,E1,E1-L1-C13-S02,,0,9/26/2025,sa
FP-SP,FBIC-BLDG8,E1,E1-L1-C14-S01,,0,9/26/2025,sa
FP-SP,FBIC-BLDG8,E1,E1-L1-C14-S02,,0,9/26/2025,sa
FP-SP,FBIC-BLDG8,E1,E1-L1-C15-S01,,0,9/26/2025,sa
FP-SP,FBIC-BLDG8,E1,E1-L1-C15-S02,,0,9/26/2025,sa
FP-SP,FBIC-BLDG8,E1,E1-L1-C16-S01,,0,9/26/2025,sa
FP-SP,FBIC-BLDG8,E1,E1-L1-C16-S02,,0,9/26/2025,sa
FP-SP,FBIC-BLDG8,E1,E1-L2-C01-S01,,0,9/26/2025,sa
FP-SP,FBIC-BLDG8,E1,E1-L2-C01-S02,,0,9/26/2025,sa
FP-SP,FBIC-BLDG8,E1,E1-L2-C02-S01,,0,9/26/2025,sa
FP-SP,FBIC-BLDG8,E1,E1-L2-C02-S02,,0,9/26/2025,sa
FP-SP,FBIC-BLDG8,E1,E1-L2-C03-S01,,0,9/26/2025,sa
FP-SP,FBIC-BLDG8,E1,E1-L2-C03-S02,,0,9/26/2025,sa
FP-SP,FBIC-BLDG8,E1,E1-L2-C04-S01,,0,9/26/2025,sa
FP-SP,FBIC-BLDG8,E1,E1-L2-C04-S02,,0,9/26/2025,sa
FP-SP,FBIC-BLDG8,E1,E1-L2-C05-S01,,0,9/26/2025,sa
FP-SP,FBIC-BLDG8,E1,E1-L2-C05-S02,,0,9/26/2025,sa
FP-SP,FBIC-BLDG8,E1,E1-L2-C06-S01,,0,9/26/2025,sa
FP-SP,FBIC-BLDG8,E1,E1-L2-C06-S02,,0,9/26/2025,sa
FP-SP,FBIC-BLDG8,E1,E1-L2-C07-S01,,0,9/26/2025,sa
FP-SP,FBIC-BLDG8,E1,E1-L2-C07-S02,,0,9/26/2025,sa
FP-SP,FBIC-BLDG8,E1,E1-L2-C08-S01,,0,9/26/2025,sa
FP-SP,FBIC-BLDG8,E1,E1-L2-C08-S02,,0,9/26/2025,sa
FP-SP,FBIC-BLDG8,E1,E1-L2-C09-S01,,0,9/26/2025,sa
FP-SP,FBIC-BLDG8,E1,E1-L2-C09-S02,,0,9/26/2025,sa
FP-SP,FBIC-BLDG8,E1,E1-L2-C10-S01,,0,9/26/2025,sa
FP-SP,FBIC-BLDG8,E1,E1-L2-C10-S02,,0,9/26/2025,sa
FP-SP,FBIC-BLDG8,E1,E1-L2-C11-S01,,0,9/26/2025,sa
FP-SP,FBIC-BLDG8,E1,E1-L2-C11-S02,,0,9/26/2025,sa
FP-SP,FBIC-BLDG8,E1,E1-L2-C12-S01,,0,9/26/2025,sa
FP-SP,FBIC-BLDG8,E1,E1-L2-C12-S02,,0,9/26/2025,sa
FP-SP,FBIC-BLDG8,E1,E1-L2-C13-S01,,0,9/26/2025,sa
FP-SP,FBIC-BLDG8,E1,E1-L2-C13-S02,,0,9/26/2025,sa
FP-SP,FBIC-BLDG8,E1,E1-L2-C14-S01,,0,9/26/2025,sa
FP-SP,FBIC-BLDG8,E1,E1-L2-C14-S02,,0,9/26/2025,sa
FP-SP,FBIC-BLDG8,E1,E1-L2-C15-S01,,0,9/26/2025,sa
FP-SP,FBIC-BLDG8,E1,E1-L2-C15-S02,,0,9/26/2025,sa
FP-SP,FBIC-BLDG8,E1,E1-L2-C16-S01,,0,9/26/2025,sa
FP-SP,FBIC-BLDG8,E1,E1-L2-C16-S02,,0,9/26/2025,sa
FP-SP,FBIC-BLDG8,E1,E1-L3-C01-S01,,0,9/26/2025,sa
FP-SP,FBIC-BLDG8,E1,E1-L3-C01-S02,,0,9/26/2025,sa
FP-SP,FBIC-BLDG8,E1,E1-L3-C02-S01,,0,9/26/2025,sa
FP-SP,FBIC-BLDG8,E1,E1-L3-C02-S02,,0,9/26/2025,sa
FP-SP,FBIC-BLDG8,E1,E1-L3-C03-S01,,0,9/26/2025,sa
FP-SP,FBIC-BLDG8,E1,E1-L3-C03-S02,,0,9/26/2025,sa
FP-SP,FBIC-BLDG8,E1,E1-L3-C04-S01,,0,9/26/2025,sa
FP-SP,FBIC-BLDG8,E1,E1-L3-C04-S02,,0,9/26/2025,sa
FP-SP,FBIC-BLDG8,E1,E1-L3-C05-S01,,0,9/26/2025,sa
FP-SP,FBIC-BLDG8,E1,E1-L3-C05-S02,,0,9/26/2025,sa
FP-SP,FBIC-BLDG8,E1,E1-L3-C06-S01,,0,9/26/2025,sa
FP-SP,FBIC-BLDG8,E1,E1-L3-C06-S02,,0,9/26/2025,sa
FP-SP,FBIC-BLDG8,E1,E1-L3-C07-S01,,0,9/26/2025,sa
FP-SP,FBIC-BLDG8,E1,E1-L3-C07-S02,,0,9/26/2025,sa
FP-SP,FBIC-BLDG8,E1,E1-L3-C08-S01,,0,9/26/2025,sa
FP-SP,FBIC-BLDG8,E1,E1-L3-C08-S02,,0,9/26/2025,sa
FP-SP,FBIC-BLDG8,E1,E1-L3-C09-S01,,0,9/26/2025,sa
FP-SP,FBIC-BLDG8,E1,E1-L3-C09-S02,,0,9/26/2025,sa
FP-SP,FBIC-BLDG8,E1,E1-L3-C10-S01,,0,9/26/2025,sa
FP-SP,FBIC-BLDG8,E1,E1-L3-C10-S02,,0,9/26/2025,sa
FP-SP,FBIC-BLDG8,E1,E1-L3-C11-S01,,0,9/26/2025,sa
FP-SP,FBIC-BLDG8,E1,E1-L3-C11-S02,,0,9/26/2025,sa
FP-SP,FBIC-BLDG8,E1,E1-L3-C12-S01,,0,9/26/2025,sa
FP-SP,FBIC-BLDG8,E1,E1-L3-C12-S02,,0,9/26/2025,sa
FP-SP,FBIC-BLDG8,E1,E1-L3-C13-S01,,0,9/26/2025,sa
FP-SP,FBIC-BLDG8,E1,E1-L3-C13-S02,,0,9/26/2025,sa
FP-SP,FBIC-BLDG8,E1,E1-L3-C14-S01,,0,9/26/2025,sa
FP-SP,FBIC-BLDG8,E1,E1-L3-C14-S02,,0,9/26/2025,sa
FP-SP,FBIC-BLDG8,E1,E1-L3-C15-S01,,0,9/26/2025,sa
FP-SP,FBIC-BLDG8,E1,E1-L3-C15-S02,,0,9/26/2025,sa
FP-SP,FBIC-BLDG8,E1,E1-L3-C16-S01,,0,9/26/2025,sa
FP-SP,FBIC-BLDG8,E1,E1-L3-C16-S02,,0,9/26/2025,sa
FP-SP,FBIC-BLDG8,E1,E1-L4-C01-S01,,0,9/26/2025,sa
FP-SP,FBIC-BLDG8,E1,E1-L4-C01-S02,,0,9/26/2025,sa
FP-SP,FBIC-BLDG8,E1,E1-L4-C02-S01,,0,9/26/2025,sa
FP-SP,FBIC-BLDG8,E1,E1-L4-C02-S02,,0,9/26/2025,sa
FP-SP,FBIC-BLDG8,E1,E1-L4-C03-S01,,0,9/26/2025,sa
FP-SP,FBIC-BLDG8,E1,E1-L4-C03-S02,,0,9/26/2025,sa
FP-SP,FBIC-BLDG8,E1,E1-L4-C04-S01,,0,9/26/2025,sa
FP-SP,FBIC-BLDG8,E1,E1-L4-C04-S02,,0,9/26/2025,sa
FP-SP,FBIC-BLDG8,E1,E1-L4-C05-S01,,0,9/26/2025,sa
FP-SP,FBIC-BLDG8,E1,E1-L4-C05-S02,,0,9/26/2025,sa
FP-SP,FBIC-BLDG8,E1,E1-L4-C06-S01,,0,9/26/2025,sa
FP-SP,FBIC-BLDG8,E1,E1-L4-C06-S02,,0,9/26/2025,sa
FP-SP,FBIC-BLDG8,E1,E1-L4-C07-S01,,0,9/26/2025,sa
FP-SP,FBIC-BLDG8,E1,E1-L4-C07-S02,,0,9/26/2025,sa
FP-SP,FBIC-BLDG8,E1,E1-L4-C08-S01,,0,9/26/2025,sa
FP-SP,FBIC-BLDG8,E1,E1-L4-C08-S02,,0,9/26/2025,sa
FP-SP,FBIC-BLDG8,E1,E1-L4-C09-S01,,0,9/26/2025,sa
FP-SP,FBIC-BLDG8,E1,E1-L4-C09-S02,,0,9/26/2025,sa
FP-SP,FBIC-BLDG8,E1,E1-L4-C10-S01,,0,9/26/2025,sa
FP-SP,FBIC-BLDG8,E1,E1-L4-C10-S02,,0,9/26/2025,sa
FP-SP,FBIC-BLDG8,E1,E1-L4-C11-S01,,0,9/26/2025,sa
FP-SP,FBIC-BLDG8,E1,E1-L4-C11-S02,,0,9/26/2025,sa
FP-SP,FBIC-BLDG8,E1,E1-L4-C12-S01,,0,9/26/2025,sa
FP-SP,FBIC-BLDG8,E1,E1-L4-C12-S02,,0,9/26/2025,sa
FP-SP,FBIC-BLDG8,E1,E1-L4-C13-S01,,0,9/26/2025,sa
FP-SP,FBIC-BLDG8,E1,E1-L4-C13-S02,,0,9/26/2025,sa
FP-SP,FBIC-BLDG8,E1,E1-L4-C14-S01,,0,9/26/2025,sa
FP-SP,FBIC-BLDG8,E1,E1-L4-C14-S02,,0,9/26/2025,sa
FP-SP,FBIC-BLDG8,E1,E1-L4-C15-S01,,0,9/26/2025,sa
FP-SP,FBIC-BLDG8,E1,E1-L4-C15-S02,,0,9/26/2025,sa
FP-SP,FBIC-BLDG8,E1,E1-L4-C16-S01,,0,9/26/2025,sa
FP-SP,FBIC-BLDG8,E1,E1-L4-C16-S02,,0,9/26/2025,sa
FP-SP,FBIC-BLDG8,E2,E2-L1-C01-S01,,0,9/26/2025,sa
FP-SP,FBIC-BLDG8,E2,E2-L1-C01-S02,,0,9/26/2025,sa
FP-SP,FBIC-BLDG8,E2,E2-L1-C02-S01,,0,9/26/2025,sa
FP-SP,FBIC-BLDG8,E2,E2-L1-C02-S02,,0,9/26/2025,sa
FP-SP,FBIC-BLDG8,E2,E2-L1-C03-S01,,0,9/26/2025,sa
FP-SP,FBIC-BLDG8,E2,E2-L1-C03-S02,,0,9/26/2025,sa
FP-SP,FBIC-BLDG8,E2,E2-L1-C04-S01,,0,9/26/2025,sa
FP-SP,FBIC-BLDG8,E2,E2-L1-C04-S02,,0,9/26/2025,sa
FP-SP,FBIC-BLDG8,E2,E2-L1-C05-S01,,0,9/26/2025,sa
FP-SP,FBIC-BLDG8,E2,E2-L1-C05-S02,,0,9/26/2025,sa
FP-SP,FBIC-BLDG8,E2,E2-L1-C06-S01,,0,9/26/2025,sa
FP-SP,FBIC-BLDG8,E2,E2-L1-C06-S02,,0,9/26/2025,sa
FP-SP,FBIC-BLDG8,E2,E2-L1-C07-S01,,0,9/26/2025,sa
FP-SP,FBIC-BLDG8,E2,E2-L1-C07-S02,,0,9/26/2025,sa
FP-SP,FBIC-BLDG8,E2,E2-L1-C08-S01,,0,9/26/2025,sa
FP-SP,FBIC-BLDG8,E2,E2-L1-C08-S02,,0,9/26/2025,sa
FP-SP,FBIC-BLDG8,E2,E2-L1-C09-S01,,0,9/26/2025,sa
FP-SP,FBIC-BLDG8,E2,E2-L1-C09-S02,,0,9/26/2025,sa
FP-SP,FBIC-BLDG8,E2,E2-L1-C10-S01,,0,9/26/2025,sa
FP-SP,FBIC-BLDG8,E2,E2-L1-C10-S02,,0,9/26/2025,sa
FP-SP,FBIC-BLDG8,E2,E2-L1-C11-S01,,0,9/26/2025,sa
FP-SP,FBIC-BLDG8,E2,E2-L1-C11-S02,,0,9/26/2025,sa
FP-SP,FBIC-BLDG8,E2,E2-L1-C12-S01,,0,9/26/2025,sa
FP-SP,FBIC-BLDG8,E2,E2-L1-C12-S02,,0,9/26/2025,sa
FP-SP,FBIC-BLDG8,E2,E2-L1-C13-S01,,0,9/26/2025,sa
FP-SP,FBIC-BLDG8,E2,E2-L1-C13-S02,,0,9/26/2025,sa
FP-SP,FBIC-BLDG8,E2,E2-L1-C14-S01,,0,9/26/2025,sa
FP-SP,FBIC-BLDG8,E2,E2-L1-C14-S02,,0,9/26/2025,sa
FP-SP,FBIC-BLDG8,E2,E2-L1-C15-S01,,0,9/26/2025,sa
FP-SP,FBIC-BLDG8,E2,E2-L1-C15-S02,,0,9/26/2025,sa
FP-SP,FBIC-BLDG8,E2,E2-L1-C16-S01,,0,9/26/2025,sa
FP-SP,FBIC-BLDG8,E2,E2-L1-C16-S02,,0,9/26/2025,sa
FP-SP,FBIC-BLDG8,E2,E2-L2-C01-S01,,0,9/26/2025,sa
FP-SP,FBIC-BLDG8,E2,E2-L2-C01-S02,,0,9/26/2025,sa
FP-SP,FBIC-BLDG8,E2,E2-L2-C02-S01,,0,9/26/2025,sa
FP-SP,FBIC-BLDG8,E2,E2-L2-C02-S02,,0,9/26/2025,sa
FP-SP,FBIC-BLDG8,E2,E2-L2-C03-S01,,0,9/26/2025,sa
FP-SP,FBIC-BLDG8,E2,E2-L2-C03-S02,,0,9/26/2025,sa
FP-SP,FBIC-BLDG8,E2,E2-L2-C04-S01,,0,9/26/2025,sa
FP-SP,FBIC-BLDG8,E2,E2-L2-C04-S02,,0,9/26/2025,sa
FP-SP,FBIC-BLDG8,E2,E2-L2-C05-S01,,0,9/26/2025,sa
FP-SP,FBIC-BLDG8,E2,E2-L2-C05-S02,,0,9/26/2025,sa
FP-SP,FBIC-BLDG8,E2,E2-L2-C06-S01,,0,9/26/2025,sa
FP-SP,FBIC-BLDG8,E2,E2-L2-C06-S02,,0,9/26/2025,sa
FP-SP,FBIC-BLDG8,E2,E2-L2-C07-S01,,0,9/26/2025,sa
FP-SP,FBIC-BLDG8,E2,E2-L2-C07-S02,,0,9/26/2025,sa
FP-SP,FBIC-BLDG8,E2,E2-L2-C08-S01,,0,9/26/2025,sa
FP-SP,FBIC-BLDG8,E2,E2-L2-C08-S02,,0,9/26/2025,sa
FP-SP,FBIC-BLDG8,E2,E2-L2-C09-S01,,0,9/26/2025,sa
FP-SP,FBIC-BLDG8,E2,E2-L2-C09-S02,,0,9/26/2025,sa
FP-SP,FBIC-BLDG8,E2,E2-L2-C10-S01,,0,9/26/2025,sa
FP-SP,FBIC-BLDG8,E2,E2-L2-C10-S02,,0,9/26/2025,sa
FP-SP,FBIC-BLDG8,E2,E2-L2-C11-S01,,0,9/26/2025,sa
FP-SP,FBIC-BLDG8,E2,E2-L2-C11-S02,,0,9/26/2025,sa
FP-SP,FBIC-BLDG8,E2,E2-L2-C12-S01,,0,9/26/2025,sa
FP-SP,FBIC-BLDG8,E2,E2-L2-C12-S02,,0,9/26/2025,sa
FP-SP,FBIC-BLDG8,E2,E2-L2-C13-S01,,0,9/26/2025,sa
FP-SP,FBIC-BLDG8,E2,E2-L2-C13-S02,,0,9/26/2025,sa
FP-SP,FBIC-BLDG8,E2,E2-L2-C14-S01,,0,9/26/2025,sa
FP-SP,FBIC-BLDG8,E2,E2-L2-C14-S02,,0,9/26/2025,sa
FP-SP,FBIC-BLDG8,E2,E2-L2-C15-S01,,0,9/26/2025,sa
FP-SP,FBIC-BLDG8,E2,E2-L2-C15-S02,,0,9/26/2025,sa
FP-SP,FBIC-BLDG8,E2,E2-L2-C16-S01,,0,9/26/2025,sa
FP-SP,FBIC-BLDG8,E2,E2-L2-C16-S02,,0,9/26/2025,sa
FP-SP,FBIC-BLDG8,E2,E2-L3-C01-S01,,0,9/26/2025,sa
FP-SP,FBIC-BLDG8,E2,E2-L3-C01-S02,,0,9/26/2025,sa
FP-SP,FBIC-BLDG8,E2,E2-L3-C02-S01,,0,9/26/2025,sa
FP-SP,FBIC-BLDG8,E2,E2-L3-C02-S02,,0,9/26/2025,sa
FP-SP,FBIC-BLDG8,E2,E2-L3-C03-S01,,0,9/26/2025,sa
FP-SP,FBIC-BLDG8,E2,E2-L3-C03-S02,,0,9/26/2025,sa
FP-SP,FBIC-BLDG8,E2,E2-L3-C04-S01,,0,9/26/2025,sa
FP-SP,FBIC-BLDG8,E2,E2-L3-C04-S02,,0,9/26/2025,sa
FP-SP,FBIC-BLDG8,E2,E2-L3-C05-S01,,0,9/26/2025,sa
FP-SP,FBIC-BLDG8,E2,E2-L3-C05-S02,,0,9/26/2025,sa
FP-SP,FBIC-BLDG8,E2,E2-L3-C06-S01,,0,9/26/2025,sa
FP-SP,FBIC-BLDG8,E2,E2-L3-C06-S02,,0,9/26/2025,sa
FP-SP,FBIC-BLDG8,E2,E2-L3-C07-S01,,0,9/26/2025,sa
FP-SP,FBIC-BLDG8,E2,E2-L3-C07-S02,,0,9/26/2025,sa
FP-SP,FBIC-BLDG8,E2,E2-L3-C08-S01,,0,9/26/2025,sa
FP-SP,FBIC-BLDG8,E2,E2-L3-C08-S02,,0,9/26/2025,sa
FP-SP,FBIC-BLDG8,E2,E2-L3-C09-S01,,0,9/26/2025,sa
FP-SP,FBIC-BLDG8,E2,E2-L3-C09-S02,,0,9/26/2025,sa
FP-SP,FBIC-BLDG8,E2,E2-L3-C10-S01,,0,9/26/2025,sa
FP-SP,FBIC-BLDG8,E2,E2-L3-C10-S02,,0,9/26/2025,sa
FP-SP,FBIC-BLDG8,E2,E2-L3-C11-S01,,0,9/26/2025,sa
FP-SP,FBIC-BLDG8,E2,E2-L3-C11-S02,,0,9/26/2025,sa
FP-SP,FBIC-BLDG8,E2,E2-L3-C12-S01,,0,9/26/2025,sa
FP-SP,FBIC-BLDG8,E2,E2-L3-C12-S02,,0,9/26/2025,sa
FP-SP,FBIC-BLDG8,E2,E2-L3-C13-S01,,0,9/26/2025,sa
FP-SP,FBIC-BLDG8,E2,E2-L3-C13-S02,,0,9/26/2025,sa
FP-SP,FBIC-BLDG8,E2,E2-L3-C14-S01,,0,9/26/2025,sa
FP-SP,FBIC-BLDG8,E2,E2-L3-C14-S02,,0,9/26/2025,sa
FP-SP,FBIC-BLDG8,E2,E2-L3-C15-S01,,0,9/26/2025,sa
FP-SP,FBIC-BLDG8,E2,E2-L3-C15-S02,,0,9/26/2025,sa
FP-SP,FBIC-BLDG8,E2,E2-L3-C16-S01,,0,9/26/2025,sa
FP-SP,FBIC-BLDG8,E2,E2-L3-C16-S02,,0,9/26/2025,sa
FP-SP,FBIC-BLDG8,E2,E2-L4-C01-S01,,0,9/26/2025,sa
FP-SP,FBIC-BLDG8,E2,E2-L4-C01-S02,,0,9/26/2025,sa
FP-SP,FBIC-BLDG8,E2,E2-L4-C02-S01,,0,9/26/2025,sa
FP-SP,FBIC-BLDG8,E2,E2-L4-C02-S02,,0,9/26/2025,sa
FP-SP,FBIC-BLDG8,E2,E2-L4-C03-S01,,0,9/26/2025,sa
FP-SP,FBIC-BLDG8,E2,E2-L4-C03-S02,,0,9/26/2025,sa
FP-SP,FBIC-BLDG8,E2,E2-L4-C04-S01,,0,9/26/2025,sa
FP-SP,FBIC-BLDG8,E2,E2-L4-C04-S02,,0,9/26/2025,sa
FP-SP,FBIC-BLDG8,E2,E2-L4-C05-S01,,0,9/26/2025,sa
FP-SP,FBIC-BLDG8,E2,E2-L4-C05-S02,,0,9/26/2025,sa
FP-SP,FBIC-BLDG8,E2,E2-L4-C06-S01,,0,9/26/2025,sa
FP-SP,FBIC-BLDG8,E2,E2-L4-C06-S02,,0,9/26/2025,sa
FP-SP,FBIC-BLDG8,E2,E2-L4-C07-S01,,0,9/26/2025,sa
FP-SP,FBIC-BLDG8,E2,E2-L4-C07-S02,,0,9/26/2025,sa
FP-SP,FBIC-BLDG8,E2,E2-L4-C08-S01,,0,9/26/2025,sa
FP-SP,FBIC-BLDG8,E2,E2-L4-C08-S02,,0,9/26/2025,sa
FP-SP,FBIC-BLDG8,E2,E2-L4-C09-S01,,0,9/26/2025,sa
FP-SP,FBIC-BLDG8,E2,E2-L4-C09-S02,,0,9/26/2025,sa
FP-SP,FBIC-BLDG8,E2,E2-L4-C10-S01,,0,9/26/2025,sa
FP-SP,FBIC-BLDG8,E2,E2-L4-C10-S02,,0,9/26/2025,sa
FP-SP,FBIC-BLDG8,E2,E2-L4-C11-S01,,0,9/26/2025,sa
FP-SP,FBIC-BLDG8,E2,E2-L4-C11-S02,,0,9/26/2025,sa
FP-SP,FBIC-BLDG8,E2,E2-L4-C12-S01,,0,9/26/2025,sa
FP-SP,FBIC-BLDG8,E2,E2-L4-C12-S02,,0,9/26/2025,sa
FP-SP,FBIC-BLDG8,E2,E2-L4-C13-S01,,0,9/26/2025,sa
FP-SP,FBIC-BLDG8,E2,E2-L4-C13-S02,,0,9/26/2025,sa
FP-SP,FBIC-BLDG8,E2,E2-L4-C14-S01,,0,9/26/2025,sa
FP-SP,FBIC-BLDG8,E2,E2-L4-C14-S02,,0,9/26/2025,sa
FP-SP,FBIC-BLDG8,E2,E2-L4-C15-S01,,0,9/26/2025,sa
FP-SP,FBIC-BLDG8,E2,E2-L4-C15-S02,,0,9/26/2025,sa
FP-SP,FBIC-BLDG8,E2,E2-L4-C16-S01,,0,9/26/2025,sa
FP-SP,FBIC-BLDG8,E2,E2-L4-C16-S02,,0,9/26/2025,sa
FP-SP,FBIC-BLDG8,F1,F1-L1-C01-S01,,0,9/26/2025,sa
FP-SP,FBIC-BLDG8,F1,F1-L1-C01-S02,,0,9/26/2025,sa
FP-SP,FBIC-BLDG8,F1,F1-L1-C02-S01,,0,9/26/2025,sa
FP-SP,FBIC-BLDG8,F1,F1-L1-C02-S02,,0,9/26/2025,sa
FP-SP,FBIC-BLDG8,F1,F1-L1-C03-S01,,0,9/26/2025,sa
FP-SP,FBIC-BLDG8,F1,F1-L1-C03-S02,,0,9/26/2025,sa
FP-SP,FBIC-BLDG8,F1,F1-L1-C04-S01,,0,9/26/2025,sa
FP-SP,FBIC-BLDG8,F1,F1-L1-C04-S02,,0,9/26/2025,sa
FP-SP,FBIC-BLDG8,F1,F1-L1-C05-S01,,0,9/26/2025,sa
FP-SP,FBIC-BLDG8,F1,F1-L1-C05-S02,,0,9/26/2025,sa
FP-SP,FBIC-BLDG8,F1,F1-L1-C06-S01,,0,9/26/2025,sa
FP-SP,FBIC-BLDG8,F1,F1-L1-C06-S02,,0,9/26/2025,sa
FP-SP,FBIC-BLDG8,F1,F1-L1-C07-S01,,0,9/26/2025,sa
FP-SP,FBIC-BLDG8,F1,F1-L1-C07-S02,,0,9/26/2025,sa
FP-SP,FBIC-BLDG8,F1,F1-L1-C08-S01,,0,9/26/2025,sa
FP-SP,FBIC-BLDG8,F1,F1-L1-C08-S02,,0,9/26/2025,sa
FP-SP,FBIC-BLDG8,F1,F1-L1-C09-S01,,0,9/26/2025,sa
FP-SP,FBIC-BLDG8,F1,F1-L1-C09-S02,,0,9/26/2025,sa
FP-SP,FBIC-BLDG8,F1,F1-L1-C10-S01,,0,9/26/2025,sa
FP-SP,FBIC-BLDG8,F1,F1-L1-C10-S02,,0,9/26/2025,sa
FP-SP,FBIC-BLDG8,F1,F1-L1-C11-S01,,0,9/26/2025,sa
FP-SP,FBIC-BLDG8,F1,F1-L1-C11-S02,,0,9/26/2025,sa
FP-SP,FBIC-BLDG8,F1,F1-L1-C12-S01,,0,9/26/2025,sa
FP-SP,FBIC-BLDG8,F1,F1-L1-C12-S02,,0,9/26/2025,sa
FP-SP,FBIC-BLDG8,F1,F1-L1-C13-S01,,0,9/26/2025,sa
FP-SP,FBIC-BLDG8,F1,F1-L1-C13-S02,,0,9/26/2025,sa
FP-SP,FBIC-BLDG8,F1,F1-L1-C14-S01,,0,9/26/2025,sa
FP-SP,FBIC-BLDG8,F1,F1-L1-C14-S02,,0,9/26/2025,sa
FP-SP,FBIC-BLDG8,F1,F1-L1-C15-S01,,0,9/26/2025,sa
FP-SP,FBIC-BLDG8,F1,F1-L1-C15-S02,,0,9/26/2025,sa
FP-SP,FBIC-BLDG8,F1,F1-L1-C16-S01,,0,9/26/2025,sa
FP-SP,FBIC-BLDG8,F1,F1-L1-C16-S02,,0,9/26/2025,sa
FP-SP,FBIC-BLDG8,F1,F1-L2-C01-S01,,0,9/26/2025,sa
FP-SP,FBIC-BLDG8,F1,F1-L2-C01-S02,,0,9/26/2025,sa
FP-SP,FBIC-BLDG8,F1,F1-L2-C02-S01,,0,9/26/2025,sa
FP-SP,FBIC-BLDG8,F1,F1-L2-C02-S02,,0,9/26/2025,sa
FP-SP,FBIC-BLDG8,F1,F1-L2-C03-S01,,0,9/26/2025,sa
FP-SP,FBIC-BLDG8,F1,F1-L2-C03-S02,,0,9/26/2025,sa
FP-SP,FBIC-BLDG8,F1,F1-L2-C04-S01,,0,9/26/2025,sa
FP-SP,FBIC-BLDG8,F1,F1-L2-C04-S02,,0,9/26/2025,sa
FP-SP,FBIC-BLDG8,F1,F1-L2-C05-S01,,0,9/26/2025,sa
FP-SP,FBIC-BLDG8,F1,F1-L2-C05-S02,,0,9/26/2025,sa
FP-SP,FBIC-BLDG8,F1,F1-L2-C06-S01,,0,9/26/2025,sa
FP-SP,FBIC-BLDG8,F1,F1-L2-C06-S02,,0,9/26/2025,sa
FP-SP,FBIC-BLDG8,F1,F1-L2-C07-S01,,0,9/26/2025,sa
FP-SP,FBIC-BLDG8,F1,F1-L2-C07-S02,,0,9/26/2025,sa
FP-SP,FBIC-BLDG8,F1,F1-L2-C08-S01,,0,9/26/2025,sa
FP-SP,FBIC-BLDG8,F1,F1-L2-C08-S02,,0,9/26/2025,sa
FP-SP,FBIC-BLDG8,F1,F1-L2-C09-S01,,0,9/26/2025,sa
FP-SP,FBIC-BLDG8,F1,F1-L2-C09-S02,,0,9/26/2025,sa
FP-SP,FBIC-BLDG8,F1,F1-L2-C10-S01,,0,9/26/2025,sa
FP-SP,FBIC-BLDG8,F1,F1-L2-C10-S02,,0,9/26/2025,sa
FP-SP,FBIC-BLDG8,F1,F1-L2-C11-S01,,0,9/26/2025,sa
FP-SP,FBIC-BLDG8,F1,F1-L2-C11-S02,,0,9/26/2025,sa
FP-SP,FBIC-BLDG8,F1,F1-L2-C12-S01,,0,9/26/2025,sa
FP-SP,FBIC-BLDG8,F1,F1-L2-C12-S02,,0,9/26/2025,sa
FP-SP,FBIC-BLDG8,F1,F1-L2-C13-S01,,0,9/26/2025,sa
FP-SP,FBIC-BLDG8,F1,F1-L2-C13-S02,,0,9/26/2025,sa
FP-SP,FBIC-BLDG8,F1,F1-L2-C14-S01,,0,9/26/2025,sa
FP-SP,FBIC-BLDG8,F1,F1-L2-C14-S02,,0,9/26/2025,sa
FP-SP,FBIC-BLDG8,F1,F1-L2-C15-S01,,0,9/26/2025,sa
FP-SP,FBIC-BLDG8,F1,F1-L2-C15-S02,,0,9/26/2025,sa
FP-SP,FBIC-BLDG8,F1,F1-L2-C16-S01,,0,9/26/2025,sa
FP-SP,FBIC-BLDG8,F1,F1-L2-C16-S02,,0,9/26/2025,sa
FP-SP,FBIC-BLDG8,F1,F1-L3-C01-S01,,0,9/26/2025,sa
FP-SP,FBIC-BLDG8,F1,F1-L3-C01-S02,,0,9/26/2025,sa
FP-SP,FBIC-BLDG8,F1,F1-L3-C02-S01,,0,9/26/2025,sa
FP-SP,FBIC-BLDG8,F1,F1-L3-C02-S02,,0,9/26/2025,sa
FP-SP,FBIC-BLDG8,F1,F1-L3-C03-S01,,0,9/26/2025,sa
FP-SP,FBIC-BLDG8,F1,F1-L3-C03-S02,,0,9/26/2025,sa
FP-SP,FBIC-BLDG8,F1,F1-L3-C04-S01,,0,9/26/2025,sa
FP-SP,FBIC-BLDG8,F1,F1-L3-C04-S02,,0,9/26/2025,sa
FP-SP,FBIC-BLDG8,F1,F1-L3-C05-S01,,0,9/26/2025,sa
FP-SP,FBIC-BLDG8,F1,F1-L3-C05-S02,,0,9/26/2025,sa
FP-SP,FBIC-BLDG8,F1,F1-L3-C06-S01,,0,9/26/2025,sa
FP-SP,FBIC-BLDG8,F1,F1-L3-C06-S02,,0,9/26/2025,sa
FP-SP,FBIC-BLDG8,F1,F1-L3-C07-S01,,0,9/26/2025,sa
FP-SP,FBIC-BLDG8,F1,F1-L3-C07-S02,,0,9/26/2025,sa
FP-SP,FBIC-BLDG8,F1,F1-L3-C08-S01,,0,9/26/2025,sa
FP-SP,FBIC-BLDG8,F1,F1-L3-C08-S02,,0,9/26/2025,sa
FP-SP,FBIC-BLDG8,F1,F1-L3-C09-S01,,0,9/26/2025,sa
FP-SP,FBIC-BLDG8,F1,F1-L3-C09-S02,,0,9/26/2025,sa
FP-SP,FBIC-BLDG8,F1,F1-L3-C10-S01,,0,9/26/2025,sa
FP-SP,FBIC-BLDG8,F1,F1-L3-C10-S02,,0,9/26/2025,sa
FP-SP,FBIC-BLDG8,F1,F1-L3-C11-S01,,0,9/26/2025,sa
FP-SP,FBIC-BLDG8,F1,F1-L3-C11-S02,,0,9/26/2025,sa
FP-SP,FBIC-BLDG8,F1,F1-L3-C12-S01,,0,9/26/2025,sa
FP-SP,FBIC-BLDG8,F1,F1-L3-C12-S02,,0,9/26/2025,sa
FP-SP,FBIC-BLDG8,F1,F1-L3-C13-S01,,0,9/26/2025,sa
FP-SP,FBIC-BLDG8,F1,F1-L3-C13-S02,,0,9/26/2025,sa
FP-SP,FBIC-BLDG8,F1,F1-L3-C14-S01,,0,9/26/2025,sa
FP-SP,FBIC-BLDG8,F1,F1-L3-C14-S02,,0,9/26/2025,sa
FP-SP,FBIC-BLDG8,F1,F1-L3-C15-S01,,0,9/26/2025,sa
FP-SP,FBIC-BLDG8,F1,F1-L3-C15-S02,,0,9/26/2025,sa
FP-SP,FBIC-BLDG8,F1,F1-L3-C16-S01,,0,9/26/2025,sa
FP-SP,FBIC-BLDG8,F1,F1-L3-C16-S02,,0,9/26/2025,sa
FP-SP,FBIC-BLDG8,F1,F1-L4-C01-S01,,0,9/26/2025,sa
FP-SP,FBIC-BLDG8,F1,F1-L4-C01-S02,,0,9/26/2025,sa
FP-SP,FBIC-BLDG8,F1,F1-L4-C02-S01,,0,9/26/2025,sa
FP-SP,FBIC-BLDG8,F1,F1-L4-C02-S02,,0,9/26/2025,sa
FP-SP,FBIC-BLDG8,F1,F1-L4-C03-S01,,0,9/26/2025,sa
FP-SP,FBIC-BLDG8,F1,F1-L4-C03-S02,,0,9/26/2025,sa
FP-SP,FBIC-BLDG8,F1,F1-L4-C04-S01,,0,9/26/2025,sa
FP-SP,FBIC-BLDG8,F1,F1-L4-C04-S02,,0,9/26/2025,sa
FP-SP,FBIC-BLDG8,F1,F1-L4-C05-S01,,0,9/26/2025,sa
FP-SP,FBIC-BLDG8,F1,F1-L4-C05-S02,,0,9/26/2025,sa
FP-SP,FBIC-BLDG8,F1,F1-L4-C06-S01,,0,9/26/2025,sa
FP-SP,FBIC-BLDG8,F1,F1-L4-C06-S02,,0,9/26/2025,sa
FP-SP,FBIC-BLDG8,F1,F1-L4-C07-S01,,0,9/26/2025,sa
FP-SP,FBIC-BLDG8,F1,F1-L4-C07-S02,,0,9/26/2025,sa
FP-SP,FBIC-BLDG8,F1,F1-L4-C08-S01,,0,9/26/2025,sa
FP-SP,FBIC-BLDG8,F1,F1-L4-C08-S02,,0,9/26/2025,sa
FP-SP,FBIC-BLDG8,F1,F1-L4-C09-S01,,0,9/26/2025,sa
FP-SP,FBIC-BLDG8,F1,F1-L4-C09-S02,,0,9/26/2025,sa
FP-SP,FBIC-BLDG8,F1,F1-L4-C10-S01,,0,9/26/2025,sa
FP-SP,FBIC-BLDG8,F1,F1-L4-C10-S02,,0,9/26/2025,sa
FP-SP,FBIC-BLDG8,F1,F1-L4-C11-S01,,0,9/26/2025,sa
FP-SP,FBIC-BLDG8,F1,F1-L4-C11-S02,,0,9/26/2025,sa
FP-SP,FBIC-BLDG8,F1,F1-L4-C12-S01,,0,9/26/2025,sa
FP-SP,FBIC-BLDG8,F1,F1-L4-C12-S02,,0,9/26/2025,sa
FP-SP,FBIC-BLDG8,F1,F1-L4-C13-S01,,0,9/26/2025,sa
FP-SP,FBIC-BLDG8,F1,F1-L4-C13-S02,,0,9/26/2025,sa
FP-SP,FBIC-BLDG8,F1,F1-L4-C14-S01,,0,9/26/2025,sa
FP-SP,FBIC-BLDG8,F1,F1-L4-C14-S02,,0,9/26/2025,sa
FP-SP,FBIC-BLDG8,F1,F1-L4-C15-S01,,0,9/26/2025,sa
FP-SP,FBIC-BLDG8,F1,F1-L4-C15-S02,,0,9/26/2025,sa
FP-SP,FBIC-BLDG8,F1,F1-L4-C16-S01,,0,9/26/2025,sa
FP-SP,FBIC-BLDG8,F1,F1-L4-C16-S02,,0,9/26/2025,sa
FP-SP,FBIC-BLDG8,F2,F2-L1-C01-S01,,0,9/26/2025,sa
FP-SP,FBIC-BLDG8,F2,F2-L1-C01-S02,,0,9/26/2025,sa
FP-SP,FBIC-BLDG8,F2,F2-L1-C02-S01,,0,9/26/2025,sa
FP-SP,FBIC-BLDG8,F2,F2-L1-C02-S02,,0,9/26/2025,sa
FP-SP,FBIC-BLDG8,F2,F2-L1-C03-S01,,0,9/26/2025,sa
FP-SP,FBIC-BLDG8,F2,F2-L1-C03-S02,,0,9/26/2025,sa
FP-SP,FBIC-BLDG8,F2,F2-L1-C04-S01,,0,9/26/2025,sa
FP-SP,FBIC-BLDG8,F2,F2-L1-C04-S02,,0,9/26/2025,sa
FP-SP,FBIC-BLDG8,F2,F2-L1-C05-S01,,0,9/26/2025,sa
FP-SP,FBIC-BLDG8,F2,F2-L1-C05-S02,,0,9/26/2025,sa
FP-SP,FBIC-BLDG8,F2,F2-L1-C06-S01,,0,9/26/2025,sa
FP-SP,FBIC-BLDG8,F2,F2-L1-C06-S02,,0,9/26/2025,sa
FP-SP,FBIC-BLDG8,F2,F2-L1-C07-S01,,0,9/26/2025,sa
FP-SP,FBIC-BLDG8,F2,F2-L1-C07-S02,,0,9/26/2025,sa
FP-SP,FBIC-BLDG8,F2,F2-L1-C08-S01,,0,9/26/2025,sa
FP-SP,FBIC-BLDG8,F2,F2-L1-C08-S02,,0,9/26/2025,sa
FP-SP,FBIC-BLDG8,F2,F2-L1-C09-S01,,0,9/26/2025,sa
FP-SP,FBIC-BLDG8,F2,F2-L1-C09-S02,,0,9/26/2025,sa
FP-SP,FBIC-BLDG8,F2,F2-L1-C10-S01,,0,9/26/2025,sa
FP-SP,FBIC-BLDG8,F2,F2-L1-C10-S02,,0,9/26/2025,sa
FP-SP,FBIC-BLDG8,F2,F2-L1-C11-S01,,0,9/26/2025,sa
FP-SP,FBIC-BLDG8,F2,F2-L1-C11-S02,,0,9/26/2025,sa
FP-SP,FBIC-BLDG8,F2,F2-L1-C12-S01,,0,9/26/2025,sa
FP-SP,FBIC-BLDG8,F2,F2-L1-C12-S02,,0,9/26/2025,sa
FP-SP,FBIC-BLDG8,F2,F2-L1-C13-S01,,0,9/26/2025,sa
FP-SP,FBIC-BLDG8,F2,F2-L1-C13-S02,,0,9/26/2025,sa
FP-SP,FBIC-BLDG8,F2,F2-L1-C14-S01,,0,9/26/2025,sa
FP-SP,FBIC-BLDG8,F2,F2-L1-C14-S02,,0,9/26/2025,sa
FP-SP,FBIC-BLDG8,F2,F2-L1-C15-S01,,0,9/26/2025,sa
FP-SP,FBIC-BLDG8,F2,F2-L1-C15-S02,,0,9/26/2025,sa
FP-SP,FBIC-BLDG8,F2,F2-L1-C16-S01,,0,9/26/2025,sa
FP-SP,FBIC-BLDG8,F2,F2-L1-C16-S02,,0,9/26/2025,sa
FP-SP,FBIC-BLDG8,F2,F2-L2-C01-S01,,0,9/26/2025,sa
FP-SP,FBIC-BLDG8,F2,F2-L2-C01-S02,,0,9/26/2025,sa
FP-SP,FBIC-BLDG8,F2,F2-L2-C02-S01,,0,9/26/2025,sa
FP-SP,FBIC-BLDG8,F2,F2-L2-C02-S02,,0,9/26/2025,sa
FP-SP,FBIC-BLDG8,F2,F2-L2-C03-S01,,0,9/26/2025,sa
FP-SP,FBIC-BLDG8,F2,F2-L2-C03-S02,,0,9/26/2025,sa
FP-SP,FBIC-BLDG8,F2,F2-L2-C04-S01,,0,9/26/2025,sa
FP-SP,FBIC-BLDG8,F2,F2-L2-C04-S02,,0,9/26/2025,sa
FP-SP,FBIC-BLDG8,F2,F2-L2-C05-S01,,0,9/26/2025,sa
FP-SP,FBIC-BLDG8,F2,F2-L2-C05-S02,,0,9/26/2025,sa
FP-SP,FBIC-BLDG8,F2,F2-L2-C06-S01,,0,9/26/2025,sa
FP-SP,FBIC-BLDG8,F2,F2-L2-C06-S02,,0,9/26/2025,sa
FP-SP,FBIC-BLDG8,F2,F2-L2-C07-S01,,0,9/26/2025,sa
FP-SP,FBIC-BLDG8,F2,F2-L2-C07-S02,,0,9/26/2025,sa
FP-SP,FBIC-BLDG8,F2,F2-L2-C08-S01,,0,9/26/2025,sa
FP-SP,FBIC-BLDG8,F2,F2-L2-C08-S02,,0,9/26/2025,sa
FP-SP,FBIC-BLDG8,F2,F2-L2-C09-S01,,0,9/26/2025,sa
FP-SP,FBIC-BLDG8,F2,F2-L2-C09-S02,,0,9/26/2025,sa
FP-SP,FBIC-BLDG8,F2,F2-L2-C10-S01,,0,9/26/2025,sa
FP-SP,FBIC-BLDG8,F2,F2-L2-C10-S02,,0,9/26/2025,sa
FP-SP,FBIC-BLDG8,F2,F2-L2-C11-S01,,0,9/26/2025,sa
FP-SP,FBIC-BLDG8,F2,F2-L2-C11-S02,,0,9/26/2025,sa
FP-SP,FBIC-BLDG8,F2,F2-L2-C12-S01,,0,9/26/2025,sa
FP-SP,FBIC-BLDG8,F2,F2-L2-C12-S02,,0,9/26/2025,sa
FP-SP,FBIC-BLDG8,F2,F2-L2-C13-S01,,0,9/26/2025,sa
FP-SP,FBIC-BLDG8,F2,F2-L2-C13-S02,,0,9/26/2025,sa
FP-SP,FBIC-BLDG8,F2,F2-L2-C14-S01,,0,9/26/2025,sa
FP-SP,FBIC-BLDG8,F2,F2-L2-C14-S02,,0,9/26/2025,sa
FP-SP,FBIC-BLDG8,F2,F2-L2-C15-S01,,0,9/26/2025,sa
FP-SP,FBIC-BLDG8,F2,F2-L2-C15-S02,,0,9/26/2025,sa
FP-SP,FBIC-BLDG8,F2,F2-L2-C16-S01,,0,9/26/2025,sa
FP-SP,FBIC-BLDG8,F2,F2-L2-C16-S02,,0,9/26/2025,sa
FP-SP,FBIC-BLDG8,F2,F2-L3-C01-S01,,0,9/26/2025,sa
FP-SP,FBIC-BLDG8,F2,F2-L3-C01-S02,,0,9/26/2025,sa
FP-SP,FBIC-BLDG8,F2,F2-L3-C02-S01,,0,9/26/2025,sa
FP-SP,FBIC-BLDG8,F2,F2-L3-C02-S02,,0,9/26/2025,sa
FP-SP,FBIC-BLDG8,F2,F2-L3-C03-S01,,0,9/26/2025,sa
FP-SP,FBIC-BLDG8,F2,F2-L3-C03-S02,,0,9/26/2025,sa
FP-SP,FBIC-BLDG8,F2,F2-L3-C04-S01,,0,9/26/2025,sa
FP-SP,FBIC-BLDG8,F2,F2-L3-C04-S02,,0,9/26/2025,sa
FP-SP,FBIC-BLDG8,F2,F2-L3-C05-S01,,0,9/26/2025,sa
FP-SP,FBIC-BLDG8,F2,F2-L3-C05-S02,,0,9/26/2025,sa
FP-SP,FBIC-BLDG8,F2,F2-L3-C06-S01,,0,9/26/2025,sa
FP-SP,FBIC-BLDG8,F2,F2-L3-C06-S02,,0,9/26/2025,sa
FP-SP,FBIC-BLDG8,F2,F2-L3-C07-S01,,0,9/26/2025,sa
FP-SP,FBIC-BLDG8,F2,F2-L3-C07-S02,,0,9/26/2025,sa
FP-SP,FBIC-BLDG8,F2,F2-L3-C08-S01,,0,9/26/2025,sa
FP-SP,FBIC-BLDG8,F2,F2-L3-C08-S02,,0,9/26/2025,sa
FP-SP,FBIC-BLDG8,F2,F2-L3-C09-S01,,0,9/26/2025,sa
FP-SP,FBIC-BLDG8,F2,F2-L3-C09-S02,,0,9/26/2025,sa
FP-SP,FBIC-BLDG8,F2,F2-L3-C10-S01,,0,9/26/2025,sa
FP-SP,FBIC-BLDG8,F2,F2-L3-C10-S02,,0,9/26/2025,sa
FP-SP,FBIC-BLDG8,F2,F2-L3-C11-S01,,0,9/26/2025,sa
FP-SP,FBIC-BLDG8,F2,F2-L3-C11-S02,,0,9/26/2025,sa
FP-SP,FBIC-BLDG8,F2,F2-L3-C12-S01,,0,9/26/2025,sa
FP-SP,FBIC-BLDG8,F2,F2-L3-C12-S02,,0,9/26/2025,sa
FP-SP,FBIC-BLDG8,F2,F2-L3-C13-S01,,0,9/26/2025,sa
FP-SP,FBIC-BLDG8,F2,F2-L3-C13-S02,,0,9/26/2025,sa
FP-SP,FBIC-BLDG8,F2,F2-L3-C14-S01,,0,9/26/2025,sa
FP-SP,FBIC-BLDG8,F2,F2-L3-C14-S02,,0,9/26/2025,sa
FP-SP,FBIC-BLDG8,F2,F2-L3-C15-S01,,0,9/26/2025,sa
FP-SP,FBIC-BLDG8,F2,F2-L3-C15-S02,,0,9/26/2025,sa
FP-SP,FBIC-BLDG8,F2,F2-L3-C16-S01,,0,9/26/2025,sa
FP-SP,FBIC-BLDG8,F2,F2-L3-C16-S02,,0,9/26/2025,sa
FP-SP,FBIC-BLDG8,F2,F2-L4-C01-S01,,0,9/26/2025,sa
FP-SP,FBIC-BLDG8,F2,F2-L4-C01-S02,,0,9/26/2025,sa
FP-SP,FBIC-BLDG8,F2,F2-L4-C02-S01,,0,9/26/2025,sa
FP-SP,FBIC-BLDG8,F2,F2-L4-C02-S02,,0,9/26/2025,sa
FP-SP,FBIC-BLDG8,F2,F2-L4-C03-S01,,0,9/26/2025,sa
FP-SP,FBIC-BLDG8,F2,F2-L4-C03-S02,,0,9/26/2025,sa
FP-SP,FBIC-BLDG8,F2,F2-L4-C04-S01,,0,9/26/2025,sa
FP-SP,FBIC-BLDG8,F2,F2-L4-C04-S02,,0,9/26/2025,sa
FP-SP,FBIC-BLDG8,F2,F2-L4-C05-S01,,0,9/26/2025,sa
FP-SP,FBIC-BLDG8,F2,F2-L4-C05-S02,,0,9/26/2025,sa
FP-SP,FBIC-BLDG8,F2,F2-L4-C06-S01,,0,9/26/2025,sa
FP-SP,FBIC-BLDG8,F2,F2-L4-C06-S02,,0,9/26/2025,sa
FP-SP,FBIC-BLDG8,F2,F2-L4-C07-S01,,0,9/26/2025,sa
FP-SP,FBIC-BLDG8,F2,F2-L4-C07-S02,,0,9/26/2025,sa
FP-SP,FBIC-BLDG8,F2,F2-L4-C08-S01,,0,9/26/2025,sa
FP-SP,FBIC-BLDG8,F2,F2-L4-C08-S02,,0,9/26/2025,sa
FP-SP,FBIC-BLDG8,F2,F2-L4-C09-S01,,0,9/26/2025,sa
FP-SP,FBIC-BLDG8,F2,F2-L4-C09-S02,,0,9/26/2025,sa
FP-SP,FBIC-BLDG8,F2,F2-L4-C10-S01,,0,9/26/2025,sa
FP-SP,FBIC-BLDG8,F2,F2-L4-C10-S02,,0,9/26/2025,sa
FP-SP,FBIC-BLDG8,F2,F2-L4-C11-S01,,0,9/26/2025,sa
FP-SP,FBIC-BLDG8,F2,F2-L4-C11-S02,,0,9/26/2025,sa
FP-SP,FBIC-BLDG8,F2,F2-L4-C12-S01,,0,9/26/2025,sa
FP-SP,FBIC-BLDG8,F2,F2-L4-C12-S02,,0,9/26/2025,sa
FP-SP,FBIC-BLDG8,F2,F2-L4-C13-S01,,0,9/26/2025,sa
FP-SP,FBIC-BLDG8,F2,F2-L4-C13-S02,,0,9/26/2025,sa
FP-SP,FBIC-BLDG8,F2,F2-L4-C14-S01,,0,9/26/2025,sa
FP-SP,FBIC-BLDG8,F2,F2-L4-C14-S02,,0,9/26/2025,sa
FP-SP,FBIC-BLDG8,F2,F2-L4-C15-S01,,0,9/26/2025,sa
FP-SP,FBIC-BLDG8,F2,F2-L4-C15-S02,,0,9/26/2025,sa
FP-SP,FBIC-BLDG8,F2,F2-L4-C16-S01,,0,9/26/2025,sa
FP-SP,FBIC-BLDG8,F2,F2-L4-C16-S02,,0,9/26/2025,sa
FP-SP,FBIC-BLDG8,F3,F3-L1-C01-S01,,0,9/26/2025,sa
FP-SP,FBIC-BLDG8,F3,F3-L1-C01-S02,,0,9/26/2025,sa
FP-SP,FBIC-BLDG8,F3,F3-L1-C02-S01,,0,9/26/2025,sa
FP-SP,FBIC-BLDG8,F3,F3-L1-C02-S02,,0,9/26/2025,sa
FP-SP,FBIC-BLDG8,F3,F3-L1-C03-S01,,0,9/26/2025,sa
FP-SP,FBIC-BLDG8,F3,F3-L1-C03-S02,,0,9/26/2025,sa
FP-SP,FBIC-BLDG8,F3,F3-L1-C04-S01,,0,9/26/2025,sa
FP-SP,FBIC-BLDG8,F3,F3-L1-C04-S02,,0,9/26/2025,sa
FP-SP,FBIC-BLDG8,F3,F3-L1-C05-S01,,0,9/26/2025,sa
FP-SP,FBIC-BLDG8,F3,F3-L1-C05-S02,,0,9/26/2025,sa
FP-SP,FBIC-BLDG8,F3,F3-L1-C06-S01,,0,9/26/2025,sa
FP-SP,FBIC-BLDG8,F3,F3-L1-C06-S02,,0,9/26/2025,sa
FP-SP,FBIC-BLDG8,F3,F3-L1-C07-S01,,0,9/26/2025,sa
FP-SP,FBIC-BLDG8,F3,F3-L1-C07-S02,,0,9/26/2025,sa
FP-SP,FBIC-BLDG8,F3,F3-L1-C08-S01,,0,9/26/2025,sa
FP-SP,FBIC-BLDG8,F3,F3-L1-C08-S02,,0,9/26/2025,sa
FP-SP,FBIC-BLDG8,F3,F3-L1-C09-S01,,0,9/26/2025,sa
FP-SP,FBIC-BLDG8,F3,F3-L1-C09-S02,,0,9/26/2025,sa
FP-SP,FBIC-BLDG8,F3,F3-L1-C10-S01,,0,9/26/2025,sa
FP-SP,FBIC-BLDG8,F3,F3-L1-C10-S02,,0,9/26/2025,sa
FP-SP,FBIC-BLDG8,F3,F3-L1-C11-S01,,0,9/26/2025,sa
FP-SP,FBIC-BLDG8,F3,F3-L1-C11-S02,,0,9/26/2025,sa
FP-SP,FBIC-BLDG8,F3,F3-L1-C12-S01,,0,9/26/2025,sa
FP-SP,FBIC-BLDG8,F3,F3-L1-C12-S02,,0,9/26/2025,sa
FP-SP,FBIC-BLDG8,F3,F3-L1-C13-S01,,0,9/26/2025,sa
FP-SP,FBIC-BLDG8,F3,F3-L1-C13-S02,,0,9/26/2025,sa
FP-SP,FBIC-BLDG8,F3,F3-L1-C14-S01,,0,9/26/2025,sa
FP-SP,FBIC-BLDG8,F3,F3-L1-C14-S02,,0,9/26/2025,sa
FP-SP,FBIC-BLDG8,F3,F3-L1-C15-S01,,0,9/26/2025,sa
FP-SP,FBIC-BLDG8,F3,F3-L1-C15-S02,,0,9/26/2025,sa
FP-SP,FBIC-BLDG8,F3,F3-L1-C16-S01,,0,9/26/2025,sa
FP-SP,FBIC-BLDG8,F3,F3-L1-C16-S02,,0,9/26/2025,sa
FP-SP,FBIC-BLDG8,F3,F3-L2-C01-S01,,0,9/26/2025,sa
FP-SP,FBIC-BLDG8,F3,F3-L2-C01-S02,,0,9/26/2025,sa
FP-SP,FBIC-BLDG8,F3,F3-L2-C02-S01,,0,9/26/2025,sa
FP-SP,FBIC-BLDG8,F3,F3-L2-C02-S02,,0,9/26/2025,sa
FP-SP,FBIC-BLDG8,F3,F3-L2-C03-S01,,0,9/26/2025,sa
FP-SP,FBIC-BLDG8,F3,F3-L2-C03-S02,,0,9/26/2025,sa
FP-SP,FBIC-BLDG8,F3,F3-L2-C04-S01,,0,9/26/2025,sa
FP-SP,FBIC-BLDG8,F3,F3-L2-C04-S02,,0,9/26/2025,sa
FP-SP,FBIC-BLDG8,F3,F3-L2-C05-S01,,0,9/26/2025,sa
FP-SP,FBIC-BLDG8,F3,F3-L2-C05-S02,,0,9/26/2025,sa
FP-SP,FBIC-BLDG8,F3,F3-L2-C06-S01,,0,9/26/2025,sa
FP-SP,FBIC-BLDG8,F3,F3-L2-C06-S02,,0,9/26/2025,sa
FP-SP,FBIC-BLDG8,F3,F3-L2-C07-S01,,0,9/26/2025,sa
FP-SP,FBIC-BLDG8,F3,F3-L2-C07-S02,,0,9/26/2025,sa
FP-SP,FBIC-BLDG8,F3,F3-L2-C08-S01,,0,9/26/2025,sa
FP-SP,FBIC-BLDG8,F3,F3-L2-C08-S02,,0,9/26/2025,sa
FP-SP,FBIC-BLDG8,F3,F3-L2-C09-S01,,0,9/26/2025,sa
FP-SP,FBIC-BLDG8,F3,F3-L2-C09-S02,,0,9/26/2025,sa
FP-SP,FBIC-BLDG8,F3,F3-L2-C10-S01,,0,9/26/2025,sa
FP-SP,FBIC-BLDG8,F3,F3-L2-C10-S02,,0,9/26/2025,sa
FP-SP,FBIC-BLDG8,F3,F3-L2-C11-S01,,0,9/26/2025,sa
FP-SP,FBIC-BLDG8,F3,F3-L2-C11-S02,,0,9/26/2025,sa
FP-SP,FBIC-BLDG8,F3,F3-L2-C12-S01,,0,9/26/2025,sa
FP-SP,FBIC-BLDG8,F3,F3-L2-C12-S02,,0,9/26/2025,sa
FP-SP,FBIC-BLDG8,F3,F3-L2-C13-S01,,0,9/26/2025,sa
FP-SP,FBIC-BLDG8,F3,F3-L2-C13-S02,,0,9/26/2025,sa
FP-SP,FBIC-BLDG8,F3,F3-L2-C14-S01,,0,9/26/2025,sa
FP-SP,FBIC-BLDG8,F3,F3-L2-C14-S02,,0,9/26/2025,sa
FP-SP,FBIC-BLDG8,F3,F3-L2-C15-S01,,0,9/26/2025,sa
FP-SP,FBIC-BLDG8,F3,F3-L2-C15-S02,,0,9/26/2025,sa
FP-SP,FBIC-BLDG8,F3,F3-L2-C16-S01,,0,9/26/2025,sa
FP-SP,FBIC-BLDG8,F3,F3-L2-C16-S02,,0,9/26/2025,sa
FP-SP,FBIC-BLDG8,F3,F3-L3-C01-S01,,0,9/26/2025,sa
FP-SP,FBIC-BLDG8,F3,F3-L3-C01-S02,,0,9/26/2025,sa
FP-SP,FBIC-BLDG8,F3,F3-L3-C02-S01,,0,9/26/2025,sa
FP-SP,FBIC-BLDG8,F3,F3-L3-C02-S02,,0,9/26/2025,sa
FP-SP,FBIC-BLDG8,F3,F3-L3-C03-S01,,0,9/26/2025,sa
FP-SP,FBIC-BLDG8,F3,F3-L3-C03-S02,,0,9/26/2025,sa
FP-SP,FBIC-BLDG8,F3,F3-L3-C04-S01,,0,9/26/2025,sa
FP-SP,FBIC-BLDG8,F3,F3-L3-C04-S02,,0,9/26/2025,sa
FP-SP,FBIC-BLDG8,F3,F3-L3-C05-S01,,0,9/26/2025,sa
FP-SP,FBIC-BLDG8,F3,F3-L3-C05-S02,,0,9/26/2025,sa
FP-SP,FBIC-BLDG8,F3,F3-L3-C06-S01,,0,9/26/2025,sa
FP-SP,FBIC-BLDG8,F3,F3-L3-C06-S02,,0,9/26/2025,sa
FP-SP,FBIC-BLDG8,F3,F3-L3-C07-S01,,0,9/26/2025,sa
FP-SP,FBIC-BLDG8,F3,F3-L3-C07-S02,,0,9/26/2025,sa
FP-SP,FBIC-BLDG8,F3,F3-L3-C08-S01,,0,9/26/2025,sa
FP-SP,FBIC-BLDG8,F3,F3-L3-C08-S02,,0,9/26/2025,sa
FP-SP,FBIC-BLDG8,F3,F3-L3-C09-S01,,0,9/26/2025,sa
FP-SP,FBIC-BLDG8,F3,F3-L3-C09-S02,,0,9/26/2025,sa
FP-SP,FBIC-BLDG8,F3,F3-L3-C10-S01,,0,9/26/2025,sa
FP-SP,FBIC-BLDG8,F3,F3-L3-C10-S02,,0,9/26/2025,sa
FP-SP,FBIC-BLDG8,F3,F3-L3-C11-S01,,0,9/26/2025,sa
FP-SP,FBIC-BLDG8,F3,F3-L3-C11-S02,,0,9/26/2025,sa
FP-SP,FBIC-BLDG8,F3,F3-L3-C12-S01,,0,9/26/2025,sa
FP-SP,FBIC-BLDG8,F3,F3-L3-C12-S02,,0,9/26/2025,sa
FP-SP,FBIC-BLDG8,F3,F3-L3-C13-S01,,0,9/26/2025,sa
FP-SP,FBIC-BLDG8,F3,F3-L3-C13-S02,,0,9/26/2025,sa
FP-SP,FBIC-BLDG8,F3,F3-L3-C14-S01,,0,9/26/2025,sa
FP-SP,FBIC-BLDG8,F3,F3-L3-C14-S02,,0,9/26/2025,sa
FP-SP,FBIC-BLDG8,F3,F3-L3-C15-S01,,0,9/26/2025,sa
FP-SP,FBIC-BLDG8,F3,F3-L3-C15-S02,,0,9/26/2025,sa
FP-SP,FBIC-BLDG8,F3,F3-L3-C16-S01,,0,9/26/2025,sa
FP-SP,FBIC-BLDG8,F3,F3-L3-C16-S02,,0,9/26/2025,sa
FP-SP,FBIC-BLDG8,F3,F3-L4-C01-S01,,0,9/26/2025,sa
FP-SP,FBIC-BLDG8,F3,F3-L4-C01-S02,,0,9/26/2025,sa
FP-SP,FBIC-BLDG8,F3,F3-L4-C02-S01,,0,9/26/2025,sa
FP-SP,FBIC-BLDG8,F3,F3-L4-C02-S02,,0,9/26/2025,sa
FP-SP,FBIC-BLDG8,F3,F3-L4-C03-S01,,0,9/26/2025,sa
FP-SP,FBIC-BLDG8,F3,F3-L4-C03-S02,,0,9/26/2025,sa
FP-SP,FBIC-BLDG8,F3,F3-L4-C04-S01,,0,9/26/2025,sa
FP-SP,FBIC-BLDG8,F3,F3-L4-C04-S02,,0,9/26/2025,sa
FP-SP,FBIC-BLDG8,F3,F3-L4-C05-S01,,0,9/26/2025,sa
FP-SP,FBIC-BLDG8,F3,F3-L4-C05-S02,,0,9/26/2025,sa
FP-SP,FBIC-BLDG8,F3,F3-L4-C06-S01,,0,9/26/2025,sa
FP-SP,FBIC-BLDG8,F3,F3-L4-C06-S02,,0,9/26/2025,sa
FP-SP,FBIC-BLDG8,F3,F3-L4-C07-S01,,0,9/26/2025,sa
FP-SP,FBIC-BLDG8,F3,F3-L4-C07-S02,,0,9/26/2025,sa
FP-SP,FBIC-BLDG8,F3,F3-L4-C08-S01,,0,9/26/2025,sa
FP-SP,FBIC-BLDG8,F3,F3-L4-C08-S02,,0,9/26/2025,sa
FP-SP,FBIC-BLDG8,F3,F3-L4-C09-S01,,0,9/26/2025,sa
FP-SP,FBIC-BLDG8,F3,F3-L4-C09-S02,,0,9/26/2025,sa
FP-SP,FBIC-BLDG8,F3,F3-L4-C10-S01,,0,9/26/2025,sa
FP-SP,FBIC-BLDG8,F3,F3-L4-C10-S02,,0,9/26/2025,sa
FP-SP,FBIC-BLDG8,F3,F3-L4-C11-S01,,0,9/26/2025,sa
FP-SP,FBIC-BLDG8,F3,F3-L4-C11-S02,,0,9/26/2025,sa
FP-SP,FBIC-BLDG8,F3,F3-L4-C12-S01,,0,9/26/2025,sa
FP-SP,FBIC-BLDG8,F3,F3-L4-C12-S02,,0,9/26/2025,sa
FP-SP,FBIC-BLDG8,F3,F3-L4-C13-S01,,0,9/26/2025,sa
FP-SP,FBIC-BLDG8,F3,F3-L4-C13-S02,,0,9/26/2025,sa
FP-SP,FBIC-BLDG8,F3,F3-L4-C14-S01,,0,9/26/2025,sa
FP-SP,FBIC-BLDG8,F3,F3-L4-C14-S02,,0,9/26/2025,sa
FP-SP,FBIC-BLDG8,F3,F3-L4-C15-S01,,0,9/26/2025,sa
FP-SP,FBIC-BLDG8,F3,F3-L4-C15-S02,,0,9/26/2025,sa
FP-SP,FBIC-BLDG8,F3,F3-L4-C16-S01,,0,9/26/2025,sa
FP-SP,FBIC-BLDG8,F3,F3-L4-C16-S02,,0,9/26/2025,sa
FP-SP,FBIC-BLDG8,F4,F4-L1-C01-S01,,0,9/26/2025,sa
FP-SP,FBIC-BLDG8,F4,F4-L1-C01-S02,,0,9/26/2025,sa
FP-SP,FBIC-BLDG8,F4,F4-L1-C02-S01,,0,9/26/2025,sa
FP-SP,FBIC-BLDG8,F4,F4-L1-C02-S02,,0,9/26/2025,sa
FP-SP,FBIC-BLDG8,F4,F4-L1-C03-S01,,0,9/26/2025,sa
FP-SP,FBIC-BLDG8,F4,F4-L1-C03-S02,,0,9/26/2025,sa
FP-SP,FBIC-BLDG8,F4,F4-L1-C04-S01,,0,9/26/2025,sa
FP-SP,FBIC-BLDG8,F4,F4-L1-C04-S02,,0,9/26/2025,sa
FP-SP,FBIC-BLDG8,F4,F4-L1-C05-S01,,0,9/26/2025,sa
FP-SP,FBIC-BLDG8,F4,F4-L1-C05-S02,,0,9/26/2025,sa
FP-SP,FBIC-BLDG8,F4,F4-L1-C06-S01,,0,9/26/2025,sa
FP-SP,FBIC-BLDG8,F4,F4-L1-C06-S02,,0,9/26/2025,sa
FP-SP,FBIC-BLDG8,F4,F4-L1-C07-S01,,0,9/26/2025,sa
FP-SP,FBIC-BLDG8,F4,F4-L1-C07-S02,,0,9/26/2025,sa
FP-SP,FBIC-BLDG8,F4,F4-L1-C08-S01,,0,9/26/2025,sa
FP-SP,FBIC-BLDG8,F4,F4-L1-C08-S02,,0,9/26/2025,sa
FP-SP,FBIC-BLDG8,F4,F4-L1-C09-S01,,0,9/26/2025,sa
FP-SP,FBIC-BLDG8,F4,F4-L1-C09-S02,,0,9/26/2025,sa
FP-SP,FBIC-BLDG8,F4,F4-L1-C10-S01,,0,9/26/2025,sa
FP-SP,FBIC-BLDG8,F4,F4-L1-C10-S02,,0,9/26/2025,sa
FP-SP,FBIC-BLDG8,F4,F4-L1-C11-S01,,0,9/26/2025,sa
FP-SP,FBIC-BLDG8,F4,F4-L1-C11-S02,,0,9/26/2025,sa
FP-SP,FBIC-BLDG8,F4,F4-L1-C12-S01,,0,9/26/2025,sa
FP-SP,FBIC-BLDG8,F4,F4-L1-C12-S02,,0,9/26/2025,sa
FP-SP,FBIC-BLDG8,F4,F4-L1-C13-S01,,0,9/26/2025,sa
FP-SP,FBIC-BLDG8,F4,F4-L1-C13-S02,,0,9/26/2025,sa
FP-SP,FBIC-BLDG8,F4,F4-L1-C14-S01,,0,9/26/2025,sa
FP-SP,FBIC-BLDG8,F4,F4-L1-C14-S02,,0,9/26/2025,sa
FP-SP,FBIC-BLDG8,F4,F4-L1-C15-S01,,0,9/26/2025,sa
FP-SP,FBIC-BLDG8,F4,F4-L1-C15-S02,,0,9/26/2025,sa
FP-SP,FBIC-BLDG8,F4,F4-L1-C16-S01,,0,9/26/2025,sa
FP-SP,FBIC-BLDG8,F4,F4-L1-C16-S02,,0,9/26/2025,sa
FP-SP,FBIC-BLDG8,F4,F4-L2-C01-S01,,0,9/26/2025,sa
FP-SP,FBIC-BLDG8,F4,F4-L2-C01-S02,,0,9/26/2025,sa
FP-SP,FBIC-BLDG8,F4,F4-L2-C02-S01,,0,9/26/2025,sa
FP-SP,FBIC-BLDG8,F4,F4-L2-C02-S02,,0,9/26/2025,sa
FP-SP,FBIC-BLDG8,F4,F4-L2-C03-S01,,0,9/26/2025,sa
FP-SP,FBIC-BLDG8,F4,F4-L2-C03-S02,,0,9/26/2025,sa
FP-SP,FBIC-BLDG8,F4,F4-L2-C04-S01,,0,9/26/2025,sa
FP-SP,FBIC-BLDG8,F4,F4-L2-C04-S02,,0,9/26/2025,sa
FP-SP,FBIC-BLDG8,F4,F4-L2-C05-S01,,0,9/26/2025,sa
FP-SP,FBIC-BLDG8,F4,F4-L2-C05-S02,,0,9/26/2025,sa
FP-SP,FBIC-BLDG8,F4,F4-L2-C06-S01,,0,9/26/2025,sa
FP-SP,FBIC-BLDG8,F4,F4-L2-C06-S02,,0,9/26/2025,sa
FP-SP,FBIC-BLDG8,F4,F4-L2-C07-S01,,0,9/26/2025,sa
FP-SP,FBIC-BLDG8,F4,F4-L2-C07-S02,,0,9/26/2025,sa
FP-SP,FBIC-BLDG8,F4,F4-L2-C08-S01,,0,9/26/2025,sa
FP-SP,FBIC-BLDG8,F4,F4-L2-C08-S02,,0,9/26/2025,sa
FP-SP,FBIC-BLDG8,F4,F4-L2-C09-S01,,0,9/26/2025,sa
FP-SP,FBIC-BLDG8,F4,F4-L2-C09-S02,,0,9/26/2025,sa
FP-SP,FBIC-BLDG8,F4,F4-L2-C10-S01,,0,9/26/2025,sa
FP-SP,FBIC-BLDG8,F4,F4-L2-C10-S02,,0,9/26/2025,sa
FP-SP,FBIC-BLDG8,F4,F4-L2-C11-S01,,0,9/26/2025,sa
FP-SP,FBIC-BLDG8,F4,F4-L2-C11-S02,,0,9/26/2025,sa
FP-SP,FBIC-BLDG8,F4,F4-L2-C12-S01,,0,9/26/2025,sa
FP-SP,FBIC-BLDG8,F4,F4-L2-C12-S02,,0,9/26/2025,sa
FP-SP,FBIC-BLDG8,F4,F4-L2-C13-S01,,0,9/26/2025,sa
FP-SP,FBIC-BLDG8,F4,F4-L2-C13-S02,,0,9/26/2025,sa
FP-SP,FBIC-BLDG8,F4,F4-L2-C14-S01,,0,9/26/2025,sa
FP-SP,FBIC-BLDG8,F4,F4-L2-C14-S02,,0,9/26/2025,sa
FP-SP,FBIC-BLDG8,F4,F4-L2-C15-S01,,0,9/26/2025,sa
FP-SP,FBIC-BLDG8,F4,F4-L2-C15-S02,,0,9/26/2025,sa
FP-SP,FBIC-BLDG8,F4,F4-L2-C16-S01,,0,9/26/2025,sa
FP-SP,FBIC-BLDG8,F4,F4-L2-C16-S02,,0,9/26/2025,sa
FP-SP,FBIC-BLDG8,F4,F4-L3-C01-S01,,0,9/26/2025,sa
FP-SP,FBIC-BLDG8,F4,F4-L3-C01-S02,,0,9/26/2025,sa
FP-SP,FBIC-BLDG8,F4,F4-L3-C02-S01,,0,9/26/2025,sa
FP-SP,FBIC-BLDG8,F4,F4-L3-C02-S02,,0,9/26/2025,sa
FP-SP,FBIC-BLDG8,F4,F4-L3-C03-S01,,0,9/26/2025,sa
FP-SP,FBIC-BLDG8,F4,F4-L3-C03-S02,,0,9/26/2025,sa
FP-SP,FBIC-BLDG8,F4,F4-L3-C04-S01,,0,9/26/2025,sa
FP-SP,FBIC-BLDG8,F4,F4-L3-C04-S02,,0,9/26/2025,sa
FP-SP,FBIC-BLDG8,F4,F4-L3-C05-S01,,0,9/26/2025,sa
FP-SP,FBIC-BLDG8,F4,F4-L3-C05-S02,,0,9/26/2025,sa
FP-SP,FBIC-BLDG8,F4,F4-L3-C06-S01,,0,9/26/2025,sa
FP-SP,FBIC-BLDG8,F4,F4-L3-C06-S02,,0,9/26/2025,sa
FP-SP,FBIC-BLDG8,F4,F4-L3-C07-S01,,0,9/26/2025,sa
FP-SP,FBIC-BLDG8,F4,F4-L3-C07-S02,,0,9/26/2025,sa
FP-SP,FBIC-BLDG8,F4,F4-L3-C08-S01,,0,9/26/2025,sa
FP-SP,FBIC-BLDG8,F4,F4-L3-C08-S02,,0,9/26/2025,sa
FP-SP,FBIC-BLDG8,F4,F4-L3-C09-S01,,0,9/26/2025,sa
FP-SP,FBIC-BLDG8,F4,F4-L3-C09-S02,,0,9/26/2025,sa
FP-SP,FBIC-BLDG8,F4,F4-L3-C10-S01,,0,9/26/2025,sa
FP-SP,FBIC-BLDG8,F4,F4-L3-C10-S02,,0,9/26/2025,sa
FP-SP,FBIC-BLDG8,F4,F4-L3-C11-S01,,0,9/26/2025,sa
FP-SP,FBIC-BLDG8,F4,F4-L3-C11-S02,,0,9/26/2025,sa
FP-SP,FBIC-BLDG8,F4,F4-L3-C12-S01,,0,9/26/2025,sa
FP-SP,FBIC-BLDG8,F4,F4-L3-C12-S02,,0,9/26/2025,sa
FP-SP,FBIC-BLDG8,F4,F4-L3-C13-S01,,0,9/26/2025,sa
FP-SP,FBIC-BLDG8,F4,F4-L3-C13-S02,,0,9/26/2025,sa
FP-SP,FBIC-BLDG8,F4,F4-L3-C14-S01,,0,9/26/2025,sa
FP-SP,FBIC-BLDG8,F4,F4-L3-C14-S02,,0,9/26/2025,sa
FP-SP,FBIC-BLDG8,F4,F4-L3-C15-S01,,0,9/26/2025,sa
FP-SP,FBIC-BLDG8,F4,F4-L3-C15-S02,,0,9/26/2025,sa
FP-SP,FBIC-BLDG8,F4,F4-L3-C16-S01,,0,9/26/2025,sa
FP-SP,FBIC-BLDG8,F4,F4-L3-C16-S02,,0,9/26/2025,sa
FP-SP,FBIC-BLDG8,F4,F4-L4-C01-S01,,0,9/26/2025,sa
FP-SP,FBIC-BLDG8,F4,F4-L4-C01-S02,,0,9/26/2025,sa
FP-SP,FBIC-BLDG8,F4,F4-L4-C02-S01,,0,9/26/2025,sa
FP-SP,FBIC-BLDG8,F4,F4-L4-C02-S02,,0,9/26/2025,sa
FP-SP,FBIC-BLDG8,F4,F4-L4-C03-S01,,0,9/26/2025,sa
FP-SP,FBIC-BLDG8,F4,F4-L4-C03-S02,,0,9/26/2025,sa
FP-SP,FBIC-BLDG8,F4,F4-L4-C04-S01,,0,9/26/2025,sa
FP-SP,FBIC-BLDG8,F4,F4-L4-C04-S02,,0,9/26/2025,sa
FP-SP,FBIC-BLDG8,F4,F4-L4-C05-S01,,0,9/26/2025,sa
FP-SP,FBIC-BLDG8,F4,F4-L4-C05-S02,,0,9/26/2025,sa
FP-SP,FBIC-BLDG8,F4,F4-L4-C06-S01,,0,9/26/2025,sa
FP-SP,FBIC-BLDG8,F4,F4-L4-C06-S02,,0,9/26/2025,sa
FP-SP,FBIC-BLDG8,F4,F4-L4-C07-S01,,0,9/26/2025,sa
FP-SP,FBIC-BLDG8,F4,F4-L4-C07-S02,,0,9/26/2025,sa
FP-SP,FBIC-BLDG8,F4,F4-L4-C08-S01,,0,9/26/2025,sa
FP-SP,FBIC-BLDG8,F4,F4-L4-C08-S02,,0,9/26/2025,sa
FP-SP,FBIC-BLDG8,F4,F4-L4-C09-S01,,0,9/26/2025,sa
FP-SP,FBIC-BLDG8,F4,F4-L4-C09-S02,,0,9/26/2025,sa
FP-SP,FBIC-BLDG8,F4,F4-L4-C10-S01,,0,9/26/2025,sa
FP-SP,FBIC-BLDG8,F4,F4-L4-C10-S02,,0,9/26/2025,sa
FP-SP,FBIC-BLDG8,F4,F4-L4-C11-S01,,0,9/26/2025,sa
FP-SP,FBIC-BLDG8,F4,F4-L4-C11-S02,,0,9/26/2025,sa
FP-SP,FBIC-BLDG8,F4,F4-L4-C12-S01,,0,9/26/2025,sa
FP-SP,FBIC-BLDG8,F4,F4-L4-C12-S02,,0,9/26/2025,sa
FP-SP,FBIC-BLDG8,F4,F4-L4-C13-S01,,0,9/26/2025,sa
FP-SP,FBIC-BLDG8,F4,F4-L4-C13-S02,,0,9/26/2025,sa
FP-SP,FBIC-BLDG8,F4,F4-L4-C14-S01,,0,9/26/2025,sa
FP-SP,FBIC-BLDG8,F4,F4-L4-C14-S02,,0,9/26/2025,sa
FP-SP,FBIC-BLDG8,F4,F4-L4-C15-S01,,0,9/26/2025,sa
FP-SP,FBIC-BLDG8,F4,F4-L4-C15-S02,,0,9/26/2025,sa
FP-SP,FBIC-BLDG8,F4,F4-L4-C16-S01,,0,9/26/2025,sa
FP-SP,FBIC-BLDG8,F4,F4-L4-C16-S02,,0,9/26/2025,sa
FP-SP,FBIC-BLDG8,G1,G1-L1-C01-S01,,0,9/26/2025,sa
FP-SP,FBIC-BLDG8,G1,G1-L1-C01-S02,,0,9/26/2025,sa
FP-SP,FBIC-BLDG8,G1,G1-L1-C02-S01,,0,9/26/2025,sa
FP-SP,FBIC-BLDG8,G1,G1-L1-C02-S02,,0,9/26/2025,sa
FP-SP,FBIC-BLDG8,G1,G1-L1-C03-S01,,0,9/26/2025,sa
FP-SP,FBIC-BLDG8,G1,G1-L1-C03-S02,,0,9/26/2025,sa
FP-SP,FBIC-BLDG8,G1,G1-L1-C04-S01,,0,9/26/2025,sa
FP-SP,FBIC-BLDG8,G1,G1-L1-C04-S02,,0,9/26/2025,sa
FP-SP,FBIC-BLDG8,G1,G1-L1-C05-S01,,0,9/26/2025,sa
FP-SP,FBIC-BLDG8,G1,G1-L1-C05-S02,,0,9/26/2025,sa
FP-SP,FBIC-BLDG8,G1,G1-L1-C06-S01,,0,9/26/2025,sa
FP-SP,FBIC-BLDG8,G1,G1-L1-C06-S02,,0,9/26/2025,sa
FP-SP,FBIC-BLDG8,G1,G1-L1-C07-S01,,0,9/26/2025,sa
FP-SP,FBIC-BLDG8,G1,G1-L1-C07-S02,,0,9/26/2025,sa
FP-SP,FBIC-BLDG8,G1,G1-L1-C08-S01,,0,9/26/2025,sa
FP-SP,FBIC-BLDG8,G1,G1-L1-C08-S02,,0,9/26/2025,sa
FP-SP,FBIC-BLDG8,G1,G1-L1-C09-S01,,0,9/26/2025,sa
FP-SP,FBIC-BLDG8,G1,G1-L1-C09-S02,,0,9/26/2025,sa
FP-SP,FBIC-BLDG8,G1,G1-L1-C10-S01,,0,9/26/2025,sa
FP-SP,FBIC-BLDG8,G1,G1-L1-C10-S02,,0,9/26/2025,sa
FP-SP,FBIC-BLDG8,G1,G1-L1-C11-S01,,0,9/26/2025,sa
FP-SP,FBIC-BLDG8,G1,G1-L1-C11-S02,,0,9/26/2025,sa
FP-SP,FBIC-BLDG8,G1,G1-L1-C12-S01,,0,9/26/2025,sa
FP-SP,FBIC-BLDG8,G1,G1-L1-C12-S02,,0,9/26/2025,sa
FP-SP,FBIC-BLDG8,G1,G1-L1-C13-S01,,0,9/26/2025,sa
FP-SP,FBIC-BLDG8,G1,G1-L1-C13-S02,,0,9/26/2025,sa
FP-SP,FBIC-BLDG8,G1,G1-L1-C14-S01,,0,9/26/2025,sa
FP-SP,FBIC-BLDG8,G1,G1-L1-C14-S02,,0,9/26/2025,sa
FP-SP,FBIC-BLDG8,G1,G1-L1-C15-S01,,0,9/26/2025,sa
FP-SP,FBIC-BLDG8,G1,G1-L1-C15-S02,,0,9/26/2025,sa
FP-SP,FBIC-BLDG8,G1,G1-L1-C16-S01,,0,9/26/2025,sa
FP-SP,FBIC-BLDG8,G1,G1-L1-C16-S02,,0,9/26/2025,sa
FP-SP,FBIC-BLDG8,G1,G1-L2-C01-S01,,0,9/26/2025,sa
FP-SP,FBIC-BLDG8,G1,G1-L2-C01-S02,,0,9/26/2025,sa
FP-SP,FBIC-BLDG8,G1,G1-L2-C02-S01,,0,9/26/2025,sa
FP-SP,FBIC-BLDG8,G1,G1-L2-C02-S02,,0,9/26/2025,sa
FP-SP,FBIC-BLDG8,G1,G1-L2-C03-S01,,0,9/26/2025,sa
FP-SP,FBIC-BLDG8,G1,G1-L2-C03-S02,,0,9/26/2025,sa
FP-SP,FBIC-BLDG8,G1,G1-L2-C04-S01,,0,9/26/2025,sa
FP-SP,FBIC-BLDG8,G1,G1-L2-C04-S02,,0,9/26/2025,sa
FP-SP,FBIC-BLDG8,G1,G1-L2-C05-S01,,0,9/26/2025,sa
FP-SP,FBIC-BLDG8,G1,G1-L2-C05-S02,,0,9/26/2025,sa
FP-SP,FBIC-BLDG8,G1,G1-L2-C06-S01,,0,9/26/2025,sa
FP-SP,FBIC-BLDG8,G1,G1-L2-C06-S02,,0,9/26/2025,sa
FP-SP,FBIC-BLDG8,G1,G1-L2-C07-S01,,0,9/26/2025,sa
FP-SP,FBIC-BLDG8,G1,G1-L2-C07-S02,,0,9/26/2025,sa
FP-SP,FBIC-BLDG8,G1,G1-L2-C08-S01,,0,9/26/2025,sa
FP-SP,FBIC-BLDG8,G1,G1-L2-C08-S02,,0,9/26/2025,sa
FP-SP,FBIC-BLDG8,G1,G1-L2-C09-S01,,0,9/26/2025,sa
FP-SP,FBIC-BLDG8,G1,G1-L2-C09-S02,,0,9/26/2025,sa
FP-SP,FBIC-BLDG8,G1,G1-L2-C10-S01,,0,9/26/2025,sa
FP-SP,FBIC-BLDG8,G1,G1-L2-C10-S02,,0,9/26/2025,sa
FP-SP,FBIC-BLDG8,G1,G1-L2-C11-S01,,0,9/26/2025,sa
FP-SP,FBIC-BLDG8,G1,G1-L2-C11-S02,,0,9/26/2025,sa
FP-SP,FBIC-BLDG8,G1,G1-L2-C12-S01,,0,9/26/2025,sa
FP-SP,FBIC-BLDG8,G1,G1-L2-C12-S02,,0,9/26/2025,sa
FP-SP,FBIC-BLDG8,G1,G1-L2-C13-S01,,0,9/26/2025,sa
FP-SP,FBIC-BLDG8,G1,G1-L2-C13-S02,,0,9/26/2025,sa
FP-SP,FBIC-BLDG8,G1,G1-L2-C14-S01,,0,9/26/2025,sa
FP-SP,FBIC-BLDG8,G1,G1-L2-C14-S02,,0,9/26/2025,sa
FP-SP,FBIC-BLDG8,G1,G1-L2-C15-S01,,0,9/26/2025,sa
FP-SP,FBIC-BLDG8,G1,G1-L2-C15-S02,,0,9/26/2025,sa
FP-SP,FBIC-BLDG8,G1,G1-L2-C16-S01,,0,9/26/2025,sa
FP-SP,FBIC-BLDG8,G1,G1-L2-C16-S02,,0,9/26/2025,sa
FP-SP,FBIC-BLDG8,G1,G1-L3-C01-S01,,0,9/26/2025,sa
FP-SP,FBIC-BLDG8,G1,G1-L3-C01-S02,,0,9/26/2025,sa
FP-SP,FBIC-BLDG8,G1,G1-L3-C02-S01,,0,9/26/2025,sa
FP-SP,FBIC-BLDG8,G1,G1-L3-C02-S02,,0,9/26/2025,sa
FP-SP,FBIC-BLDG8,G1,G1-L3-C03-S01,,0,9/26/2025,sa
FP-SP,FBIC-BLDG8,G1,G1-L3-C03-S02,,0,9/26/2025,sa
FP-SP,FBIC-BLDG8,G1,G1-L3-C04-S01,,0,9/26/2025,sa
FP-SP,FBIC-BLDG8,G1,G1-L3-C04-S02,,0,9/26/2025,sa
FP-SP,FBIC-BLDG8,G1,G1-L3-C05-S01,,0,9/26/2025,sa
FP-SP,FBIC-BLDG8,G1,G1-L3-C05-S02,,0,9/26/2025,sa
FP-SP,FBIC-BLDG8,G1,G1-L3-C06-S01,,0,9/26/2025,sa
FP-SP,FBIC-BLDG8,G1,G1-L3-C06-S02,,0,9/26/2025,sa
FP-SP,FBIC-BLDG8,G1,G1-L3-C07-S01,,0,9/26/2025,sa
FP-SP,FBIC-BLDG8,G1,G1-L3-C07-S02,,0,9/26/2025,sa
FP-SP,FBIC-BLDG8,G1,G1-L3-C08-S01,,0,9/26/2025,sa
FP-SP,FBIC-BLDG8,G1,G1-L3-C08-S02,,0,9/26/2025,sa
FP-SP,FBIC-BLDG8,G1,G1-L3-C09-S01,,0,9/26/2025,sa
FP-SP,FBIC-BLDG8,G1,G1-L3-C09-S02,,0,9/26/2025,sa
FP-SP,FBIC-BLDG8,G1,G1-L3-C10-S01,,0,9/26/2025,sa
FP-SP,FBIC-BLDG8,G1,G1-L3-C10-S02,,0,9/26/2025,sa
FP-SP,FBIC-BLDG8,G1,G1-L3-C11-S01,,0,9/26/2025,sa
FP-SP,FBIC-BLDG8,G1,G1-L3-C11-S02,,0,9/26/2025,sa
FP-SP,FBIC-BLDG8,G1,G1-L3-C12-S01,,0,9/26/2025,sa
FP-SP,FBIC-BLDG8,G1,G1-L3-C12-S02,,0,9/26/2025,sa
FP-SP,FBIC-BLDG8,G1,G1-L3-C13-S01,,0,9/26/2025,sa
FP-SP,FBIC-BLDG8,G1,G1-L3-C13-S02,,0,9/26/2025,sa
FP-SP,FBIC-BLDG8,G1,G1-L3-C14-S01,,0,9/26/2025,sa
FP-SP,FBIC-BLDG8,G1,G1-L3-C14-S02,,0,9/26/2025,sa
FP-SP,FBIC-BLDG8,G1,G1-L3-C15-S01,,0,9/26/2025,sa
FP-SP,FBIC-BLDG8,G1,G1-L3-C15-S02,,0,9/26/2025,sa
FP-SP,FBIC-BLDG8,G1,G1-L3-C16-S01,,0,9/26/2025,sa
FP-SP,FBIC-BLDG8,G1,G1-L3-C16-S02,,0,9/26/2025,sa
FP-SP,FBIC-BLDG8,G1,G1-L4-C01-S01,,0,9/26/2025,sa
FP-SP,FBIC-BLDG8,G1,G1-L4-C01-S02,,0,9/26/2025,sa
FP-SP,FBIC-BLDG8,G1,G1-L4-C02-S01,,0,9/26/2025,sa
FP-SP,FBIC-BLDG8,G1,G1-L4-C02-S02,,0,9/26/2025,sa
FP-SP,FBIC-BLDG8,G1,G1-L4-C03-S01,,0,9/26/2025,sa
FP-SP,FBIC-BLDG8,G1,G1-L4-C03-S02,,0,9/26/2025,sa
FP-SP,FBIC-BLDG8,G1,G1-L4-C04-S01,,0,9/26/2025,sa
FP-SP,FBIC-BLDG8,G1,G1-L4-C04-S02,,0,9/26/2025,sa
FP-SP,FBIC-BLDG8,G1,G1-L4-C05-S01,,0,9/26/2025,sa
FP-SP,FBIC-BLDG8,G1,G1-L4-C05-S02,,0,9/26/2025,sa
FP-SP,FBIC-BLDG8,G1,G1-L4-C06-S01,,0,9/26/2025,sa
FP-SP,FBIC-BLDG8,G1,G1-L4-C06-S02,,0,9/26/2025,sa
FP-SP,FBIC-BLDG8,G1,G1-L4-C07-S01,,0,9/26/2025,sa
FP-SP,FBIC-BLDG8,G1,G1-L4-C07-S02,,0,9/26/2025,sa
FP-SP,FBIC-BLDG8,G1,G1-L4-C08-S01,,0,9/26/2025,sa
FP-SP,FBIC-BLDG8,G1,G1-L4-C08-S02,,0,9/26/2025,sa
FP-SP,FBIC-BLDG8,G1,G1-L4-C09-S01,,0,9/26/2025,sa
FP-SP,FBIC-BLDG8,G1,G1-L4-C09-S02,,0,9/26/2025,sa
FP-SP,FBIC-BLDG8,G1,G1-L4-C10-S01,,0,9/26/2025,sa
FP-SP,FBIC-BLDG8,G1,G1-L4-C10-S02,,0,9/26/2025,sa
FP-SP,FBIC-BLDG8,G1,G1-L4-C11-S01,,0,9/26/2025,sa
FP-SP,FBIC-BLDG8,G1,G1-L4-C11-S02,,0,9/26/2025,sa
FP-SP,FBIC-BLDG8,G1,G1-L4-C12-S01,,0,9/26/2025,sa
FP-SP,FBIC-BLDG8,G1,G1-L4-C12-S02,,0,9/26/2025,sa
FP-SP,FBIC-BLDG8,G1,G1-L4-C13-S01,,0,9/26/2025,sa
FP-SP,FBIC-BLDG8,G1,G1-L4-C13-S02,,0,9/26/2025,sa
FP-SP,FBIC-BLDG8,G1,G1-L4-C14-S01,,0,9/26/2025,sa
FP-SP,FBIC-BLDG8,G1,G1-L4-C14-S02,,0,9/26/2025,sa
FP-SP,FBIC-BLDG8,G1,G1-L4-C15-S01,,0,9/26/2025,sa
FP-SP,FBIC-BLDG8,G1,G1-L4-C15-S02,,0,9/26/2025,sa
FP-SP,FBIC-BLDG8,G1,G1-L4-C16-S01,,0,9/26/2025,sa
FP-SP,FBIC-BLDG8,G1,G1-L4-C16-S02,,0,9/26/2025,sa
FP-SP,FBIC-BLDG8,G2,G2-L1-C01-S01,,0,9/26/2025,sa
FP-SP,FBIC-BLDG8,G2,G2-L1-C01-S02,,0,9/26/2025,sa
FP-SP,FBIC-BLDG8,G2,G2-L1-C02-S01,,0,9/26/2025,sa
FP-SP,FBIC-BLDG8,G2,G2-L1-C02-S02,,0,9/26/2025,sa
FP-SP,FBIC-BLDG8,G2,G2-L1-C03-S01,,0,9/26/2025,sa
FP-SP,FBIC-BLDG8,G2,G2-L1-C03-S02,,0,9/26/2025,sa
FP-SP,FBIC-BLDG8,G2,G2-L1-C04-S01,,0,9/26/2025,sa
FP-SP,FBIC-BLDG8,G2,G2-L1-C04-S02,,0,9/26/2025,sa
FP-SP,FBIC-BLDG8,G2,G2-L1-C05-S01,,0,9/26/2025,sa
FP-SP,FBIC-BLDG8,G2,G2-L1-C05-S02,,0,9/26/2025,sa
FP-SP,FBIC-BLDG8,G2,G2-L1-C06-S01,,0,9/26/2025,sa
FP-SP,FBIC-BLDG8,G2,G2-L1-C06-S02,,0,9/26/2025,sa
FP-SP,FBIC-BLDG8,G2,G2-L1-C07-S01,,0,9/26/2025,sa
FP-SP,FBIC-BLDG8,G2,G2-L1-C07-S02,,0,9/26/2025,sa
FP-SP,FBIC-BLDG8,G2,G2-L1-C08-S01,,0,9/26/2025,sa
FP-SP,FBIC-BLDG8,G2,G2-L1-C08-S02,,0,9/26/2025,sa
FP-SP,FBIC-BLDG8,G2,G2-L1-C09-S01,,0,9/26/2025,sa
FP-SP,FBIC-BLDG8,G2,G2-L1-C09-S02,,0,9/26/2025,sa
FP-SP,FBIC-BLDG8,G2,G2-L1-C10-S01,,0,9/26/2025,sa
FP-SP,FBIC-BLDG8,G2,G2-L1-C10-S02,,0,9/26/2025,sa
FP-SP,FBIC-BLDG8,G2,G2-L1-C11-S01,,0,9/26/2025,sa
FP-SP,FBIC-BLDG8,G2,G2-L1-C11-S02,,0,9/26/2025,sa
FP-SP,FBIC-BLDG8,G2,G2-L1-C12-S01,,0,9/26/2025,sa
FP-SP,FBIC-BLDG8,G2,G2-L1-C12-S02,,0,9/26/2025,sa
FP-SP,FBIC-BLDG8,G2,G2-L1-C13-S01,,0,9/26/2025,sa
FP-SP,FBIC-BLDG8,G2,G2-L1-C13-S02,,0,9/26/2025,sa
FP-SP,FBIC-BLDG8,G2,G2-L1-C14-S01,,0,9/26/2025,sa
FP-SP,FBIC-BLDG8,G2,G2-L1-C14-S02,,0,9/26/2025,sa
FP-SP,FBIC-BLDG8,G2,G2-L1-C15-S01,,0,9/26/2025,sa
FP-SP,FBIC-BLDG8,G2,G2-L1-C15-S02,,0,9/26/2025,sa
FP-SP,FBIC-BLDG8,G2,G2-L1-C16-S01,,0,9/26/2025,sa
FP-SP,FBIC-BLDG8,G2,G2-L1-C16-S02,,0,9/26/2025,sa
FP-SP,FBIC-BLDG8,G2,G2-L2-C01-S01,,0,9/26/2025,sa
FP-SP,FBIC-BLDG8,G2,G2-L2-C01-S02,,0,9/26/2025,sa
FP-SP,FBIC-BLDG8,G2,G2-L2-C02-S01,,0,9/26/2025,sa
FP-SP,FBIC-BLDG8,G2,G2-L2-C02-S02,,0,9/26/2025,sa
FP-SP,FBIC-BLDG8,G2,G2-L2-C03-S01,,0,9/26/2025,sa
FP-SP,FBIC-BLDG8,G2,G2-L2-C03-S02,,0,9/26/2025,sa
FP-SP,FBIC-BLDG8,G2,G2-L2-C04-S01,,0,9/26/2025,sa
FP-SP,FBIC-BLDG8,G2,G2-L2-C04-S02,,0,9/26/2025,sa
FP-SP,FBIC-BLDG8,G2,G2-L2-C05-S01,,0,9/26/2025,sa
FP-SP,FBIC-BLDG8,G2,G2-L2-C05-S02,,0,9/26/2025,sa
FP-SP,FBIC-BLDG8,G2,G2-L2-C06-S01,,0,9/26/2025,sa
FP-SP,FBIC-BLDG8,G2,G2-L2-C06-S02,,0,9/26/2025,sa
FP-SP,FBIC-BLDG8,G2,G2-L2-C07-S01,,0,9/26/2025,sa
FP-SP,FBIC-BLDG8,G2,G2-L2-C07-S02,,0,9/26/2025,sa
FP-SP,FBIC-BLDG8,G2,G2-L2-C08-S01,,0,9/26/2025,sa
FP-SP,FBIC-BLDG8,G2,G2-L2-C08-S02,,0,9/26/2025,sa
FP-SP,FBIC-BLDG8,G2,G2-L2-C09-S01,,0,9/26/2025,sa
FP-SP,FBIC-BLDG8,G2,G2-L2-C09-S02,,0,9/26/2025,sa
FP-SP,FBIC-BLDG8,G2,G2-L2-C10-S01,,0,9/26/2025,sa
FP-SP,FBIC-BLDG8,G2,G2-L2-C10-S02,,0,9/26/2025,sa
FP-SP,FBIC-BLDG8,G2,G2-L2-C11-S01,,0,9/26/2025,sa
FP-SP,FBIC-BLDG8,G2,G2-L2-C11-S02,,0,9/26/2025,sa
FP-SP,FBIC-BLDG8,G2,G2-L2-C12-S01,,0,9/26/2025,sa
FP-SP,FBIC-BLDG8,G2,G2-L2-C12-S02,,0,9/26/2025,sa
FP-SP,FBIC-BLDG8,G2,G2-L2-C13-S01,,0,9/26/2025,sa
FP-SP,FBIC-BLDG8,G2,G2-L2-C13-S02,,0,9/26/2025,sa
FP-SP,FBIC-BLDG8,G2,G2-L2-C14-S01,,0,9/26/2025,sa
FP-SP,FBIC-BLDG8,G2,G2-L2-C14-S02,,0,9/26/2025,sa
FP-SP,FBIC-BLDG8,G2,G2-L2-C15-S01,,0,9/26/2025,sa
FP-SP,FBIC-BLDG8,G2,G2-L2-C15-S02,,0,9/26/2025,sa
FP-SP,FBIC-BLDG8,G2,G2-L2-C16-S01,,0,9/26/2025,sa
FP-SP,FBIC-BLDG8,G2,G2-L2-C16-S02,,0,9/26/2025,sa
FP-SP,FBIC-BLDG8,G2,G2-L3-C01-S01,,0,9/26/2025,sa
FP-SP,FBIC-BLDG8,G2,G2-L3-C01-S02,,0,9/26/2025,sa
FP-SP,FBIC-BLDG8,G2,G2-L3-C02-S01,,0,9/26/2025,sa
FP-SP,FBIC-BLDG8,G2,G2-L3-C02-S02,,0,9/26/2025,sa
FP-SP,FBIC-BLDG8,G2,G2-L3-C03-S01,,0,9/26/2025,sa
FP-SP,FBIC-BLDG8,G2,G2-L3-C03-S02,,0,9/26/2025,sa
FP-SP,FBIC-BLDG8,G2,G2-L3-C04-S01,,0,9/26/2025,sa
FP-SP,FBIC-BLDG8,G2,G2-L3-C04-S02,,0,9/26/2025,sa
FP-SP,FBIC-BLDG8,G2,G2-L3-C05-S01,,0,9/26/2025,sa
FP-SP,FBIC-BLDG8,G2,G2-L3-C05-S02,,0,9/26/2025,sa
FP-SP,FBIC-BLDG8,G2,G2-L3-C06-S01,,0,9/26/2025,sa
FP-SP,FBIC-BLDG8,G2,G2-L3-C06-S02,,0,9/26/2025,sa
FP-SP,FBIC-BLDG8,G2,G2-L3-C07-S01,,0,9/26/2025,sa
FP-SP,FBIC-BLDG8,G2,G2-L3-C07-S02,,0,9/26/2025,sa
FP-SP,FBIC-BLDG8,G2,G2-L3-C08-S01,,0,9/26/2025,sa
FP-SP,FBIC-BLDG8,G2,G2-L3-C08-S02,,0,9/26/2025,sa
FP-SP,FBIC-BLDG8,G2,G2-L3-C09-S01,,0,9/26/2025,sa
FP-SP,FBIC-BLDG8,G2,G2-L3-C09-S02,,0,9/26/2025,sa
FP-SP,FBIC-BLDG8,G2,G2-L3-C10-S01,,0,9/26/2025,sa
FP-SP,FBIC-BLDG8,G2,G2-L3-C10-S02,,0,9/26/2025,sa
FP-SP,FBIC-BLDG8,G2,G2-L3-C11-S01,,0,9/26/2025,sa
FP-SP,FBIC-BLDG8,G2,G2-L3-C11-S02,,0,9/26/2025,sa
FP-SP,FBIC-BLDG8,G2,G2-L3-C12-S01,,0,9/26/2025,sa
FP-SP,FBIC-BLDG8,G2,G2-L3-C12-S02,,0,9/26/2025,sa
FP-SP,FBIC-BLDG8,G2,G2-L3-C13-S01,,0,9/26/2025,sa
FP-SP,FBIC-BLDG8,G2,G2-L3-C13-S02,,0,9/26/2025,sa
FP-SP,FBIC-BLDG8,G2,G2-L3-C14-S01,,0,9/26/2025,sa
FP-SP,FBIC-BLDG8,G2,G2-L3-C14-S02,,0,9/26/2025,sa
FP-SP,FBIC-BLDG8,G2,G2-L3-C15-S01,,0,9/26/2025,sa
FP-SP,FBIC-BLDG8,G2,G2-L3-C15-S02,,0,9/26/2025,sa
FP-SP,FBIC-BLDG8,G2,G2-L3-C16-S01,,0,9/26/2025,sa
FP-SP,FBIC-BLDG8,G2,G2-L3-C16-S02,,0,9/26/2025,sa
FP-SP,FBIC-BLDG8,G2,G2-L4-C01-S01,,0,9/26/2025,sa
FP-SP,FBIC-BLDG8,G2,G2-L4-C01-S02,,0,9/26/2025,sa
FP-SP,FBIC-BLDG8,G2,G2-L4-C02-S01,,0,9/26/2025,sa
FP-SP,FBIC-BLDG8,G2,G2-L4-C02-S02,,0,9/26/2025,sa
FP-SP,FBIC-BLDG8,G2,G2-L4-C03-S01,,0,9/26/2025,sa
FP-SP,FBIC-BLDG8,G2,G2-L4-C03-S02,,0,9/26/2025,sa
FP-SP,FBIC-BLDG8,G2,G2-L4-C04-S01,,0,9/26/2025,sa
FP-SP,FBIC-BLDG8,G2,G2-L4-C04-S02,,0,9/26/2025,sa
FP-SP,FBIC-BLDG8,G2,G2-L4-C05-S01,,0,9/26/2025,sa
FP-SP,FBIC-BLDG8,G2,G2-L4-C05-S02,,0,9/26/2025,sa
FP-SP,FBIC-BLDG8,G2,G2-L4-C06-S01,,0,9/26/2025,sa
FP-SP,FBIC-BLDG8,G2,G2-L4-C06-S02,,0,9/26/2025,sa
FP-SP,FBIC-BLDG8,G2,G2-L4-C07-S01,,0,9/26/2025,sa
FP-SP,FBIC-BLDG8,G2,G2-L4-C07-S02,,0,9/26/2025,sa
FP-SP,FBIC-BLDG8,G2,G2-L4-C08-S01,,0,9/26/2025,sa
FP-SP,FBIC-BLDG8,G2,G2-L4-C08-S02,,0,9/26/2025,sa
FP-SP,FBIC-BLDG8,G2,G2-L4-C09-S01,,0,9/26/2025,sa
FP-SP,FBIC-BLDG8,G2,G2-L4-C09-S02,,0,9/26/2025,sa
FP-SP,FBIC-BLDG8,G2,G2-L4-C10-S01,,0,9/26/2025,sa
FP-SP,FBIC-BLDG8,G2,G2-L4-C10-S02,,0,9/26/2025,sa
FP-SP,FBIC-BLDG8,G2,G2-L4-C11-S01,,0,9/26/2025,sa
FP-SP,FBIC-BLDG8,G2,G2-L4-C11-S02,,0,9/26/2025,sa
FP-SP,FBIC-BLDG8,G2,G2-L4-C12-S01,,0,9/26/2025,sa
FP-SP,FBIC-BLDG8,G2,G2-L4-C12-S02,,0,9/26/2025,sa
FP-SP,FBIC-BLDG8,G2,G2-L4-C13-S01,,0,9/26/2025,sa
FP-SP,FBIC-BLDG8,G2,G2-L4-C13-S02,,0,9/26/2025,sa
FP-SP,FBIC-BLDG8,G2,G2-L4-C14-S01,,0,9/26/2025,sa
FP-SP,FBIC-BLDG8,G2,G2-L4-C14-S02,,0,9/26/2025,sa
FP-SP,FBIC-BLDG8,G2,G2-L4-C15-S01,,0,9/26/2025,sa
FP-SP,FBIC-BLDG8,G2,G2-L4-C15-S02,,0,9/26/2025,sa
FP-SP,FBIC-BLDG8,G2,G2-L4-C16-S01,,0,9/26/2025,sa
FP-SP,FBIC-BLDG8,G2,G2-L4-C16-S02,,0,9/26/2025,sa
FP-SP,FBIC-BLDG8,G3,G3-L1-C01-S01,,0,9/26/2025,sa
FP-SP,FBIC-BLDG8,G3,G3-L1-C01-S02,,0,9/26/2025,sa
FP-SP,FBIC-BLDG8,G3,G3-L1-C02-S01,,0,9/26/2025,sa
FP-SP,FBIC-BLDG8,G3,G3-L1-C02-S02,,0,9/26/2025,sa
FP-SP,FBIC-BLDG8,G3,G3-L1-C03-S01,,0,9/26/2025,sa
FP-SP,FBIC-BLDG8,G3,G3-L1-C03-S02,,0,9/26/2025,sa
FP-SP,FBIC-BLDG8,G3,G3-L1-C04-S01,,0,9/26/2025,sa
FP-SP,FBIC-BLDG8,G3,G3-L1-C04-S02,,0,9/26/2025,sa
FP-SP,FBIC-BLDG8,G3,G3-L1-C05-S01,,0,9/26/2025,sa
FP-SP,FBIC-BLDG8,G3,G3-L1-C05-S02,,0,9/26/2025,sa
FP-SP,FBIC-BLDG8,G3,G3-L1-C06-S01,,0,9/26/2025,sa
FP-SP,FBIC-BLDG8,G3,G3-L1-C06-S02,,0,9/26/2025,sa
FP-SP,FBIC-BLDG8,G3,G3-L1-C07-S01,,0,9/26/2025,sa
FP-SP,FBIC-BLDG8,G3,G3-L1-C07-S02,,0,9/26/2025,sa
FP-SP,FBIC-BLDG8,G3,G3-L1-C08-S01,,0,9/26/2025,sa
FP-SP,FBIC-BLDG8,G3,G3-L1-C08-S02,,0,9/26/2025,sa
FP-SP,FBIC-BLDG8,G3,G3-L1-C09-S01,,0,9/26/2025,sa
FP-SP,FBIC-BLDG8,G3,G3-L1-C09-S02,,0,9/26/2025,sa
FP-SP,FBIC-BLDG8,G3,G3-L1-C10-S01,,0,9/26/2025,sa
FP-SP,FBIC-BLDG8,G3,G3-L1-C10-S02,,0,9/26/2025,sa
FP-SP,FBIC-BLDG8,G3,G3-L1-C11-S01,,0,9/26/2025,sa
FP-SP,FBIC-BLDG8,G3,G3-L1-C11-S02,,0,9/26/2025,sa
FP-SP,FBIC-BLDG8,G3,G3-L1-C12-S01,,0,9/26/2025,sa
FP-SP,FBIC-BLDG8,G3,G3-L1-C12-S02,,0,9/26/2025,sa
FP-SP,FBIC-BLDG8,G3,G3-L1-C13-S01,,0,9/26/2025,sa
FP-SP,FBIC-BLDG8,G3,G3-L1-C13-S02,,0,9/26/2025,sa
FP-SP,FBIC-BLDG8,G3,G3-L1-C14-S01,,0,9/26/2025,sa
FP-SP,FBIC-BLDG8,G3,G3-L1-C14-S02,,0,9/26/2025,sa
FP-SP,FBIC-BLDG8,G3,G3-L1-C15-S01,,0,9/26/2025,sa
FP-SP,FBIC-BLDG8,G3,G3-L1-C15-S02,,0,9/26/2025,sa
FP-SP,FBIC-BLDG8,G3,G3-L1-C16-S01,,0,9/26/2025,sa
FP-SP,FBIC-BLDG8,G3,G3-L1-C16-S02,,0,9/26/2025,sa
FP-SP,FBIC-BLDG8,G3,G3-L2-C01-S01,,0,9/26/2025,sa
FP-SP,FBIC-BLDG8,G3,G3-L2-C01-S02,,0,9/26/2025,sa
FP-SP,FBIC-BLDG8,G3,G3-L2-C02-S01,,0,9/26/2025,sa
FP-SP,FBIC-BLDG8,G3,G3-L2-C02-S02,,0,9/26/2025,sa
FP-SP,FBIC-BLDG8,G3,G3-L2-C03-S01,,0,9/26/2025,sa
FP-SP,FBIC-BLDG8,G3,G3-L2-C03-S02,,0,9/26/2025,sa
FP-SP,FBIC-BLDG8,G3,G3-L2-C04-S01,,0,9/26/2025,sa
FP-SP,FBIC-BLDG8,G3,G3-L2-C04-S02,,0,9/26/2025,sa
FP-SP,FBIC-BLDG8,G3,G3-L2-C05-S01,,0,9/26/2025,sa
FP-SP,FBIC-BLDG8,G3,G3-L2-C05-S02,,0,9/26/2025,sa
FP-SP,FBIC-BLDG8,G3,G3-L2-C06-S01,,0,9/26/2025,sa
FP-SP,FBIC-BLDG8,G3,G3-L2-C06-S02,,0,9/26/2025,sa
FP-SP,FBIC-BLDG8,G3,G3-L2-C07-S01,,0,9/26/2025,sa
FP-SP,FBIC-BLDG8,G3,G3-L2-C07-S02,,0,9/26/2025,sa
FP-SP,FBIC-BLDG8,G3,G3-L2-C08-S01,,0,9/26/2025,sa
FP-SP,FBIC-BLDG8,G3,G3-L2-C08-S02,,0,9/26/2025,sa
FP-SP,FBIC-BLDG8,G3,G3-L2-C09-S01,,0,9/26/2025,sa
FP-SP,FBIC-BLDG8,G3,G3-L2-C09-S02,,0,9/26/2025,sa
FP-SP,FBIC-BLDG8,G3,G3-L2-C10-S01,,0,9/26/2025,sa
FP-SP,FBIC-BLDG8,G3,G3-L2-C10-S02,,0,9/26/2025,sa
FP-SP,FBIC-BLDG8,G3,G3-L2-C11-S01,,0,9/26/2025,sa
FP-SP,FBIC-BLDG8,G3,G3-L2-C11-S02,,0,9/26/2025,sa
FP-SP,FBIC-BLDG8,G3,G3-L2-C12-S01,,0,9/26/2025,sa
FP-SP,FBIC-BLDG8,G3,G3-L2-C12-S02,,0,9/26/2025,sa
FP-SP,FBIC-BLDG8,G3,G3-L2-C13-S01,,0,9/26/2025,sa
FP-SP,FBIC-BLDG8,G3,G3-L2-C13-S02,,0,9/26/2025,sa
FP-SP,FBIC-BLDG8,G3,G3-L2-C14-S01,,0,9/26/2025,sa
FP-SP,FBIC-BLDG8,G3,G3-L2-C14-S02,,0,9/26/2025,sa
FP-SP,FBIC-BLDG8,G3,G3-L2-C15-S01,,0,9/26/2025,sa
FP-SP,FBIC-BLDG8,G3,G3-L2-C15-S02,,0,9/26/2025,sa
FP-SP,FBIC-BLDG8,G3,G3-L2-C16-S01,,0,9/26/2025,sa
FP-SP,FBIC-BLDG8,G3,G3-L2-C16-S02,,0,9/26/2025,sa
FP-SP,FBIC-BLDG8,G3,G3-L3-C01-S01,,0,9/26/2025,sa
FP-SP,FBIC-BLDG8,G3,G3-L3-C01-S02,,0,9/26/2025,sa
FP-SP,FBIC-BLDG8,G3,G3-L3-C02-S01,,0,9/26/2025,sa
FP-SP,FBIC-BLDG8,G3,G3-L3-C02-S02,,0,9/26/2025,sa
FP-SP,FBIC-BLDG8,G3,G3-L3-C03-S01,,0,9/26/2025,sa
FP-SP,FBIC-BLDG8,G3,G3-L3-C03-S02,,0,9/26/2025,sa
FP-SP,FBIC-BLDG8,G3,G3-L3-C04-S01,,0,9/26/2025,sa
FP-SP,FBIC-BLDG8,G3,G3-L3-C04-S02,,0,9/26/2025,sa
FP-SP,FBIC-BLDG8,G3,G3-L3-C05-S01,,0,9/26/2025,sa
FP-SP,FBIC-BLDG8,G3,G3-L3-C05-S02,,0,9/26/2025,sa
FP-SP,FBIC-BLDG8,G3,G3-L3-C06-S01,,0,9/26/2025,sa
FP-SP,FBIC-BLDG8,G3,G3-L3-C06-S02,,0,9/26/2025,sa
FP-SP,FBIC-BLDG8,G3,G3-L3-C07-S01,,0,9/26/2025,sa
FP-SP,FBIC-BLDG8,G3,G3-L3-C07-S02,,0,9/26/2025,sa
FP-SP,FBIC-BLDG8,G3,G3-L3-C08-S01,,0,9/26/2025,sa
FP-SP,FBIC-BLDG8,G3,G3-L3-C08-S02,,0,9/26/2025,sa
FP-SP,FBIC-BLDG8,G3,G3-L3-C09-S01,,0,9/26/2025,sa
FP-SP,FBIC-BLDG8,G3,G3-L3-C09-S02,,0,9/26/2025,sa
FP-SP,FBIC-BLDG8,G3,G3-L3-C10-S01,,0,9/26/2025,sa
FP-SP,FBIC-BLDG8,G3,G3-L3-C10-S02,,0,9/26/2025,sa
FP-SP,FBIC-BLDG8,G3,G3-L3-C11-S01,,0,9/26/2025,sa
FP-SP,FBIC-BLDG8,G3,G3-L3-C11-S02,,0,9/26/2025,sa
FP-SP,FBIC-BLDG8,G3,G3-L3-C12-S01,,0,9/26/2025,sa
FP-SP,FBIC-BLDG8,G3,G3-L3-C12-S02,,0,9/26/2025,sa
FP-SP,FBIC-BLDG8,G3,G3-L3-C13-S01,,0,9/26/2025,sa
FP-SP,FBIC-BLDG8,G3,G3-L3-C13-S02,,0,9/26/2025,sa
FP-SP,FBIC-BLDG8,G3,G3-L3-C14-S01,,0,9/26/2025,sa
FP-SP,FBIC-BLDG8,G3,G3-L3-C14-S02,,0,9/26/2025,sa
FP-SP,FBIC-BLDG8,G3,G3-L3-C15-S01,,0,9/26/2025,sa
FP-SP,FBIC-BLDG8,G3,G3-L3-C15-S02,,0,9/26/2025,sa
FP-SP,FBIC-BLDG8,G3,G3-L3-C16-S01,,0,9/26/2025,sa
FP-SP,FBIC-BLDG8,G3,G3-L3-C16-S02,,0,9/26/2025,sa
FP-SP,FBIC-BLDG8,G3,G3-L4-C01-S01,,0,9/26/2025,sa
FP-SP,FBIC-BLDG8,G3,G3-L4-C01-S02,,0,9/26/2025,sa
FP-SP,FBIC-BLDG8,G3,G3-L4-C02-S01,,0,9/26/2025,sa
FP-SP,FBIC-BLDG8,G3,G3-L4-C02-S02,,0,9/26/2025,sa
FP-SP,FBIC-BLDG8,G3,G3-L4-C03-S01,,0,9/26/2025,sa
FP-SP,FBIC-BLDG8,G3,G3-L4-C03-S02,,0,9/26/2025,sa
FP-SP,FBIC-BLDG8,G3,G3-L4-C04-S01,,0,9/26/2025,sa
FP-SP,FBIC-BLDG8,G3,G3-L4-C04-S02,,0,9/26/2025,sa
FP-SP,FBIC-BLDG8,G3,G3-L4-C05-S01,,0,9/26/2025,sa
FP-SP,FBIC-BLDG8,G3,G3-L4-C05-S02,,0,9/26/2025,sa
FP-SP,FBIC-BLDG8,G3,G3-L4-C06-S01,,0,9/26/2025,sa
FP-SP,FBIC-BLDG8,G3,G3-L4-C06-S02,,0,9/26/2025,sa
FP-SP,FBIC-BLDG8,G3,G3-L4-C07-S01,,0,9/26/2025,sa
FP-SP,FBIC-BLDG8,G3,G3-L4-C07-S02,,0,9/26/2025,sa
FP-SP,FBIC-BLDG8,G3,G3-L4-C08-S01,,0,9/26/2025,sa
FP-SP,FBIC-BLDG8,G3,G3-L4-C08-S02,,0,9/26/2025,sa
FP-SP,FBIC-BLDG8,G3,G3-L4-C09-S01,,0,9/26/2025,sa
FP-SP,FBIC-BLDG8,G3,G3-L4-C09-S02,,0,9/26/2025,sa
FP-SP,FBIC-BLDG8,G3,G3-L4-C10-S01,,0,9/26/2025,sa
FP-SP,FBIC-BLDG8,G3,G3-L4-C10-S02,,0,9/26/2025,sa
FP-SP,FBIC-BLDG8,G3,G3-L4-C11-S01,,0,9/26/2025,sa
FP-SP,FBIC-BLDG8,G3,G3-L4-C11-S02,,0,9/26/2025,sa
FP-SP,FBIC-BLDG8,G3,G3-L4-C12-S01,,0,9/26/2025,sa
FP-SP,FBIC-BLDG8,G3,G3-L4-C12-S02,,0,9/26/2025,sa
FP-SP,FBIC-BLDG8,G3,G3-L4-C13-S01,,0,9/26/2025,sa
FP-SP,FBIC-BLDG8,G3,G3-L4-C13-S02,,0,9/26/2025,sa
FP-SP,FBIC-BLDG8,G3,G3-L4-C14-S01,,0,9/26/2025,sa
FP-SP,FBIC-BLDG8,G3,G3-L4-C14-S02,,0,9/26/2025,sa
FP-SP,FBIC-BLDG8,G3,G3-L4-C15-S01,,0,9/26/2025,sa
FP-SP,FBIC-BLDG8,G3,G3-L4-C15-S02,,0,9/26/2025,sa
FP-SP,FBIC-BLDG8,G3,G3-L4-C16-S01,,0,9/26/2025,sa
FP-SP,FBIC-BLDG8,G3,G3-L4-C16-S02,,0,9/26/2025,sa
FP-SP,FBIC-BLDG8,G4,G4-L1-C01-S01,,0,9/26/2025,sa
FP-SP,FBIC-BLDG8,G4,G4-L1-C01-S02,,0,9/26/2025,sa
FP-SP,FBIC-BLDG8,G4,G4-L1-C02-S01,,0,9/26/2025,sa
FP-SP,FBIC-BLDG8,G4,G4-L1-C02-S02,,0,9/26/2025,sa
FP-SP,FBIC-BLDG8,G4,G4-L1-C03-S01,,0,9/26/2025,sa
FP-SP,FBIC-BLDG8,G4,G4-L1-C03-S02,,0,9/26/2025,sa
FP-SP,FBIC-BLDG8,G4,G4-L1-C04-S01,,0,9/26/2025,sa
FP-SP,FBIC-BLDG8,G4,G4-L1-C04-S02,,0,9/26/2025,sa
FP-SP,FBIC-BLDG8,G4,G4-L1-C05-S01,,0,9/26/2025,sa
FP-SP,FBIC-BLDG8,G4,G4-L1-C05-S02,,0,9/26/2025,sa
FP-SP,FBIC-BLDG8,G4,G4-L1-C06-S01,,0,9/26/2025,sa
FP-SP,FBIC-BLDG8,G4,G4-L1-C06-S02,,0,9/26/2025,sa
FP-SP,FBIC-BLDG8,G4,G4-L1-C07-S01,,0,9/26/2025,sa
FP-SP,FBIC-BLDG8,G4,G4-L1-C07-S02,,0,9/26/2025,sa
FP-SP,FBIC-BLDG8,G4,G4-L1-C08-S01,,0,9/26/2025,sa
FP-SP,FBIC-BLDG8,G4,G4-L1-C08-S02,,0,9/26/2025,sa
FP-SP,FBIC-BLDG8,G4,G4-L1-C09-S01,,0,9/26/2025,sa
FP-SP,FBIC-BLDG8,G4,G4-L1-C09-S02,,0,9/26/2025,sa
FP-SP,FBIC-BLDG8,G4,G4-L1-C10-S01,,0,9/26/2025,sa
FP-SP,FBIC-BLDG8,G4,G4-L1-C10-S02,,0,9/26/2025,sa
FP-SP,FBIC-BLDG8,G4,G4-L1-C11-S01,,0,9/26/2025,sa
FP-SP,FBIC-BLDG8,G4,G4-L1-C11-S02,,0,9/26/2025,sa
FP-SP,FBIC-BLDG8,G4,G4-L1-C12-S01,,0,9/26/2025,sa
FP-SP,FBIC-BLDG8,G4,G4-L1-C12-S02,,0,9/26/2025,sa
FP-SP,FBIC-BLDG8,G4,G4-L1-C13-S01,,0,9/26/2025,sa
FP-SP,FBIC-BLDG8,G4,G4-L1-C13-S02,,0,9/26/2025,sa
FP-SP,FBIC-BLDG8,G4,G4-L1-C14-S01,,0,9/26/2025,sa
FP-SP,FBIC-BLDG8,G4,G4-L1-C14-S02,,0,9/26/2025,sa
FP-SP,FBIC-BLDG8,G4,G4-L1-C15-S01,,0,9/26/2025,sa
FP-SP,FBIC-BLDG8,G4,G4-L1-C15-S02,,0,9/26/2025,sa
FP-SP,FBIC-BLDG8,G4,G4-L1-C16-S01,,0,9/26/2025,sa
FP-SP,FBIC-BLDG8,G4,G4-L1-C16-S02,,0,9/26/2025,sa
FP-SP,FBIC-BLDG8,G4,G4-L2-C01-S01,,0,9/26/2025,sa
FP-SP,FBIC-BLDG8,G4,G4-L2-C01-S02,,0,9/26/2025,sa
FP-SP,FBIC-BLDG8,G4,G4-L2-C02-S01,,0,9/26/2025,sa
FP-SP,FBIC-BLDG8,G4,G4-L2-C02-S02,,0,9/26/2025,sa
FP-SP,FBIC-BLDG8,G4,G4-L2-C03-S01,,0,9/26/2025,sa
FP-SP,FBIC-BLDG8,G4,G4-L2-C03-S02,,0,9/26/2025,sa
FP-SP,FBIC-BLDG8,G4,G4-L2-C04-S01,,0,9/26/2025,sa
FP-SP,FBIC-BLDG8,G4,G4-L2-C04-S02,,0,9/26/2025,sa
FP-SP,FBIC-BLDG8,G4,G4-L2-C05-S01,,0,9/26/2025,sa
FP-SP,FBIC-BLDG8,G4,G4-L2-C05-S02,,0,9/26/2025,sa
FP-SP,FBIC-BLDG8,G4,G4-L2-C06-S01,,0,9/26/2025,sa
FP-SP,FBIC-BLDG8,G4,G4-L2-C06-S02,,0,9/26/2025,sa
FP-SP,FBIC-BLDG8,G4,G4-L2-C07-S01,,0,9/26/2025,sa
FP-SP,FBIC-BLDG8,G4,G4-L2-C07-S02,,0,9/26/2025,sa
FP-SP,FBIC-BLDG8,G4,G4-L2-C08-S01,,0,9/26/2025,sa
FP-SP,FBIC-BLDG8,G4,G4-L2-C08-S02,,0,9/26/2025,sa
FP-SP,FBIC-BLDG8,G4,G4-L2-C09-S01,,0,9/26/2025,sa
FP-SP,FBIC-BLDG8,G4,G4-L2-C09-S02,,0,9/26/2025,sa
FP-SP,FBIC-BLDG8,G4,G4-L2-C10-S01,,0,9/26/2025,sa
FP-SP,FBIC-BLDG8,G4,G4-L2-C10-S02,,0,9/26/2025,sa
FP-SP,FBIC-BLDG8,G4,G4-L2-C11-S01,,0,9/26/2025,sa
FP-SP,FBIC-BLDG8,G4,G4-L2-C11-S02,,0,9/26/2025,sa
FP-SP,FBIC-BLDG8,G4,G4-L2-C12-S01,,0,9/26/2025,sa
FP-SP,FBIC-BLDG8,G4,G4-L2-C12-S02,,0,9/26/2025,sa
FP-SP,FBIC-BLDG8,G4,G4-L2-C13-S01,,0,9/26/2025,sa
FP-SP,FBIC-BLDG8,G4,G4-L2-C13-S02,,0,9/26/2025,sa
FP-SP,FBIC-BLDG8,G4,G4-L2-C14-S01,,0,9/26/2025,sa
FP-SP,FBIC-BLDG8,G4,G4-L2-C14-S02,,0,9/26/2025,sa
FP-SP,FBIC-BLDG8,G4,G4-L2-C15-S01,,0,9/26/2025,sa
FP-SP,FBIC-BLDG8,G4,G4-L2-C15-S02,,0,9/26/2025,sa
FP-SP,FBIC-BLDG8,G4,G4-L2-C16-S01,,0,9/26/2025,sa
FP-SP,FBIC-BLDG8,G4,G4-L2-C16-S02,,0,9/26/2025,sa
FP-SP,FBIC-BLDG8,G4,G4-L3-C01-S01,,0,9/26/2025,sa
FP-SP,FBIC-BLDG8,G4,G4-L3-C01-S02,,0,9/26/2025,sa
FP-SP,FBIC-BLDG8,G4,G4-L3-C02-S01,,0,9/26/2025,sa
FP-SP,FBIC-BLDG8,G4,G4-L3-C02-S02,,0,9/26/2025,sa
FP-SP,FBIC-BLDG8,G4,G4-L3-C03-S01,,0,9/26/2025,sa
FP-SP,FBIC-BLDG8,G4,G4-L3-C03-S02,,0,9/26/2025,sa
FP-SP,FBIC-BLDG8,G4,G4-L3-C04-S01,,0,9/26/2025,sa
FP-SP,FBIC-BLDG8,G4,G4-L3-C04-S02,,0,9/26/2025,sa
FP-SP,FBIC-BLDG8,G4,G4-L3-C05-S01,,0,9/26/2025,sa
FP-SP,FBIC-BLDG8,G4,G4-L3-C05-S02,,0,9/26/2025,sa
FP-SP,FBIC-BLDG8,G4,G4-L3-C06-S01,,0,9/26/2025,sa
FP-SP,FBIC-BLDG8,G4,G4-L3-C06-S02,,0,9/26/2025,sa
FP-SP,FBIC-BLDG8,G4,G4-L3-C07-S01,,0,9/26/2025,sa
FP-SP,FBIC-BLDG8,G4,G4-L3-C07-S02,,0,9/26/2025,sa
FP-SP,FBIC-BLDG8,G4,G4-L3-C08-S01,,0,9/26/2025,sa
FP-SP,FBIC-BLDG8,G4,G4-L3-C08-S02,,0,9/26/2025,sa
FP-SP,FBIC-BLDG8,G4,G4-L3-C09-S01,,0,9/26/2025,sa
FP-SP,FBIC-BLDG8,G4,G4-L3-C09-S02,,0,9/26/2025,sa
FP-SP,FBIC-BLDG8,G4,G4-L3-C10-S01,,0,9/26/2025,sa
FP-SP,FBIC-BLDG8,G4,G4-L3-C10-S02,,0,9/26/2025,sa
FP-SP,FBIC-BLDG8,G4,G4-L3-C11-S01,,0,9/26/2025,sa
FP-SP,FBIC-BLDG8,G4,G4-L3-C11-S02,,0,9/26/2025,sa
FP-SP,FBIC-BLDG8,G4,G4-L3-C12-S01,,0,9/26/2025,sa
FP-SP,FBIC-BLDG8,G4,G4-L3-C12-S02,,0,9/26/2025,sa
FP-SP,FBIC-BLDG8,G4,G4-L3-C13-S01,,0,9/26/2025,sa
FP-SP,FBIC-BLDG8,G4,G4-L3-C13-S02,,0,9/26/2025,sa
FP-SP,FBIC-BLDG8,G4,G4-L3-C14-S01,,0,9/26/2025,sa
FP-SP,FBIC-BLDG8,G4,G4-L3-C14-S02,,0,9/26/2025,sa
FP-SP,FBIC-BLDG8,G4,G4-L3-C15-S01,,0,9/26/2025,sa
FP-SP,FBIC-BLDG8,G4,G4-L3-C15-S02,,0,9/26/2025,sa
FP-SP,FBIC-BLDG8,G4,G4-L3-C16-S01,,0,9/26/2025,sa
FP-SP,FBIC-BLDG8,G4,G4-L3-C16-S02,,0,9/26/2025,sa
FP-SP,FBIC-BLDG8,G4,G4-L4-C01-S01,,0,9/26/2025,sa
FP-SP,FBIC-BLDG8,G4,G4-L4-C01-S02,,0,9/26/2025,sa
FP-SP,FBIC-BLDG8,G4,G4-L4-C02-S01,,0,9/26/2025,sa
FP-SP,FBIC-BLDG8,G4,G4-L4-C02-S02,,0,9/26/2025,sa
FP-SP,FBIC-BLDG8,G4,G4-L4-C03-S01,,0,9/26/2025,sa
FP-SP,FBIC-BLDG8,G4,G4-L4-C03-S02,,0,9/26/2025,sa
FP-SP,FBIC-BLDG8,G4,G4-L4-C04-S01,,0,9/26/2025,sa
FP-SP,FBIC-BLDG8,G4,G4-L4-C04-S02,,0,9/26/2025,sa
FP-SP,FBIC-BLDG8,G4,G4-L4-C05-S01,,0,9/26/2025,sa
FP-SP,FBIC-BLDG8,G4,G4-L4-C05-S02,,0,9/26/2025,sa
FP-SP,FBIC-BLDG8,G4,G4-L4-C06-S01,,0,9/26/2025,sa
FP-SP,FBIC-BLDG8,G4,G4-L4-C06-S02,,0,9/26/2025,sa
FP-SP,FBIC-BLDG8,G4,G4-L4-C07-S01,,0,9/26/2025,sa
FP-SP,FBIC-BLDG8,G4,G4-L4-C07-S02,,0,9/26/2025,sa
FP-SP,FBIC-BLDG8,G4,G4-L4-C08-S01,,0,9/26/2025,sa
FP-SP,FBIC-BLDG8,G4,G4-L4-C08-S02,,0,9/26/2025,sa
FP-SP,FBIC-BLDG8,G4,G4-L4-C09-S01,,0,9/26/2025,sa
FP-SP,FBIC-BLDG8,G4,G4-L4-C09-S02,,0,9/26/2025,sa
FP-SP,FBIC-BLDG8,G4,G4-L4-C10-S01,,0,9/26/2025,sa
FP-SP,FBIC-BLDG8,G4,G4-L4-C10-S02,,0,9/26/2025,sa
FP-SP,FBIC-BLDG8,G4,G4-L4-C11-S01,,0,9/26/2025,sa
FP-SP,FBIC-BLDG8,G4,G4-L4-C11-S02,,0,9/26/2025,sa
FP-SP,FBIC-BLDG8,G4,G4-L4-C12-S01,,0,9/26/2025,sa
FP-SP,FBIC-BLDG8,G4,G4-L4-C12-S02,,0,9/26/2025,sa
FP-SP,FBIC-BLDG8,G4,G4-L4-C13-S01,,0,9/26/2025,sa
FP-SP,FBIC-BLDG8,G4,G4-L4-C13-S02,,0,9/26/2025,sa
FP-SP,FBIC-BLDG8,G4,G4-L4-C14-S01,,0,9/26/2025,sa
FP-SP,FBIC-BLDG8,G4,G4-L4-C14-S02,,0,9/26/2025,sa
FP-SP,FBIC-BLDG8,G4,G4-L4-C15-S01,,0,9/26/2025,sa
FP-SP,FBIC-BLDG8,G4,G4-L4-C15-S02,,0,9/26/2025,sa
FP-SP,FBIC-BLDG8,G4,G4-L4-C16-S01,,0,9/26/2025,sa
FP-SP,FBIC-BLDG8,G4,G4-L4-C16-S02,,0,9/26/2025,sa
FP-SP,FBIC-BLDG8,H1,H1-L1-C01-S01,,0,9/26/2025,sa
FP-SP,FBIC-BLDG8,H1,H1-L1-C01-S02,,0,9/26/2025,sa
FP-SP,FBIC-BLDG8,H1,H1-L1-C02-S01,,0,9/26/2025,sa
FP-SP,FBIC-BLDG8,H1,H1-L1-C02-S02,,0,9/26/2025,sa
FP-SP,FBIC-BLDG8,H1,H1-L1-C03-S01,,0,9/26/2025,sa
FP-SP,FBIC-BLDG8,H1,H1-L1-C03-S02,,0,9/26/2025,sa
FP-SP,FBIC-BLDG8,H1,H1-L1-C04-S01,,0,9/26/2025,sa
FP-SP,FBIC-BLDG8,H1,H1-L1-C04-S02,,0,9/26/2025,sa
FP-SP,FBIC-BLDG8,H1,H1-L1-C05-S01,,0,9/26/2025,sa
FP-SP,FBIC-BLDG8,H1,H1-L1-C05-S02,,0,9/26/2025,sa
FP-SP,FBIC-BLDG8,H1,H1-L1-C06-S01,,0,9/26/2025,sa
FP-SP,FBIC-BLDG8,H1,H1-L1-C06-S02,,0,9/26/2025,sa
FP-SP,FBIC-BLDG8,H1,H1-L1-C07-S01,,0,9/26/2025,sa
FP-SP,FBIC-BLDG8,H1,H1-L1-C07-S02,,0,9/26/2025,sa
FP-SP,FBIC-BLDG8,H1,H1-L1-C08-S01,,0,9/26/2025,sa
FP-SP,FBIC-BLDG8,H1,H1-L1-C08-S02,,0,9/26/2025,sa
FP-SP,FBIC-BLDG8,H1,H1-L1-C09-S01,,0,9/26/2025,sa
FP-SP,FBIC-BLDG8,H1,H1-L1-C09-S02,,0,9/26/2025,sa
FP-SP,FBIC-BLDG8,H1,H1-L1-C10-S01,,0,9/26/2025,sa
FP-SP,FBIC-BLDG8,H1,H1-L1-C10-S02,,0,9/26/2025,sa
FP-SP,FBIC-BLDG8,H1,H1-L1-C11-S01,,0,9/26/2025,sa
FP-SP,FBIC-BLDG8,H1,H1-L1-C11-S02,,0,9/26/2025,sa
FP-SP,FBIC-BLDG8,H1,H1-L1-C12-S01,,0,9/26/2025,sa
FP-SP,FBIC-BLDG8,H1,H1-L1-C12-S02,,0,9/26/2025,sa
FP-SP,FBIC-BLDG8,H1,H1-L1-C13-S01,,0,9/26/2025,sa
FP-SP,FBIC-BLDG8,H1,H1-L1-C13-S02,,0,9/26/2025,sa
FP-SP,FBIC-BLDG8,H1,H1-L1-C14-S01,,0,9/26/2025,sa
FP-SP,FBIC-BLDG8,H1,H1-L1-C14-S02,,0,9/26/2025,sa
FP-SP,FBIC-BLDG8,H1,H1-L1-C15-S01,,0,9/26/2025,sa
FP-SP,FBIC-BLDG8,H1,H1-L1-C15-S02,,0,9/26/2025,sa
FP-SP,FBIC-BLDG8,H1,H1-L1-C16-S01,,0,9/26/2025,sa
FP-SP,FBIC-BLDG8,H1,H1-L1-C16-S02,,0,9/26/2025,sa
FP-SP,FBIC-BLDG8,H1,H1-L2-C01-S01,,0,9/26/2025,sa
FP-SP,FBIC-BLDG8,H1,H1-L2-C01-S02,,0,9/26/2025,sa
FP-SP,FBIC-BLDG8,H1,H1-L2-C02-S01,,0,9/26/2025,sa
FP-SP,FBIC-BLDG8,H1,H1-L2-C02-S02,,0,9/26/2025,sa
FP-SP,FBIC-BLDG8,H1,H1-L2-C03-S01,,0,9/26/2025,sa
FP-SP,FBIC-BLDG8,H1,H1-L2-C03-S02,,0,9/26/2025,sa
FP-SP,FBIC-BLDG8,H1,H1-L2-C04-S01,,0,9/26/2025,sa
FP-SP,FBIC-BLDG8,H1,H1-L2-C04-S02,,0,9/26/2025,sa
FP-SP,FBIC-BLDG8,H1,H1-L2-C05-S01,,0,9/26/2025,sa
FP-SP,FBIC-BLDG8,H1,H1-L2-C05-S02,,0,9/26/2025,sa
FP-SP,FBIC-BLDG8,H1,H1-L2-C06-S01,,0,9/26/2025,sa
FP-SP,FBIC-BLDG8,H1,H1-L2-C06-S02,,0,9/26/2025,sa
FP-SP,FBIC-BLDG8,H1,H1-L2-C07-S01,,0,9/26/2025,sa
FP-SP,FBIC-BLDG8,H1,H1-L2-C07-S02,,0,9/26/2025,sa
FP-SP,FBIC-BLDG8,H1,H1-L2-C08-S01,,0,9/26/2025,sa
FP-SP,FBIC-BLDG8,H1,H1-L2-C08-S02,,0,9/26/2025,sa
FP-SP,FBIC-BLDG8,H1,H1-L2-C09-S01,,0,9/26/2025,sa
FP-SP,FBIC-BLDG8,H1,H1-L2-C09-S02,,0,9/26/2025,sa
FP-SP,FBIC-BLDG8,H1,H1-L2-C10-S01,,0,9/26/2025,sa
FP-SP,FBIC-BLDG8,H1,H1-L2-C10-S02,,0,9/26/2025,sa
FP-SP,FBIC-BLDG8,H1,H1-L2-C11-S01,,0,9/26/2025,sa
FP-SP,FBIC-BLDG8,H1,H1-L2-C11-S02,,0,9/26/2025,sa
FP-SP,FBIC-BLDG8,H1,H1-L2-C12-S01,,0,9/26/2025,sa
FP-SP,FBIC-BLDG8,H1,H1-L2-C12-S02,,0,9/26/2025,sa
FP-SP,FBIC-BLDG8,H1,H1-L2-C13-S01,,0,9/26/2025,sa
FP-SP,FBIC-BLDG8,H1,H1-L2-C13-S02,,0,9/26/2025,sa
FP-SP,FBIC-BLDG8,H1,H1-L2-C14-S01,,0,9/26/2025,sa
FP-SP,FBIC-BLDG8,H1,H1-L2-C14-S02,,0,9/26/2025,sa
FP-SP,FBIC-BLDG8,H1,H1-L2-C15-S01,,0,9/26/2025,sa
FP-SP,FBIC-BLDG8,H1,H1-L2-C15-S02,,0,9/26/2025,sa
FP-SP,FBIC-BLDG8,H1,H1-L2-C16-S01,,0,9/26/2025,sa
FP-SP,FBIC-BLDG8,H1,H1-L2-C16-S02,,0,9/26/2025,sa
FP-SP,FBIC-BLDG8,H1,H1-L3-C01-S01,,0,9/26/2025,sa
FP-SP,FBIC-BLDG8,H1,H1-L3-C01-S02,,0,9/26/2025,sa
FP-SP,FBIC-BLDG8,H1,H1-L3-C02-S01,,0,9/26/2025,sa
FP-SP,FBIC-BLDG8,H1,H1-L3-C02-S02,,0,9/26/2025,sa
FP-SP,FBIC-BLDG8,H1,H1-L3-C03-S01,,0,9/26/2025,sa
FP-SP,FBIC-BLDG8,H1,H1-L3-C03-S02,,0,9/26/2025,sa
FP-SP,FBIC-BLDG8,H1,H1-L3-C04-S01,,0,9/26/2025,sa
FP-SP,FBIC-BLDG8,H1,H1-L3-C04-S02,,0,9/26/2025,sa
FP-SP,FBIC-BLDG8,H1,H1-L3-C05-S01,,0,9/26/2025,sa
FP-SP,FBIC-BLDG8,H1,H1-L3-C05-S02,,0,9/26/2025,sa
FP-SP,FBIC-BLDG8,H1,H1-L3-C06-S01,,0,9/26/2025,sa
FP-SP,FBIC-BLDG8,H1,H1-L3-C06-S02,,0,9/26/2025,sa
FP-SP,FBIC-BLDG8,H1,H1-L3-C07-S01,,0,9/26/2025,sa
FP-SP,FBIC-BLDG8,H1,H1-L3-C07-S02,,0,9/26/2025,sa
FP-SP,FBIC-BLDG8,H1,H1-L3-C08-S01,,0,9/26/2025,sa
FP-SP,FBIC-BLDG8,H1,H1-L3-C08-S02,,0,9/26/2025,sa
FP-SP,FBIC-BLDG8,H1,H1-L3-C09-S01,,0,9/26/2025,sa
FP-SP,FBIC-BLDG8,H1,H1-L3-C09-S02,,0,9/26/2025,sa
FP-SP,FBIC-BLDG8,H1,H1-L3-C10-S01,,0,9/26/2025,sa
FP-SP,FBIC-BLDG8,H1,H1-L3-C10-S02,,0,9/26/2025,sa
FP-SP,FBIC-BLDG8,H1,H1-L3-C11-S01,,0,9/26/2025,sa
FP-SP,FBIC-BLDG8,H1,H1-L3-C11-S02,,0,9/26/2025,sa
FP-SP,FBIC-BLDG8,H1,H1-L3-C12-S01,,0,9/26/2025,sa
FP-SP,FBIC-BLDG8,H1,H1-L3-C12-S02,,0,9/26/2025,sa
FP-SP,FBIC-BLDG8,H1,H1-L3-C13-S01,,0,9/26/2025,sa
FP-SP,FBIC-BLDG8,H1,H1-L3-C13-S02,,0,9/26/2025,sa
FP-SP,FBIC-BLDG8,H1,H1-L3-C14-S01,,0,9/26/2025,sa
FP-SP,FBIC-BLDG8,H1,H1-L3-C14-S02,,0,9/26/2025,sa
FP-SP,FBIC-BLDG8,H1,H1-L3-C15-S01,,0,9/26/2025,sa
FP-SP,FBIC-BLDG8,H1,H1-L3-C15-S02,,0,9/26/2025,sa
FP-SP,FBIC-BLDG8,H1,H1-L3-C16-S01,,0,9/26/2025,sa
FP-SP,FBIC-BLDG8,H1,H1-L3-C16-S02,,0,9/26/2025,sa
FP-SP,FBIC-BLDG8,H1,H1-L4-C01-S01,,0,9/26/2025,sa
FP-SP,FBIC-BLDG8,H1,H1-L4-C01-S02,,0,9/26/2025,sa
FP-SP,FBIC-BLDG8,H1,H1-L4-C02-S01,,0,9/26/2025,sa
FP-SP,FBIC-BLDG8,H1,H1-L4-C02-S02,,0,9/26/2025,sa
FP-SP,FBIC-BLDG8,H1,H1-L4-C03-S01,,0,9/26/2025,sa
FP-SP,FBIC-BLDG8,H1,H1-L4-C03-S02,,0,9/26/2025,sa
FP-SP,FBIC-BLDG8,H1,H1-L4-C04-S01,,0,9/26/2025,sa
FP-SP,FBIC-BLDG8,H1,H1-L4-C04-S02,,0,9/26/2025,sa
FP-SP,FBIC-BLDG8,H1,H1-L4-C05-S01,,0,9/26/2025,sa
FP-SP,FBIC-BLDG8,H1,H1-L4-C05-S02,,0,9/26/2025,sa
FP-SP,FBIC-BLDG8,H1,H1-L4-C06-S01,,0,9/26/2025,sa
FP-SP,FBIC-BLDG8,H1,H1-L4-C06-S02,,0,9/26/2025,sa
FP-SP,FBIC-BLDG8,H1,H1-L4-C07-S01,,0,9/26/2025,sa
FP-SP,FBIC-BLDG8,H1,H1-L4-C07-S02,,0,9/26/2025,sa
FP-SP,FBIC-BLDG8,H1,H1-L4-C08-S01,,0,9/26/2025,sa
FP-SP,FBIC-BLDG8,H1,H1-L4-C08-S02,,0,9/26/2025,sa
FP-SP,FBIC-BLDG8,H1,H1-L4-C09-S01,,0,9/26/2025,sa
FP-SP,FBIC-BLDG8,H1,H1-L4-C09-S02,,0,9/26/2025,sa
FP-SP,FBIC-BLDG8,H1,H1-L4-C10-S01,,0,9/26/2025,sa
FP-SP,FBIC-BLDG8,H1,H1-L4-C10-S02,,0,9/26/2025,sa
FP-SP,FBIC-BLDG8,H1,H1-L4-C11-S01,,0,9/26/2025,sa
FP-SP,FBIC-BLDG8,H1,H1-L4-C11-S02,,0,9/26/2025,sa
FP-SP,FBIC-BLDG8,H1,H1-L4-C12-S01,,0,9/26/2025,sa
FP-SP,FBIC-BLDG8,H1,H1-L4-C12-S02,,0,9/26/2025,sa
FP-SP,FBIC-BLDG8,H1,H1-L4-C13-S01,,0,9/26/2025,sa
FP-SP,FBIC-BLDG8,H1,H1-L4-C13-S02,,0,9/26/2025,sa
FP-SP,FBIC-BLDG8,H1,H1-L4-C14-S01,,0,9/26/2025,sa
FP-SP,FBIC-BLDG8,H1,H1-L4-C14-S02,,0,9/26/2025,sa
FP-SP,FBIC-BLDG8,H1,H1-L4-C15-S01,,0,9/26/2025,sa
FP-SP,FBIC-BLDG8,H1,H1-L4-C15-S02,,0,9/26/2025,sa
FP-SP,FBIC-BLDG8,H1,H1-L4-C16-S01,,0,9/26/2025,sa
FP-SP,FBIC-BLDG8,H1,H1-L4-C16-S02,,0,9/26/2025,sa
FP-SP,FBIC-BLDG8,H2,H2-L1-C01-S01,,0,9/26/2025,sa
FP-SP,FBIC-BLDG8,H2,H2-L1-C01-S02,,0,9/26/2025,sa
FP-SP,FBIC-BLDG8,H2,H2-L1-C02-S01,,0,9/26/2025,sa
FP-SP,FBIC-BLDG8,H2,H2-L1-C02-S02,,0,9/26/2025,sa
FP-SP,FBIC-BLDG8,H2,H2-L1-C03-S01,,0,9/26/2025,sa
FP-SP,FBIC-BLDG8,H2,H2-L1-C03-S02,,0,9/26/2025,sa
FP-SP,FBIC-BLDG8,H2,H2-L1-C04-S01,,0,9/26/2025,sa
FP-SP,FBIC-BLDG8,H2,H2-L1-C04-S02,,0,9/26/2025,sa
FP-SP,FBIC-BLDG8,H2,H2-L1-C05-S01,,0,9/26/2025,sa
FP-SP,FBIC-BLDG8,H2,H2-L1-C05-S02,,0,9/26/2025,sa
FP-SP,FBIC-BLDG8,H2,H2-L1-C06-S01,,0,9/26/2025,sa
FP-SP,FBIC-BLDG8,H2,H2-L1-C06-S02,,0,9/26/2025,sa
FP-SP,FBIC-BLDG8,H2,H2-L1-C07-S01,,0,9/26/2025,sa
FP-SP,FBIC-BLDG8,H2,H2-L1-C07-S02,,0,9/26/2025,sa
FP-SP,FBIC-BLDG8,H2,H2-L1-C08-S01,,0,9/26/2025,sa
FP-SP,FBIC-BLDG8,H2,H2-L1-C08-S02,,0,9/26/2025,sa
FP-SP,FBIC-BLDG8,H2,H2-L1-C09-S01,,0,9/26/2025,sa
FP-SP,FBIC-BLDG8,H2,H2-L1-C09-S02,,0,9/26/2025,sa
FP-SP,FBIC-BLDG8,H2,H2-L1-C10-S01,,0,9/26/2025,sa
FP-SP,FBIC-BLDG8,H2,H2-L1-C10-S02,,0,9/26/2025,sa
FP-SP,FBIC-BLDG8,H2,H2-L1-C11-S01,,0,9/26/2025,sa
FP-SP,FBIC-BLDG8,H2,H2-L1-C11-S02,,0,9/26/2025,sa
FP-SP,FBIC-BLDG8,H2,H2-L1-C12-S01,,0,9/26/2025,sa
FP-SP,FBIC-BLDG8,H2,H2-L1-C12-S02,,0,9/26/2025,sa
FP-SP,FBIC-BLDG8,H2,H2-L1-C13-S01,,0,9/26/2025,sa
FP-SP,FBIC-BLDG8,H2,H2-L1-C13-S02,,0,9/26/2025,sa
FP-SP,FBIC-BLDG8,H2,H2-L1-C14-S01,,0,9/26/2025,sa
FP-SP,FBIC-BLDG8,H2,H2-L1-C14-S02,,0,9/26/2025,sa
FP-SP,FBIC-BLDG8,H2,H2-L1-C15-S01,,0,9/26/2025,sa
FP-SP,FBIC-BLDG8,H2,H2-L1-C15-S02,,0,9/26/2025,sa
FP-SP,FBIC-BLDG8,H2,H2-L1-C16-S01,,0,9/26/2025,sa
FP-SP,FBIC-BLDG8,H2,H2-L1-C16-S02,,0,9/26/2025,sa
FP-SP,FBIC-BLDG8,H2,H2-L2-C01-S01,,0,9/26/2025,sa
FP-SP,FBIC-BLDG8,H2,H2-L2-C01-S02,,0,9/26/2025,sa
FP-SP,FBIC-BLDG8,H2,H2-L2-C02-S01,,0,9/26/2025,sa
FP-SP,FBIC-BLDG8,H2,H2-L2-C02-S02,,0,9/26/2025,sa
FP-SP,FBIC-BLDG8,H2,H2-L2-C03-S01,,0,9/26/2025,sa
FP-SP,FBIC-BLDG8,H2,H2-L2-C03-S02,,0,9/26/2025,sa
FP-SP,FBIC-BLDG8,H2,H2-L2-C04-S01,,0,9/26/2025,sa
FP-SP,FBIC-BLDG8,H2,H2-L2-C04-S02,,0,9/26/2025,sa
FP-SP,FBIC-BLDG8,H2,H2-L2-C05-S01,,0,9/26/2025,sa
FP-SP,FBIC-BLDG8,H2,H2-L2-C05-S02,,0,9/26/2025,sa
FP-SP,FBIC-BLDG8,H2,H2-L2-C06-S01,,0,9/26/2025,sa
FP-SP,FBIC-BLDG8,H2,H2-L2-C06-S02,,0,9/26/2025,sa
FP-SP,FBIC-BLDG8,H2,H2-L2-C07-S01,,0,9/26/2025,sa
FP-SP,FBIC-BLDG8,H2,H2-L2-C07-S02,,0,9/26/2025,sa
FP-SP,FBIC-BLDG8,H2,H2-L2-C08-S01,,0,9/26/2025,sa
FP-SP,FBIC-BLDG8,H2,H2-L2-C08-S02,,0,9/26/2025,sa
FP-SP,FBIC-BLDG8,H2,H2-L2-C09-S01,,0,9/26/2025,sa
FP-SP,FBIC-BLDG8,H2,H2-L2-C09-S02,,0,9/26/2025,sa
FP-SP,FBIC-BLDG8,H2,H2-L2-C10-S01,,0,9/26/2025,sa
FP-SP,FBIC-BLDG8,H2,H2-L2-C10-S02,,0,9/26/2025,sa
FP-SP,FBIC-BLDG8,H2,H2-L2-C11-S01,,0,9/26/2025,sa
FP-SP,FBIC-BLDG8,H2,H2-L2-C11-S02,,0,9/26/2025,sa
FP-SP,FBIC-BLDG8,H2,H2-L2-C12-S01,,0,9/26/2025,sa
FP-SP,FBIC-BLDG8,H2,H2-L2-C12-S02,,0,9/26/2025,sa
FP-SP,FBIC-BLDG8,H2,H2-L2-C13-S01,,0,9/26/2025,sa
FP-SP,FBIC-BLDG8,H2,H2-L2-C13-S02,,0,9/26/2025,sa
FP-SP,FBIC-BLDG8,H2,H2-L2-C14-S01,,0,9/26/2025,sa
FP-SP,FBIC-BLDG8,H2,H2-L2-C14-S02,,0,9/26/2025,sa
FP-SP,FBIC-BLDG8,H2,H2-L2-C15-S01,,0,9/26/2025,sa
FP-SP,FBIC-BLDG8,H2,H2-L2-C15-S02,,0,9/26/2025,sa
FP-SP,FBIC-BLDG8,H2,H2-L2-C16-S01,,0,9/26/2025,sa
FP-SP,FBIC-BLDG8,H2,H2-L2-C16-S02,,0,9/26/2025,sa
FP-SP,FBIC-BLDG8,H2,H2-L3-C01-S01,,0,9/26/2025,sa
FP-SP,FBIC-BLDG8,H2,H2-L3-C01-S02,,0,9/26/2025,sa
FP-SP,FBIC-BLDG8,H2,H2-L3-C02-S01,,0,9/26/2025,sa
FP-SP,FBIC-BLDG8,H2,H2-L3-C02-S02,,0,9/26/2025,sa
FP-SP,FBIC-BLDG8,H2,H2-L3-C03-S01,,0,9/26/2025,sa
FP-SP,FBIC-BLDG8,H2,H2-L3-C03-S02,,0,9/26/2025,sa
FP-SP,FBIC-BLDG8,H2,H2-L3-C04-S01,,0,9/26/2025,sa
FP-SP,FBIC-BLDG8,H2,H2-L3-C04-S02,,0,9/26/2025,sa
FP-SP,FBIC-BLDG8,H2,H2-L3-C05-S01,,0,9/26/2025,sa
FP-SP,FBIC-BLDG8,H2,H2-L3-C05-S02,,0,9/26/2025,sa
FP-SP,FBIC-BLDG8,H2,H2-L3-C06-S01,,0,9/26/2025,sa
FP-SP,FBIC-BLDG8,H2,H2-L3-C06-S02,,0,9/26/2025,sa
FP-SP,FBIC-BLDG8,H2,H2-L3-C07-S01,,0,9/26/2025,sa
FP-SP,FBIC-BLDG8,H2,H2-L3-C07-S02,,0,9/26/2025,sa
FP-SP,FBIC-BLDG8,H2,H2-L3-C08-S01,,0,9/26/2025,sa
FP-SP,FBIC-BLDG8,H2,H2-L3-C08-S02,,0,9/26/2025,sa
FP-SP,FBIC-BLDG8,H2,H2-L3-C09-S01,,0,9/26/2025,sa
FP-SP,FBIC-BLDG8,H2,H2-L3-C09-S02,,0,9/26/2025,sa
FP-SP,FBIC-BLDG8,H2,H2-L3-C10-S01,,0,9/26/2025,sa
FP-SP,FBIC-BLDG8,H2,H2-L3-C10-S02,,0,9/26/2025,sa
FP-SP,FBIC-BLDG8,H2,H2-L3-C11-S01,,0,9/26/2025,sa
FP-SP,FBIC-BLDG8,H2,H2-L3-C11-S02,,0,9/26/2025,sa
FP-SP,FBIC-BLDG8,H2,H2-L3-C12-S01,,0,9/26/2025,sa
FP-SP,FBIC-BLDG8,H2,H2-L3-C12-S02,,0,9/26/2025,sa
FP-SP,FBIC-BLDG8,H2,H2-L3-C13-S01,,0,9/26/2025,sa
FP-SP,FBIC-BLDG8,H2,H2-L3-C13-S02,,0,9/26/2025,sa
FP-SP,FBIC-BLDG8,H2,H2-L3-C14-S01,,0,9/26/2025,sa
FP-SP,FBIC-BLDG8,H2,H2-L3-C14-S02,,0,9/26/2025,sa
FP-SP,FBIC-BLDG8,H2,H2-L3-C15-S01,,0,9/26/2025,sa
FP-SP,FBIC-BLDG8,H2,H2-L3-C15-S02,,0,9/26/2025,sa
FP-SP,FBIC-BLDG8,H2,H2-L3-C16-S01,,0,9/26/2025,sa
FP-SP,FBIC-BLDG8,H2,H2-L3-C16-S02,,0,9/26/2025,sa
FP-SP,FBIC-BLDG8,H2,H2-L4-C01-S01,,0,9/26/2025,sa
FP-SP,FBIC-BLDG8,H2,H2-L4-C01-S02,,0,9/26/2025,sa
FP-SP,FBIC-BLDG8,H2,H2-L4-C02-S01,,0,9/26/2025,sa
FP-SP,FBIC-BLDG8,H2,H2-L4-C02-S02,,0,9/26/2025,sa
FP-SP,FBIC-BLDG8,H2,H2-L4-C03-S01,,0,9/26/2025,sa
FP-SP,FBIC-BLDG8,H2,H2-L4-C03-S02,,0,9/26/2025,sa
FP-SP,FBIC-BLDG8,H2,H2-L4-C04-S01,,0,9/26/2025,sa
FP-SP,FBIC-BLDG8,H2,H2-L4-C04-S02,,0,9/26/2025,sa
FP-SP,FBIC-BLDG8,H2,H2-L4-C05-S01,,0,9/26/2025,sa
FP-SP,FBIC-BLDG8,H2,H2-L4-C05-S02,,0,9/26/2025,sa
FP-SP,FBIC-BLDG8,H2,H2-L4-C06-S01,,0,9/26/2025,sa
FP-SP,FBIC-BLDG8,H2,H2-L4-C06-S02,,0,9/26/2025,sa
FP-SP,FBIC-BLDG8,H2,H2-L4-C07-S01,,0,9/26/2025,sa
FP-SP,FBIC-BLDG8,H2,H2-L4-C07-S02,,0,9/26/2025,sa
FP-SP,FBIC-BLDG8,H2,H2-L4-C08-S01,,0,9/26/2025,sa
FP-SP,FBIC-BLDG8,H2,H2-L4-C08-S02,,0,9/26/2025,sa
FP-SP,FBIC-BLDG8,H2,H2-L4-C09-S01,,0,9/26/2025,sa
FP-SP,FBIC-BLDG8,H2,H2-L4-C09-S02,,0,9/26/2025,sa
FP-SP,FBIC-BLDG8,H2,H2-L4-C10-S01,,0,9/26/2025,sa
FP-SP,FBIC-BLDG8,H2,H2-L4-C10-S02,,0,9/26/2025,sa
FP-SP,FBIC-BLDG8,H2,H2-L4-C11-S01,,0,9/26/2025,sa
FP-SP,FBIC-BLDG8,H2,H2-L4-C11-S02,,0,9/26/2025,sa
FP-SP,FBIC-BLDG8,H2,H2-L4-C12-S01,,0,9/26/2025,sa
FP-SP,FBIC-BLDG8,H2,H2-L4-C12-S02,,0,9/26/2025,sa
FP-SP,FBIC-BLDG8,H2,H2-L4-C13-S01,,0,9/26/2025,sa
FP-SP,FBIC-BLDG8,H2,H2-L4-C13-S02,,0,9/26/2025,sa
FP-SP,FBIC-BLDG8,H2,H2-L4-C14-S01,,0,9/26/2025,sa
FP-SP,FBIC-BLDG8,H2,H2-L4-C14-S02,,0,9/26/2025,sa
FP-SP,FBIC-BLDG8,H2,H2-L4-C15-S01,,0,9/26/2025,sa
FP-SP,FBIC-BLDG8,H2,H2-L4-C15-S02,,0,9/26/2025,sa
FP-SP,FBIC-BLDG8,H2,H2-L4-C16-S01,,0,9/26/2025,sa
FP-SP,FBIC-BLDG8,H2,H2-L4-C16-S02,,0,9/26/2025,sa
FP-SP,FBIC-BLDG8,H3,H3-L1-C01-S01,,0,9/26/2025,sa
FP-SP,FBIC-BLDG8,H3,H3-L1-C01-S02,,0,9/26/2025,sa
FP-SP,FBIC-BLDG8,H3,H3-L1-C02-S01,,0,9/26/2025,sa
FP-SP,FBIC-BLDG8,H3,H3-L1-C02-S02,,0,9/26/2025,sa
FP-SP,FBIC-BLDG8,H3,H3-L1-C03-S01,,0,9/26/2025,sa
FP-SP,FBIC-BLDG8,H3,H3-L1-C03-S02,,0,9/26/2025,sa
FP-SP,FBIC-BLDG8,H3,H3-L1-C04-S01,,0,9/26/2025,sa
FP-SP,FBIC-BLDG8,H3,H3-L1-C04-S02,,0,9/26/2025,sa
FP-SP,FBIC-BLDG8,H3,H3-L1-C05-S01,,0,9/26/2025,sa
FP-SP,FBIC-BLDG8,H3,H3-L1-C05-S02,,0,9/26/2025,sa
FP-SP,FBIC-BLDG8,H3,H3-L1-C06-S01,,0,9/26/2025,sa
FP-SP,FBIC-BLDG8,H3,H3-L1-C06-S02,,0,9/26/2025,sa
FP-SP,FBIC-BLDG8,H3,H3-L1-C07-S01,,0,9/26/2025,sa
FP-SP,FBIC-BLDG8,H3,H3-L1-C07-S02,,0,9/26/2025,sa
FP-SP,FBIC-BLDG8,H3,H3-L1-C08-S01,,0,9/26/2025,sa
FP-SP,FBIC-BLDG8,H3,H3-L1-C08-S02,,0,9/26/2025,sa
FP-SP,FBIC-BLDG8,H3,H3-L1-C09-S01,,0,9/26/2025,sa
FP-SP,FBIC-BLDG8,H3,H3-L1-C09-S02,,0,9/26/2025,sa
FP-SP,FBIC-BLDG8,H3,H3-L1-C10-S01,,0,9/26/2025,sa
FP-SP,FBIC-BLDG8,H3,H3-L1-C10-S02,,0,9/26/2025,sa
FP-SP,FBIC-BLDG8,H3,H3-L1-C11-S01,,0,9/26/2025,sa
FP-SP,FBIC-BLDG8,H3,H3-L1-C11-S02,,0,9/26/2025,sa
FP-SP,FBIC-BLDG8,H3,H3-L1-C12-S01,,0,9/26/2025,sa
FP-SP,FBIC-BLDG8,H3,H3-L1-C12-S02,,0,9/26/2025,sa
FP-SP,FBIC-BLDG8,H3,H3-L1-C13-S01,,0,9/26/2025,sa
FP-SP,FBIC-BLDG8,H3,H3-L1-C13-S02,,0,9/26/2025,sa
FP-SP,FBIC-BLDG8,H3,H3-L1-C14-S01,,0,9/26/2025,sa
FP-SP,FBIC-BLDG8,H3,H3-L1-C14-S02,,0,9/26/2025,sa
FP-SP,FBIC-BLDG8,H3,H3-L1-C15-S01,,0,9/26/2025,sa
FP-SP,FBIC-BLDG8,H3,H3-L1-C15-S02,,0,9/26/2025,sa
FP-SP,FBIC-BLDG8,H3,H3-L1-C16-S01,,0,9/26/2025,sa
FP-SP,FBIC-BLDG8,H3,H3-L1-C16-S02,,0,9/26/2025,sa
FP-SP,FBIC-BLDG8,H3,H3-L2-C01-S01,,0,9/26/2025,sa
FP-SP,FBIC-BLDG8,H3,H3-L2-C01-S02,,0,9/26/2025,sa
FP-SP,FBIC-BLDG8,H3,H3-L2-C02-S01,,0,9/26/2025,sa
FP-SP,FBIC-BLDG8,H3,H3-L2-C02-S02,,0,9/26/2025,sa
FP-SP,FBIC-BLDG8,H3,H3-L2-C03-S01,,0,9/26/2025,sa
FP-SP,FBIC-BLDG8,H3,H3-L2-C03-S02,,0,9/26/2025,sa
FP-SP,FBIC-BLDG8,H3,H3-L2-C04-S01,,0,9/26/2025,sa
FP-SP,FBIC-BLDG8,H3,H3-L2-C04-S02,,0,9/26/2025,sa
FP-SP,FBIC-BLDG8,H3,H3-L2-C05-S01,,0,9/26/2025,sa
FP-SP,FBIC-BLDG8,H3,H3-L2-C05-S02,,0,9/26/2025,sa
FP-SP,FBIC-BLDG8,H3,H3-L2-C06-S01,,0,9/26/2025,sa
FP-SP,FBIC-BLDG8,H3,H3-L2-C06-S02,,0,9/26/2025,sa
FP-SP,FBIC-BLDG8,H3,H3-L2-C07-S01,,0,9/26/2025,sa
FP-SP,FBIC-BLDG8,H3,H3-L2-C07-S02,,0,9/26/2025,sa
FP-SP,FBIC-BLDG8,H3,H3-L2-C08-S01,,0,9/26/2025,sa
FP-SP,FBIC-BLDG8,H3,H3-L2-C08-S02,,0,9/26/2025,sa
FP-SP,FBIC-BLDG8,H3,H3-L2-C09-S01,,0,9/26/2025,sa
FP-SP,FBIC-BLDG8,H3,H3-L2-C09-S02,,0,9/26/2025,sa
FP-SP,FBIC-BLDG8,H3,H3-L2-C10-S01,,0,9/26/2025,sa
FP-SP,FBIC-BLDG8,H3,H3-L2-C10-S02,,0,9/26/2025,sa
FP-SP,FBIC-BLDG8,H3,H3-L2-C11-S01,,0,9/26/2025,sa
FP-SP,FBIC-BLDG8,H3,H3-L2-C11-S02,,0,9/26/2025,sa
FP-SP,FBIC-BLDG8,H3,H3-L2-C12-S01,,0,9/26/2025,sa
FP-SP,FBIC-BLDG8,H3,H3-L2-C12-S02,,0,9/26/2025,sa
FP-SP,FBIC-BLDG8,H3,H3-L2-C13-S01,,0,9/26/2025,sa
FP-SP,FBIC-BLDG8,H3,H3-L2-C13-S02,,0,9/26/2025,sa
FP-SP,FBIC-BLDG8,H3,H3-L2-C14-S01,,0,9/26/2025,sa
FP-SP,FBIC-BLDG8,H3,H3-L2-C14-S02,,0,9/26/2025,sa
FP-SP,FBIC-BLDG8,H3,H3-L2-C15-S01,,0,9/26/2025,sa
FP-SP,FBIC-BLDG8,H3,H3-L2-C15-S02,,0,9/26/2025,sa
FP-SP,FBIC-BLDG8,H3,H3-L2-C16-S01,,0,9/26/2025,sa
FP-SP,FBIC-BLDG8,H3,H3-L2-C16-S02,,0,9/26/2025,sa
FP-SP,FBIC-BLDG8,H3,H3-L3-C01-S01,,0,9/26/2025,sa
FP-SP,FBIC-BLDG8,H3,H3-L3-C01-S02,,0,9/26/2025,sa
FP-SP,FBIC-BLDG8,H3,H3-L3-C02-S01,,0,9/26/2025,sa
FP-SP,FBIC-BLDG8,H3,H3-L3-C02-S02,,0,9/26/2025,sa
FP-SP,FBIC-BLDG8,H3,H3-L3-C03-S01,,0,9/26/2025,sa
FP-SP,FBIC-BLDG8,H3,H3-L3-C03-S02,,0,9/26/2025,sa
FP-SP,FBIC-BLDG8,H3,H3-L3-C04-S01,,0,9/26/2025,sa
FP-SP,FBIC-BLDG8,H3,H3-L3-C04-S02,,0,9/26/2025,sa
FP-SP,FBIC-BLDG8,H3,H3-L3-C05-S01,,0,9/26/2025,sa
FP-SP,FBIC-BLDG8,H3,H3-L3-C05-S02,,0,9/26/2025,sa
FP-SP,FBIC-BLDG8,H3,H3-L3-C06-S01,,0,9/26/2025,sa
FP-SP,FBIC-BLDG8,H3,H3-L3-C06-S02,,0,9/26/2025,sa
FP-SP,FBIC-BLDG8,H3,H3-L3-C07-S01,,0,9/26/2025,sa
FP-SP,FBIC-BLDG8,H3,H3-L3-C07-S02,,0,9/26/2025,sa
FP-SP,FBIC-BLDG8,H3,H3-L3-C08-S01,,0,9/26/2025,sa
FP-SP,FBIC-BLDG8,H3,H3-L3-C08-S02,,0,9/26/2025,sa
FP-SP,FBIC-BLDG8,H3,H3-L3-C09-S01,,0,9/26/2025,sa
FP-SP,FBIC-BLDG8,H3,H3-L3-C09-S02,,0,9/26/2025,sa
FP-SP,FBIC-BLDG8,H3,H3-L3-C10-S01,,0,9/26/2025,sa
FP-SP,FBIC-BLDG8,H3,H3-L3-C10-S02,,0,9/26/2025,sa
FP-SP,FBIC-BLDG8,H3,H3-L3-C11-S01,,0,9/26/2025,sa
FP-SP,FBIC-BLDG8,H3,H3-L3-C11-S02,,0,9/26/2025,sa
FP-SP,FBIC-BLDG8,H3,H3-L3-C12-S01,,0,9/26/2025,sa
FP-SP,FBIC-BLDG8,H3,H3-L3-C12-S02,,0,9/26/2025,sa
FP-SP,FBIC-BLDG8,H3,H3-L3-C13-S01,,0,9/26/2025,sa
FP-SP,FBIC-BLDG8,H3,H3-L3-C13-S02,,0,9/26/2025,sa
FP-SP,FBIC-BLDG8,H3,H3-L3-C14-S01,,0,9/26/2025,sa
FP-SP,FBIC-BLDG8,H3,H3-L3-C14-S02,,0,9/26/2025,sa
FP-SP,FBIC-BLDG8,H3,H3-L3-C15-S01,,0,9/26/2025,sa
FP-SP,FBIC-BLDG8,H3,H3-L3-C15-S02,,0,9/26/2025,sa
FP-SP,FBIC-BLDG8,H3,H3-L3-C16-S01,,0,9/26/2025,sa
FP-SP,FBIC-BLDG8,H3,H3-L3-C16-S02,,0,9/26/2025,sa
FP-SP,FBIC-BLDG8,H3,H3-L4-C01-S01,,0,9/26/2025,sa
FP-SP,FBIC-BLDG8,H3,H3-L4-C01-S02,,0,9/26/2025,sa
FP-SP,FBIC-BLDG8,H3,H3-L4-C02-S01,,0,9/26/2025,sa
FP-SP,FBIC-BLDG8,H3,H3-L4-C02-S02,,0,9/26/2025,sa
FP-SP,FBIC-BLDG8,H3,H3-L4-C03-S01,,0,9/26/2025,sa
FP-SP,FBIC-BLDG8,H3,H3-L4-C03-S02,,0,9/26/2025,sa
FP-SP,FBIC-BLDG8,H3,H3-L4-C04-S01,,0,9/26/2025,sa
FP-SP,FBIC-BLDG8,H3,H3-L4-C04-S02,,0,9/26/2025,sa
FP-SP,FBIC-BLDG8,H3,H3-L4-C05-S01,,0,9/26/2025,sa
FP-SP,FBIC-BLDG8,H3,H3-L4-C05-S02,,0,9/26/2025,sa
FP-SP,FBIC-BLDG8,H3,H3-L4-C06-S01,,0,9/26/2025,sa
FP-SP,FBIC-BLDG8,H3,H3-L4-C06-S02,,0,9/26/2025,sa
FP-SP,FBIC-BLDG8,H3,H3-L4-C07-S01,,0,9/26/2025,sa
FP-SP,FBIC-BLDG8,H3,H3-L4-C07-S02,,0,9/26/2025,sa
FP-SP,FBIC-BLDG8,H3,H3-L4-C08-S01,,0,9/26/2025,sa
FP-SP,FBIC-BLDG8,H3,H3-L4-C08-S02,,0,9/26/2025,sa
FP-SP,FBIC-BLDG8,H3,H3-L4-C09-S01,,0,9/26/2025,sa
FP-SP,FBIC-BLDG8,H3,H3-L4-C09-S02,,0,9/26/2025,sa
FP-SP,FBIC-BLDG8,H3,H3-L4-C10-S01,,0,9/26/2025,sa
FP-SP,FBIC-BLDG8,H3,H3-L4-C10-S02,,0,9/26/2025,sa
FP-SP,FBIC-BLDG8,H3,H3-L4-C11-S01,,0,9/26/2025,sa
FP-SP,FBIC-BLDG8,H3,H3-L4-C11-S02,,0,9/26/2025,sa
FP-SP,FBIC-BLDG8,H3,H3-L4-C12-S01,,0,9/26/2025,sa
FP-SP,FBIC-BLDG8,H3,H3-L4-C12-S02,,0,9/26/2025,sa
FP-SP,FBIC-BLDG8,H3,H3-L4-C13-S01,,0,9/26/2025,sa
FP-SP,FBIC-BLDG8,H3,H3-L4-C13-S02,,0,9/26/2025,sa
FP-SP,FBIC-BLDG8,H3,H3-L4-C14-S01,,0,9/26/2025,sa
FP-SP,FBIC-BLDG8,H3,H3-L4-C14-S02,,0,9/26/2025,sa
FP-SP,FBIC-BLDG8,H3,H3-L4-C15-S01,,0,9/26/2025,sa
FP-SP,FBIC-BLDG8,H3,H3-L4-C15-S02,,0,9/26/2025,sa
FP-SP,FBIC-BLDG8,H3,H3-L4-C16-S01,,0,9/26/2025,sa
FP-SP,FBIC-BLDG8,H3,H3-L4-C16-S02,,0,9/26/2025,sa
FP-SP,FBIC-BLDG8,H4,H4-L1-C01-S01,,0,9/26/2025,sa
FP-SP,FBIC-BLDG8,H4,H4-L1-C01-S02,,0,9/26/2025,sa
FP-SP,FBIC-BLDG8,H4,H4-L1-C02-S01,,0,9/26/2025,sa
FP-SP,FBIC-BLDG8,H4,H4-L1-C02-S02,,0,9/26/2025,sa
FP-SP,FBIC-BLDG8,H4,H4-L1-C03-S01,,0,9/26/2025,sa
FP-SP,FBIC-BLDG8,H4,H4-L1-C03-S02,,0,9/26/2025,sa
FP-SP,FBIC-BLDG8,H4,H4-L1-C04-S01,,0,9/26/2025,sa
FP-SP,FBIC-BLDG8,H4,H4-L1-C04-S02,,0,9/26/2025,sa
FP-SP,FBIC-BLDG8,H4,H4-L1-C05-S01,,0,9/26/2025,sa
FP-SP,FBIC-BLDG8,H4,H4-L1-C05-S02,,0,9/26/2025,sa
FP-SP,FBIC-BLDG8,H4,H4-L1-C06-S01,,0,9/26/2025,sa
FP-SP,FBIC-BLDG8,H4,H4-L1-C06-S02,,0,9/26/2025,sa
FP-SP,FBIC-BLDG8,H4,H4-L1-C07-S01,,0,9/26/2025,sa
FP-SP,FBIC-BLDG8,H4,H4-L1-C07-S02,,0,9/26/2025,sa
FP-SP,FBIC-BLDG8,H4,H4-L1-C08-S01,,0,9/26/2025,sa
FP-SP,FBIC-BLDG8,H4,H4-L1-C08-S02,,0,9/26/2025,sa
FP-SP,FBIC-BLDG8,H4,H4-L1-C09-S01,,0,9/26/2025,sa
FP-SP,FBIC-BLDG8,H4,H4-L1-C09-S02,,0,9/26/2025,sa
FP-SP,FBIC-BLDG8,H4,H4-L1-C10-S01,,0,9/26/2025,sa
FP-SP,FBIC-BLDG8,H4,H4-L1-C10-S02,,0,9/26/2025,sa
FP-SP,FBIC-BLDG8,H4,H4-L1-C11-S01,,0,9/26/2025,sa
FP-SP,FBIC-BLDG8,H4,H4-L1-C11-S02,,0,9/26/2025,sa
FP-SP,FBIC-BLDG8,H4,H4-L1-C12-S01,,0,9/26/2025,sa
FP-SP,FBIC-BLDG8,H4,H4-L1-C12-S02,,0,9/26/2025,sa
FP-SP,FBIC-BLDG8,H4,H4-L1-C13-S01,,0,9/26/2025,sa
FP-SP,FBIC-BLDG8,H4,H4-L1-C13-S02,,0,9/26/2025,sa
FP-SP,FBIC-BLDG8,H4,H4-L1-C14-S01,,0,9/26/2025,sa
FP-SP,FBIC-BLDG8,H4,H4-L1-C14-S02,,0,9/26/2025,sa
FP-SP,FBIC-BLDG8,H4,H4-L1-C15-S01,,0,9/26/2025,sa
FP-SP,FBIC-BLDG8,H4,H4-L1-C15-S02,,0,9/26/2025,sa
FP-SP,FBIC-BLDG8,H4,H4-L1-C16-S01,,0,9/26/2025,sa
FP-SP,FBIC-BLDG8,H4,H4-L1-C16-S02,,0,9/26/2025,sa
FP-SP,FBIC-BLDG8,H4,H4-L2-C01-S01,,0,9/26/2025,sa
FP-SP,FBIC-BLDG8,H4,H4-L2-C01-S02,,0,9/26/2025,sa
FP-SP,FBIC-BLDG8,H4,H4-L2-C02-S01,,0,9/26/2025,sa
FP-SP,FBIC-BLDG8,H4,H4-L2-C02-S02,,0,9/26/2025,sa
FP-SP,FBIC-BLDG8,H4,H4-L2-C03-S01,,0,9/26/2025,sa
FP-SP,FBIC-BLDG8,H4,H4-L2-C03-S02,,0,9/26/2025,sa
FP-SP,FBIC-BLDG8,H4,H4-L2-C04-S01,,0,9/26/2025,sa
FP-SP,FBIC-BLDG8,H4,H4-L2-C04-S02,,0,9/26/2025,sa
FP-SP,FBIC-BLDG8,H4,H4-L2-C05-S01,,0,9/26/2025,sa
FP-SP,FBIC-BLDG8,H4,H4-L2-C05-S02,,0,9/26/2025,sa
FP-SP,FBIC-BLDG8,H4,H4-L2-C06-S01,,0,9/26/2025,sa
FP-SP,FBIC-BLDG8,H4,H4-L2-C06-S02,,0,9/26/2025,sa
FP-SP,FBIC-BLDG8,H4,H4-L2-C07-S01,,0,9/26/2025,sa
FP-SP,FBIC-BLDG8,H4,H4-L2-C07-S02,,0,9/26/2025,sa
FP-SP,FBIC-BLDG8,H4,H4-L2-C08-S01,,0,9/26/2025,sa
FP-SP,FBIC-BLDG8,H4,H4-L2-C08-S02,,0,9/26/2025,sa
FP-SP,FBIC-BLDG8,H4,H4-L2-C09-S01,,0,9/26/2025,sa
FP-SP,FBIC-BLDG8,H4,H4-L2-C09-S02,,0,9/26/2025,sa
FP-SP,FBIC-BLDG8,H4,H4-L2-C10-S01,,0,9/26/2025,sa
FP-SP,FBIC-BLDG8,H4,H4-L2-C10-S02,,0,9/26/2025,sa
FP-SP,FBIC-BLDG8,H4,H4-L2-C11-S01,,0,9/26/2025,sa
FP-SP,FBIC-BLDG8,H4,H4-L2-C11-S02,,0,9/26/2025,sa
FP-SP,FBIC-BLDG8,H4,H4-L2-C12-S01,,0,9/26/2025,sa
FP-SP,FBIC-BLDG8,H4,H4-L2-C12-S02,,0,9/26/2025,sa
FP-SP,FBIC-BLDG8,H4,H4-L2-C13-S01,,0,9/26/2025,sa
FP-SP,FBIC-BLDG8,H4,H4-L2-C13-S02,,0,9/26/2025,sa
FP-SP,FBIC-BLDG8,H4,H4-L2-C14-S01,,0,9/26/2025,sa
FP-SP,FBIC-BLDG8,H4,H4-L2-C14-S02,,0,9/26/2025,sa
FP-SP,FBIC-BLDG8,H4,H4-L2-C15-S01,,0,9/26/2025,sa
FP-SP,FBIC-BLDG8,H4,H4-L2-C15-S02,,0,9/26/2025,sa
FP-SP,FBIC-BLDG8,H4,H4-L2-C16-S01,,0,9/26/2025,sa
FP-SP,FBIC-BLDG8,H4,H4-L2-C16-S02,,0,9/26/2025,sa
FP-SP,FBIC-BLDG8,H4,H4-L3-C01-S01,,0,9/26/2025,sa
FP-SP,FBIC-BLDG8,H4,H4-L3-C01-S02,,0,9/26/2025,sa
FP-SP,FBIC-BLDG8,H4,H4-L3-C02-S01,,0,9/26/2025,sa
FP-SP,FBIC-BLDG8,H4,H4-L3-C02-S02,,0,9/26/2025,sa
FP-SP,FBIC-BLDG8,H4,H4-L3-C03-S01,,0,9/26/2025,sa
FP-SP,FBIC-BLDG8,H4,H4-L3-C03-S02,,0,9/26/2025,sa
FP-SP,FBIC-BLDG8,H4,H4-L3-C04-S01,,0,9/26/2025,sa
FP-SP,FBIC-BLDG8,H4,H4-L3-C04-S02,,0,9/26/2025,sa
FP-SP,FBIC-BLDG8,H4,H4-L3-C05-S01,,0,9/26/2025,sa
FP-SP,FBIC-BLDG8,H4,H4-L3-C05-S02,,0,9/26/2025,sa
FP-SP,FBIC-BLDG8,H4,H4-L3-C06-S01,,0,9/26/2025,sa
FP-SP,FBIC-BLDG8,H4,H4-L3-C06-S02,,0,9/26/2025,sa
FP-SP,FBIC-BLDG8,H4,H4-L3-C07-S01,,0,9/26/2025,sa
FP-SP,FBIC-BLDG8,H4,H4-L3-C07-S02,,0,9/26/2025,sa
FP-SP,FBIC-BLDG8,H4,H4-L3-C08-S01,,0,9/26/2025,sa
FP-SP,FBIC-BLDG8,H4,H4-L3-C08-S02,,0,9/26/2025,sa
FP-SP,FBIC-BLDG8,H4,H4-L3-C09-S01,,0,9/26/2025,sa
FP-SP,FBIC-BLDG8,H4,H4-L3-C09-S02,,0,9/26/2025,sa
FP-SP,FBIC-BLDG8,H4,H4-L3-C10-S01,,0,9/26/2025,sa
FP-SP,FBIC-BLDG8,H4,H4-L3-C10-S02,,0,9/26/2025,sa
FP-SP,FBIC-BLDG8,H4,H4-L3-C11-S01,,0,9/26/2025,sa
FP-SP,FBIC-BLDG8,H4,H4-L3-C11-S02,,0,9/26/2025,sa
FP-SP,FBIC-BLDG8,H4,H4-L3-C12-S01,,0,9/26/2025,sa
FP-SP,FBIC-BLDG8,H4,H4-L3-C12-S02,,0,9/26/2025,sa
FP-SP,FBIC-BLDG8,H4,H4-L3-C13-S01,,0,9/26/2025,sa
FP-SP,FBIC-BLDG8,H4,H4-L3-C13-S02,,0,9/26/2025,sa
FP-SP,FBIC-BLDG8,H4,H4-L3-C14-S01,,0,9/26/2025,sa
FP-SP,FBIC-BLDG8,H4,H4-L3-C14-S02,,0,9/26/2025,sa
FP-SP,FBIC-BLDG8,H4,H4-L3-C15-S01,,0,9/26/2025,sa
FP-SP,FBIC-BLDG8,H4,H4-L3-C15-S02,,0,9/26/2025,sa
FP-SP,FBIC-BLDG8,H4,H4-L3-C16-S01,,0,9/26/2025,sa
FP-SP,FBIC-BLDG8,H4,H4-L3-C16-S02,,0,9/26/2025,sa
FP-SP,FBIC-BLDG8,H4,H4-L4-C01-S01,,0,9/26/2025,sa
FP-SP,FBIC-BLDG8,H4,H4-L4-C01-S02,,0,9/26/2025,sa
FP-SP,FBIC-BLDG8,H4,H4-L4-C02-S01,,0,9/26/2025,sa
FP-SP,FBIC-BLDG8,H4,H4-L4-C02-S02,,0,9/26/2025,sa
FP-SP,FBIC-BLDG8,H4,H4-L4-C03-S01,,0,9/26/2025,sa
FP-SP,FBIC-BLDG8,H4,H4-L4-C03-S02,,0,9/26/2025,sa
FP-SP,FBIC-BLDG8,H4,H4-L4-C04-S01,,0,9/26/2025,sa
FP-SP,FBIC-BLDG8,H4,H4-L4-C04-S02,,0,9/26/2025,sa
FP-SP,FBIC-BLDG8,H4,H4-L4-C05-S01,,0,9/26/2025,sa
FP-SP,FBIC-BLDG8,H4,H4-L4-C05-S02,,0,9/26/2025,sa
FP-SP,FBIC-BLDG8,H4,H4-L4-C06-S01,,0,9/26/2025,sa
FP-SP,FBIC-BLDG8,H4,H4-L4-C06-S02,,0,9/26/2025,sa
FP-SP,FBIC-BLDG8,H4,H4-L4-C07-S01,,0,9/26/2025,sa
FP-SP,FBIC-BLDG8,H4,H4-L4-C07-S02,,0,9/26/2025,sa
FP-SP,FBIC-BLDG8,H4,H4-L4-C08-S01,,0,9/26/2025,sa
FP-SP,FBIC-BLDG8,H4,H4-L4-C08-S02,,0,9/26/2025,sa
FP-SP,FBIC-BLDG8,H4,H4-L4-C09-S01,,0,9/26/2025,sa
FP-SP,FBIC-BLDG8,H4,H4-L4-C09-S02,,0,9/26/2025,sa
FP-SP,FBIC-BLDG8,H4,H4-L4-C10-S01,,0,9/26/2025,sa
FP-SP,FBIC-BLDG8,H4,H4-L4-C10-S02,,0,9/26/2025,sa
FP-SP,FBIC-BLDG8,H4,H4-L4-C11-S01,,0,9/26/2025,sa
FP-SP,FBIC-BLDG8,H4,H4-L4-C11-S02,,0,9/26/2025,sa
FP-SP,FBIC-BLDG8,H4,H4-L4-C12-S01,,0,9/26/2025,sa
FP-SP,FBIC-BLDG8,H4,H4-L4-C12-S02,,0,9/26/2025,sa
FP-SP,FBIC-BLDG8,H4,H4-L4-C13-S01,,0,9/26/2025,sa
FP-SP,FBIC-BLDG8,H4,H4-L4-C13-S02,,0,9/26/2025,sa
FP-SP,FBIC-BLDG8,H4,H4-L4-C14-S01,,0,9/26/2025,sa
FP-SP,FBIC-BLDG8,H4,H4-L4-C14-S02,,0,9/26/2025,sa
FP-SP,FBIC-BLDG8,H4,H4-L4-C15-S01,,0,9/26/2025,sa
FP-SP,FBIC-BLDG8,H4,H4-L4-C15-S02,,0,9/26/2025,sa
FP-SP,FBIC-BLDG8,H4,H4-L4-C16-S01,,0,9/26/2025,sa
FP-SP,FBIC-BLDG8,H4,H4-L4-C16-S02,,0,9/26/2025,sa
FP-SP,FBIC-BLDG8,I1,I1-L1-C01-S01,,0,9/26/2025,sa
FP-SP,FBIC-BLDG8,I1,I1-L1-C02-S01,,0,9/26/2025,sa
FP-SP,FBIC-BLDG8,I1,I1-L1-C03-S01,,0,9/26/2025,sa
FP-SP,FBIC-BLDG8,I1,I1-L1-C04-S01,,0,9/26/2025,sa
FP-SP,FBIC-BLDG8,I1,I1-L1-C05-S01,,0,9/26/2025,sa
FP-SP,FBIC-BLDG8,I1,I1-L1-C06-S01,,0,9/26/2025,sa
FP-SP,FBIC-BLDG8,I1,I1-L1-C07-S01,,0,9/26/2025,sa
FP-SP,FBIC-BLDG8,I1,I1-L1-C08-S01,,0,9/26/2025,sa
FP-SP,FBIC-BLDG8,I1,I1-L1-C09-S01,,0,9/26/2025,sa
FP-SP,FBIC-BLDG8,I1,I1-L1-C10-S01,,0,9/26/2025,sa
FP-SP,FBIC-BLDG8,I1,I1-L1-C11-S01,,0,9/26/2025,sa
FP-SP,FBIC-BLDG8,I1,I1-L1-C12-S01,,0,9/26/2025,sa
FP-SP,FBIC-BLDG8,I1,I1-L1-C13-S01,,0,9/26/2025,sa
FP-SP,FBIC-BLDG8,I1,I1-L1-C14-S01,,0,9/26/2025,sa
FP-SP,FBIC-BLDG8,I1,I1-L1-C15-S01,,0,9/26/2025,sa
FP-SP,FBIC-BLDG8,I1,I1-L1-C16-S01,,0,9/26/2025,sa
FP-SP,FBIC-BLDG8,I1,I1-L2-C01-S01,,0,9/26/2025,sa
FP-SP,FBIC-BLDG8,I1,I1-L2-C02-S01,,0,9/26/2025,sa
FP-SP,FBIC-BLDG8,I1,I1-L2-C03-S01,,0,9/26/2025,sa
FP-SP,FBIC-BLDG8,I1,I1-L2-C04-S01,,0,9/26/2025,sa
FP-SP,FBIC-BLDG8,I1,I1-L2-C05-S01,,0,9/26/2025,sa
FP-SP,FBIC-BLDG8,I1,I1-L2-C06-S01,,0,9/26/2025,sa
FP-SP,FBIC-BLDG8,I1,I1-L2-C07-S01,,0,9/26/2025,sa
FP-SP,FBIC-BLDG8,I1,I1-L2-C08-S01,,0,9/26/2025,sa
FP-SP,FBIC-BLDG8,I1,I1-L2-C09-S01,,0,9/26/2025,sa
FP-SP,FBIC-BLDG8,I1,I1-L2-C10-S01,,0,9/26/2025,sa
FP-SP,FBIC-BLDG8,I1,I1-L2-C11-S01,,0,9/26/2025,sa
FP-SP,FBIC-BLDG8,I1,I1-L2-C12-S01,,0,9/26/2025,sa
FP-SP,FBIC-BLDG8,I1,I1-L2-C13-S01,,0,9/26/2025,sa
FP-SP,FBIC-BLDG8,I1,I1-L2-C14-S01,,0,9/26/2025,sa
FP-SP,FBIC-BLDG8,I1,I1-L2-C15-S01,,0,9/26/2025,sa
FP-SP,FBIC-BLDG8,I1,I1-L2-C16-S01,,0,9/26/2025,sa
FP-SP,FBIC-BLDG8,I1,I1-L3-C01-S01,,0,9/26/2025,sa
FP-SP,FBIC-BLDG8,I1,I1-L3-C02-S01,,0,9/26/2025,sa
FP-SP,FBIC-BLDG8,I1,I1-L3-C03-S01,,0,9/26/2025,sa
FP-SP,FBIC-BLDG8,I1,I1-L3-C04-S01,,0,9/26/2025,sa
FP-SP,FBIC-BLDG8,I1,I1-L3-C05-S01,,0,9/26/2025,sa
FP-SP,FBIC-BLDG8,I1,I1-L3-C06-S01,,0,9/26/2025,sa
FP-SP,FBIC-BLDG8,I1,I1-L3-C07-S01,,0,9/26/2025,sa
FP-SP,FBIC-BLDG8,I1,I1-L3-C08-S01,,0,9/26/2025,sa
FP-SP,FBIC-BLDG8,I1,I1-L3-C09-S01,,0,9/26/2025,sa
FP-SP,FBIC-BLDG8,I1,I1-L3-C10-S01,,0,9/26/2025,sa
FP-SP,FBIC-BLDG8,I1,I1-L3-C11-S01,,0,9/26/2025,sa
FP-SP,FBIC-BLDG8,I1,I1-L3-C12-S01,,0,9/26/2025,sa
FP-SP,FBIC-BLDG8,I1,I1-L3-C13-S01,,0,9/26/2025,sa
FP-SP,FBIC-BLDG8,I1,I1-L3-C14-S01,,0,9/26/2025,sa
FP-SP,FBIC-BLDG8,I1,I1-L3-C15-S01,,0,9/26/2025,sa
FP-SP,FBIC-BLDG8,I1,I1-L3-C16-S01,,0,9/26/2025,sa
FP-SP,FBIC-BLDG8,I1,I1-L4-C01-S01,,0,9/26/2025,sa
FP-SP,FBIC-BLDG8,I1,I1-L4-C02-S01,,0,9/26/2025,sa
FP-SP,FBIC-BLDG8,I1,I1-L4-C03-S01,,0,9/26/2025,sa
FP-SP,FBIC-BLDG8,I1,I1-L4-C04-S01,,0,9/26/2025,sa
FP-SP,FBIC-BLDG8,I1,I1-L4-C05-S01,,0,9/26/2025,sa
FP-SP,FBIC-BLDG8,I1,I1-L4-C06-S01,,0,9/26/2025,sa
FP-SP,FBIC-BLDG8,I1,I1-L4-C07-S01,,0,9/26/2025,sa
FP-SP,FBIC-BLDG8,I1,I1-L4-C08-S01,,0,9/26/2025,sa
FP-SP,FBIC-BLDG8,I1,I1-L4-C09-S01,,0,9/26/2025,sa
FP-SP,FBIC-BLDG8,I1,I1-L4-C10-S01,,0,9/26/2025,sa
FP-SP,FBIC-BLDG8,I1,I1-L4-C11-S01,,0,9/26/2025,sa
FP-SP,FBIC-BLDG8,I1,I1-L4-C12-S01,,0,9/26/2025,sa
FP-SP,FBIC-BLDG8,I1,I1-L4-C13-S01,,0,9/26/2025,sa
FP-SP,FBIC-BLDG8,I1,I1-L4-C14-S01,,0,9/26/2025,sa
FP-SP,FBIC-BLDG8,I1,I1-L4-C15-S01,,0,9/26/2025,sa
FP-SP,FBIC-BLDG8,I1,I1-L4-C16-S01,,0,9/26/2025,sa
FP-SP,FBIC-BLDG8,I2,I2-L1-C01-S01,,0,9/26/2025,sa
FP-SP,FBIC-BLDG8,I2,I2-L1-C02-S01,,0,9/26/2025,sa
FP-SP,FBIC-BLDG8,I2,I2-L1-C03-S01,,0,9/26/2025,sa
FP-SP,FBIC-BLDG8,I2,I2-L1-C04-S01,,0,9/26/2025,sa
FP-SP,FBIC-BLDG8,I2,I2-L1-C05-S01,,0,9/26/2025,sa
FP-SP,FBIC-BLDG8,I2,I2-L1-C06-S01,,0,9/26/2025,sa
FP-SP,FBIC-BLDG8,I2,I2-L1-C07-S01,,0,9/26/2025,sa
FP-SP,FBIC-BLDG8,I2,I2-L1-C08-S01,,0,9/26/2025,sa
FP-SP,FBIC-BLDG8,I2,I2-L1-C09-S01,,0,9/26/2025,sa
FP-SP,FBIC-BLDG8,I2,I2-L1-C10-S01,,0,9/26/2025,sa
FP-SP,FBIC-BLDG8,I2,I2-L1-C11-S01,,0,9/26/2025,sa
FP-SP,FBIC-BLDG8,I2,I2-L1-C12-S01,,0,9/26/2025,sa
FP-SP,FBIC-BLDG8,I2,I2-L1-C13-S01,,0,9/26/2025,sa
FP-SP,FBIC-BLDG8,I2,I2-L1-C14-S01,,0,9/26/2025,sa
FP-SP,FBIC-BLDG8,I2,I2-L1-C15-S01,,0,9/26/2025,sa
FP-SP,FBIC-BLDG8,I2,I2-L1-C16-S01,,0,9/26/2025,sa
FP-SP,FBIC-BLDG8,I2,I2-L2-C01-S01,,0,9/26/2025,sa
FP-SP,FBIC-BLDG8,I2,I2-L2-C02-S01,,0,9/26/2025,sa
FP-SP,FBIC-BLDG8,I2,I2-L2-C03-S01,,0,9/26/2025,sa
FP-SP,FBIC-BLDG8,I2,I2-L2-C04-S01,,0,9/26/2025,sa
FP-SP,FBIC-BLDG8,I2,I2-L2-C05-S01,,0,9/26/2025,sa
FP-SP,FBIC-BLDG8,I2,I2-L2-C06-S01,,0,9/26/2025,sa
FP-SP,FBIC-BLDG8,I2,I2-L2-C07-S01,,0,9/26/2025,sa
FP-SP,FBIC-BLDG8,I2,I2-L2-C08-S01,,0,9/26/2025,sa
FP-SP,FBIC-BLDG8,I2,I2-L2-C09-S01,,0,9/26/2025,sa
FP-SP,FBIC-BLDG8,I2,I2-L2-C10-S01,,0,9/26/2025,sa
FP-SP,FBIC-BLDG8,I2,I2-L2-C11-S01,,0,9/26/2025,sa
FP-SP,FBIC-BLDG8,I2,I2-L2-C12-S01,,0,9/26/2025,sa
FP-SP,FBIC-BLDG8,I2,I2-L2-C13-S01,,0,9/26/2025,sa
FP-SP,FBIC-BLDG8,I2,I2-L2-C14-S01,,0,9/26/2025,sa
FP-SP,FBIC-BLDG8,I2,I2-L2-C15-S01,,0,9/26/2025,sa
FP-SP,FBIC-BLDG8,I2,I2-L2-C16-S01,,0,9/26/2025,sa
FP-SP,FBIC-BLDG8,I2,I2-L3-C01-S01,,0,9/26/2025,sa
FP-SP,FBIC-BLDG8,I2,I2-L3-C02-S01,,0,9/26/2025,sa
FP-SP,FBIC-BLDG8,I2,I2-L3-C03-S01,,0,9/26/2025,sa
FP-SP,FBIC-BLDG8,I2,I2-L3-C04-S01,,0,9/26/2025,sa
FP-SP,FBIC-BLDG8,I2,I2-L3-C05-S01,,0,9/26/2025,sa
FP-SP,FBIC-BLDG8,I2,I2-L3-C06-S01,,0,9/26/2025,sa
FP-SP,FBIC-BLDG8,I2,I2-L3-C07-S01,,0,9/26/2025,sa
FP-SP,FBIC-BLDG8,I2,I2-L3-C08-S01,,0,9/26/2025,sa
FP-SP,FBIC-BLDG8,I2,I2-L3-C09-S01,,0,9/26/2025,sa
FP-SP,FBIC-BLDG8,I2,I2-L3-C10-S01,,0,9/26/2025,sa
FP-SP,FBIC-BLDG8,I2,I2-L3-C11-S01,,0,9/26/2025,sa
FP-SP,FBIC-BLDG8,I2,I2-L3-C12-S01,,0,9/26/2025,sa
FP-SP,FBIC-BLDG8,I2,I2-L3-C13-S01,,0,9/26/2025,sa
FP-SP,FBIC-BLDG8,I2,I2-L3-C14-S01,,0,9/26/2025,sa
FP-SP,FBIC-BLDG8,I2,I2-L3-C15-S01,,0,9/26/2025,sa
FP-SP,FBIC-BLDG8,I2,I2-L3-C16-S01,,0,9/26/2025,sa
FP-SP,FBIC-BLDG8,I2,I2-L4-C01-S01,,0,9/26/2025,sa
FP-SP,FBIC-BLDG8,I2,I2-L4-C02-S01,,0,9/26/2025,sa
FP-SP,FBIC-BLDG8,I2,I2-L4-C03-S01,,0,9/26/2025,sa
FP-SP,FBIC-BLDG8,I2,I2-L4-C04-S01,,0,9/26/2025,sa
FP-SP,FBIC-BLDG8,I2,I2-L4-C05-S01,,0,9/26/2025,sa
FP-SP,FBIC-BLDG8,I2,I2-L4-C06-S01,,0,9/26/2025,sa
FP-SP,FBIC-BLDG8,I2,I2-L4-C07-S01,,0,9/26/2025,sa
FP-SP,FBIC-BLDG8,I2,I2-L4-C08-S01,,0,9/26/2025,sa
FP-SP,FBIC-BLDG8,I2,I2-L4-C09-S01,,0,9/26/2025,sa
FP-SP,FBIC-BLDG8,I2,I2-L4-C10-S01,,0,9/26/2025,sa
FP-SP,FBIC-BLDG8,I2,I2-L4-C11-S01,,0,9/26/2025,sa
FP-SP,FBIC-BLDG8,I2,I2-L4-C12-S01,,0,9/26/2025,sa
FP-SP,FBIC-BLDG8,I2,I2-L4-C13-S01,,0,9/26/2025,sa
FP-SP,FBIC-BLDG8,I2,I2-L4-C14-S01,,0,9/26/2025,sa
FP-SP,FBIC-BLDG8,I2,I2-L4-C15-S01,,0,9/26/2025,sa
FP-SP,FBIC-BLDG8,I2,I2-L4-C16-S01,,0,9/26/2025,sa
FP-SP,FBIC-BLDG8,I3,I3-L1-C01-S01,,0,9/26/2025,sa
FP-SP,FBIC-BLDG8,I3,I3-L1-C02-S01,,0,9/26/2025,sa
FP-SP,FBIC-BLDG8,I3,I3-L1-C03-S01,,0,9/26/2025,sa
FP-SP,FBIC-BLDG8,I3,I3-L1-C04-S01,,0,9/26/2025,sa
FP-SP,FBIC-BLDG8,I3,I3-L1-C05-S01,,0,9/26/2025,sa
FP-SP,FBIC-BLDG8,I3,I3-L1-C06-S01,,0,9/26/2025,sa
FP-SP,FBIC-BLDG8,I3,I3-L1-C07-S01,,0,9/26/2025,sa
FP-SP,FBIC-BLDG8,I3,I3-L1-C08-S01,,0,9/26/2025,sa
FP-SP,FBIC-BLDG8,I3,I3-L1-C09-S01,,0,9/26/2025,sa
FP-SP,FBIC-BLDG8,I3,I3-L1-C10-S01,,0,9/26/2025,sa
FP-SP,FBIC-BLDG8,I3,I3-L1-C11-S01,,0,9/26/2025,sa
FP-SP,FBIC-BLDG8,I3,I3-L1-C12-S01,,0,9/26/2025,sa
FP-SP,FBIC-BLDG8,I3,I3-L1-C13-S01,,0,9/26/2025,sa
FP-SP,FBIC-BLDG8,I3,I3-L1-C14-S01,,0,9/26/2025,sa
FP-SP,FBIC-BLDG8,I3,I3-L1-C15-S01,,0,9/26/2025,sa
FP-SP,FBIC-BLDG8,I3,I3-L1-C16-S01,,0,9/26/2025,sa
FP-SP,FBIC-BLDG8,I3,I3-L2-C01-S01,,0,9/26/2025,sa
FP-SP,FBIC-BLDG8,I3,I3-L2-C02-S01,,0,9/26/2025,sa
FP-SP,FBIC-BLDG8,I3,I3-L2-C03-S01,,0,9/26/2025,sa
FP-SP,FBIC-BLDG8,I3,I3-L2-C04-S01,,0,9/26/2025,sa
FP-SP,FBIC-BLDG8,I3,I3-L2-C05-S01,,0,9/26/2025,sa
FP-SP,FBIC-BLDG8,I3,I3-L2-C06-S01,,0,9/26/2025,sa
FP-SP,FBIC-BLDG8,I3,I3-L2-C07-S01,,0,9/26/2025,sa
FP-SP,FBIC-BLDG8,I3,I3-L2-C08-S01,,0,9/26/2025,sa
FP-SP,FBIC-BLDG8,I3,I3-L2-C09-S01,,0,9/26/2025,sa
FP-SP,FBIC-BLDG8,I3,I3-L2-C10-S01,,0,9/26/2025,sa
FP-SP,FBIC-BLDG8,I3,I3-L2-C11-S01,,0,9/26/2025,sa
FP-SP,FBIC-BLDG8,I3,I3-L2-C12-S01,,0,9/26/2025,sa
FP-SP,FBIC-BLDG8,I3,I3-L2-C13-S01,,0,9/26/2025,sa
FP-SP,FBIC-BLDG8,I3,I3-L2-C14-S01,,0,9/26/2025,sa
FP-SP,FBIC-BLDG8,I3,I3-L2-C15-S01,,0,9/26/2025,sa
FP-SP,FBIC-BLDG8,I3,I3-L2-C16-S01,,0,9/26/2025,sa
FP-SP,FBIC-BLDG8,I3,I3-L3-C01-S01,,0,9/26/2025,sa
FP-SP,FBIC-BLDG8,I3,I3-L3-C02-S01,,0,9/26/2025,sa
FP-SP,FBIC-BLDG8,I3,I3-L3-C03-S01,,0,9/26/2025,sa
FP-SP,FBIC-BLDG8,I3,I3-L3-C04-S01,,0,9/26/2025,sa
FP-SP,FBIC-BLDG8,I3,I3-L3-C05-S01,,0,9/26/2025,sa
FP-SP,FBIC-BLDG8,I3,I3-L3-C06-S01,,0,9/26/2025,sa
FP-SP,FBIC-BLDG8,I3,I3-L3-C07-S01,,0,9/26/2025,sa
FP-SP,FBIC-BLDG8,I3,I3-L3-C08-S01,,0,9/26/2025,sa
FP-SP,FBIC-BLDG8,I3,I3-L3-C09-S01,,0,9/26/2025,sa
FP-SP,FBIC-BLDG8,I3,I3-L3-C10-S01,,0,9/26/2025,sa
FP-SP,FBIC-BLDG8,I3,I3-L3-C11-S01,,0,9/26/2025,sa
FP-SP,FBIC-BLDG8,I3,I3-L3-C12-S01,,0,9/26/2025,sa
FP-SP,FBIC-BLDG8,I3,I3-L3-C13-S01,,0,9/26/2025,sa
FP-SP,FBIC-BLDG8,I3,I3-L3-C14-S01,,0,9/26/2025,sa
FP-SP,FBIC-BLDG8,I3,I3-L3-C15-S01,,0,9/26/2025,sa
FP-SP,FBIC-BLDG8,I3,I3-L3-C16-S01,,0,9/26/2025,sa
FP-SP,FBIC-BLDG8,I3,I3-L4-C01-S01,,0,9/26/2025,sa
FP-SP,FBIC-BLDG8,I3,I3-L4-C02-S01,,0,9/26/2025,sa
FP-SP,FBIC-BLDG8,I3,I3-L4-C03-S01,,0,9/26/2025,sa
FP-SP,FBIC-BLDG8,I3,I3-L4-C04-S01,,0,9/26/2025,sa
FP-SP,FBIC-BLDG8,I3,I3-L4-C05-S01,,0,9/26/2025,sa
FP-SP,FBIC-BLDG8,I3,I3-L4-C06-S01,,0,9/26/2025,sa
FP-SP,FBIC-BLDG8,I3,I3-L4-C07-S01,,0,9/26/2025,sa
FP-SP,FBIC-BLDG8,I3,I3-L4-C08-S01,,0,9/26/2025,sa
FP-SP,FBIC-BLDG8,I3,I3-L4-C09-S01,,0,9/26/2025,sa
FP-SP,FBIC-BLDG8,I3,I3-L4-C10-S01,,0,9/26/2025,sa
FP-SP,FBIC-BLDG8,I3,I3-L4-C11-S01,,0,9/26/2025,sa
FP-SP,FBIC-BLDG8,I3,I3-L4-C12-S01,,0,9/26/2025,sa
FP-SP,FBIC-BLDG8,I3,I3-L4-C13-S01,,0,9/26/2025,sa
FP-SP,FBIC-BLDG8,I3,I3-L4-C14-S01,,0,9/26/2025,sa
FP-SP,FBIC-BLDG8,I3,I3-L4-C15-S01,,0,9/26/2025,sa
FP-SP,FBIC-BLDG8,I3,I3-L4-C16-S01,,0,9/26/2025,sa
FP-SP,FBIC-BLDG8,I4,I4-L1-C01-S01,,0,9/26/2025,sa
FP-SP,FBIC-BLDG8,I4,I4-L1-C02-S01,,0,9/26/2025,sa
FP-SP,FBIC-BLDG8,I4,I4-L1-C03-S01,,0,9/26/2025,sa
FP-SP,FBIC-BLDG8,I4,I4-L1-C04-S01,,0,9/26/2025,sa
FP-SP,FBIC-BLDG8,I4,I4-L1-C05-S01,,0,9/26/2025,sa
FP-SP,FBIC-BLDG8,I4,I4-L1-C06-S01,,0,9/26/2025,sa
FP-SP,FBIC-BLDG8,I4,I4-L1-C07-S01,,0,9/26/2025,sa
FP-SP,FBIC-BLDG8,I4,I4-L1-C08-S01,,0,9/26/2025,sa
FP-SP,FBIC-BLDG8,I4,I4-L1-C09-S01,,0,9/26/2025,sa
FP-SP,FBIC-BLDG8,I4,I4-L1-C10-S01,,0,9/26/2025,sa
FP-SP,FBIC-BLDG8,I4,I4-L1-C11-S01,,0,9/26/2025,sa
FP-SP,FBIC-BLDG8,I4,I4-L1-C12-S01,,0,9/26/2025,sa
FP-SP,FBIC-BLDG8,I4,I4-L1-C13-S01,,0,9/26/2025,sa
FP-SP,FBIC-BLDG8,I4,I4-L1-C14-S01,,0,9/26/2025,sa
FP-SP,FBIC-BLDG8,I4,I4-L1-C15-S01,,0,9/26/2025,sa
FP-SP,FBIC-BLDG8,I4,I4-L1-C16-S01,,0,9/26/2025,sa
FP-SP,FBIC-BLDG8,I4,I4-L2-C01-S01,,0,9/26/2025,sa
FP-SP,FBIC-BLDG8,I4,I4-L2-C02-S01,,0,9/26/2025,sa
FP-SP,FBIC-BLDG8,I4,I4-L2-C03-S01,,0,9/26/2025,sa
FP-SP,FBIC-BLDG8,I4,I4-L2-C04-S01,,0,9/26/2025,sa
FP-SP,FBIC-BLDG8,I4,I4-L2-C05-S01,,0,9/26/2025,sa
FP-SP,FBIC-BLDG8,I4,I4-L2-C06-S01,,0,9/26/2025,sa
FP-SP,FBIC-BLDG8,I4,I4-L2-C07-S01,,0,9/26/2025,sa
FP-SP,FBIC-BLDG8,I4,I4-L2-C08-S01,,0,9/26/2025,sa
FP-SP,FBIC-BLDG8,I4,I4-L2-C09-S01,,0,9/26/2025,sa
FP-SP,FBIC-BLDG8,I4,I4-L2-C10-S01,,0,9/26/2025,sa
FP-SP,FBIC-BLDG8,I4,I4-L2-C11-S01,,0,9/26/2025,sa
FP-SP,FBIC-BLDG8,I4,I4-L2-C12-S01,,0,9/26/2025,sa
FP-SP,FBIC-BLDG8,I4,I4-L2-C13-S01,,0,9/26/2025,sa
FP-SP,FBIC-BLDG8,I4,I4-L2-C14-S01,,0,9/26/2025,sa
FP-SP,FBIC-BLDG8,I4,I4-L2-C15-S01,,0,9/26/2025,sa
FP-SP,FBIC-BLDG8,I4,I4-L2-C16-S01,,0,9/26/2025,sa
FP-SP,FBIC-BLDG8,I4,I4-L3-C01-S01,,0,9/26/2025,sa
FP-SP,FBIC-BLDG8,I4,I4-L3-C02-S01,,0,9/26/2025,sa
FP-SP,FBIC-BLDG8,I4,I4-L3-C03-S01,,0,9/26/2025,sa
FP-SP,FBIC-BLDG8,I4,I4-L3-C04-S01,,0,9/26/2025,sa
FP-SP,FBIC-BLDG8,I4,I4-L3-C05-S01,,0,9/26/2025,sa
FP-SP,FBIC-BLDG8,I4,I4-L3-C06-S01,,0,9/26/2025,sa
FP-SP,FBIC-BLDG8,I4,I4-L3-C07-S01,,0,9/26/2025,sa
FP-SP,FBIC-BLDG8,I4,I4-L3-C08-S01,,0,9/26/2025,sa
FP-SP,FBIC-BLDG8,I4,I4-L3-C09-S01,,0,9/26/2025,sa
FP-SP,FBIC-BLDG8,I4,I4-L3-C10-S01,,0,9/26/2025,sa
FP-SP,FBIC-BLDG8,I4,I4-L3-C11-S01,,0,9/26/2025,sa
FP-SP,FBIC-BLDG8,I4,I4-L3-C12-S01,,0,9/26/2025,sa
FP-SP,FBIC-BLDG8,I4,I4-L3-C13-S01,,0,9/26/2025,sa
FP-SP,FBIC-BLDG8,I4,I4-L3-C14-S01,,0,9/26/2025,sa
FP-SP,FBIC-BLDG8,I4,I4-L3-C15-S01,,0,9/26/2025,sa
FP-SP,FBIC-BLDG8,I4,I4-L3-C16-S01,,0,9/26/2025,sa
FP-SP,FBIC-BLDG8,I4,I4-L4-C01-S01,,0,9/26/2025,sa
FP-SP,FBIC-BLDG8,I4,I4-L4-C02-S01,,0,9/26/2025,sa
FP-SP,FBIC-BLDG8,I4,I4-L4-C03-S01,,0,9/26/2025,sa
FP-SP,FBIC-BLDG8,I4,I4-L4-C04-S01,,0,9/26/2025,sa
FP-SP,FBIC-BLDG8,I4,I4-L4-C05-S01,,0,9/26/2025,sa
FP-SP,FBIC-BLDG8,I4,I4-L4-C06-S01,,0,9/26/2025,sa
FP-SP,FBIC-BLDG8,I4,I4-L4-C07-S01,,0,9/26/2025,sa
FP-SP,FBIC-BLDG8,I4,I4-L4-C08-S01,,0,9/26/2025,sa
FP-SP,FBIC-BLDG8,I4,I4-L4-C09-S01,,0,9/26/2025,sa
FP-SP,FBIC-BLDG8,I4,I4-L4-C10-S01,,0,9/26/2025,sa
FP-SP,FBIC-BLDG8,I4,I4-L4-C11-S01,,0,9/26/2025,sa
FP-SP,FBIC-BLDG8,I4,I4-L4-C12-S01,,0,9/26/2025,sa
FP-SP,FBIC-BLDG8,I4,I4-L4-C13-S01,,0,9/26/2025,sa
FP-SP,FBIC-BLDG8,I4,I4-L4-C14-S01,,0,9/26/2025,sa
FP-SP,FBIC-BLDG8,I4,I4-L4-C15-S01,,0,9/26/2025,sa
FP-SP,FBIC-BLDG8,I4,I4-L4-C16-S01,,0,9/26/2025,sa
FP-SP,FBIC-BLDG8,I1,I1-L1-C01-S02,,0,9/26/2025,sa
FP-SP,FBIC-BLDG8,I1,I1-L1-C02-S02,,0,9/26/2025,sa
FP-SP,FBIC-BLDG8,I1,I1-L1-C03-S02,,0,9/26/2025,sa
FP-SP,FBIC-BLDG8,I1,I1-L1-C04-S02,,0,9/26/2025,sa
FP-SP,FBIC-BLDG8,I1,I1-L1-C05-S02,,0,9/26/2025,sa
FP-SP,FBIC-BLDG8,I1,I1-L1-C06-S02,,0,9/26/2025,sa
FP-SP,FBIC-BLDG8,I1,I1-L1-C07-S02,,0,9/26/2025,sa
FP-SP,FBIC-BLDG8,I1,I1-L1-C08-S02,,0,9/26/2025,sa
FP-SP,FBIC-BLDG8,I1,I1-L1-C09-S02,,0,9/26/2025,sa
FP-SP,FBIC-BLDG8,I1,I1-L1-C10-S02,,0,9/26/2025,sa
FP-SP,FBIC-BLDG8,I1,I1-L1-C11-S02,,0,9/26/2025,sa
FP-SP,FBIC-BLDG8,I1,I1-L1-C12-S02,,0,9/26/2025,sa
FP-SP,FBIC-BLDG8,I1,I1-L1-C13-S02,,0,9/26/2025,sa
FP-SP,FBIC-BLDG8,I1,I1-L1-C14-S02,,0,9/26/2025,sa
FP-SP,FBIC-BLDG8,I1,I1-L1-C15-S02,,0,9/26/2025,sa
FP-SP,FBIC-BLDG8,I1,I1-L1-C16-S02,,0,9/26/2025,sa
FP-SP,FBIC-BLDG8,I1,I1-L2-C01-S02,,0,9/26/2025,sa
FP-SP,FBIC-BLDG8,I1,I1-L2-C02-S02,,0,9/26/2025,sa
FP-SP,FBIC-BLDG8,I1,I1-L2-C03-S02,,0,9/26/2025,sa
FP-SP,FBIC-BLDG8,I1,I1-L2-C04-S02,,0,9/26/2025,sa
FP-SP,FBIC-BLDG8,I1,I1-L2-C05-S02,,0,9/26/2025,sa
FP-SP,FBIC-BLDG8,I1,I1-L2-C06-S02,,0,9/26/2025,sa
FP-SP,FBIC-BLDG8,I1,I1-L2-C07-S02,,0,9/26/2025,sa
FP-SP,FBIC-BLDG8,I1,I1-L2-C08-S02,,0,9/26/2025,sa
FP-SP,FBIC-BLDG8,I1,I1-L2-C09-S02,,0,9/26/2025,sa
FP-SP,FBIC-BLDG8,I1,I1-L2-C10-S02,,0,9/26/2025,sa
FP-SP,FBIC-BLDG8,I1,I1-L2-C11-S02,,0,9/26/2025,sa
FP-SP,FBIC-BLDG8,I1,I1-L2-C12-S02,,0,9/26/2025,sa
FP-SP,FBIC-BLDG8,I1,I1-L2-C13-S02,,0,9/26/2025,sa
FP-SP,FBIC-BLDG8,I1,I1-L2-C14-S02,,0,9/26/2025,sa
FP-SP,FBIC-BLDG8,I1,I1-L2-C15-S02,,0,9/26/2025,sa
FP-SP,FBIC-BLDG8,I1,I1-L2-C16-S02,,0,9/26/2025,sa
FP-SP,FBIC-BLDG8,I1,I1-L3-C01-S02,,0,9/26/2025,sa
FP-SP,FBIC-BLDG8,I1,I1-L3-C02-S02,,0,9/26/2025,sa
FP-SP,FBIC-BLDG8,I1,I1-L3-C03-S02,,0,9/26/2025,sa
FP-SP,FBIC-BLDG8,I1,I1-L3-C04-S02,,0,9/26/2025,sa
FP-SP,FBIC-BLDG8,I1,I1-L3-C05-S02,,0,9/26/2025,sa
FP-SP,FBIC-BLDG8,I1,I1-L3-C06-S02,,0,9/26/2025,sa
FP-SP,FBIC-BLDG8,I1,I1-L3-C07-S02,,0,9/26/2025,sa
FP-SP,FBIC-BLDG8,I1,I1-L3-C08-S02,,0,9/26/2025,sa
FP-SP,FBIC-BLDG8,I1,I1-L3-C09-S02,,0,9/26/2025,sa
FP-SP,FBIC-BLDG8,I1,I1-L3-C10-S02,,0,9/26/2025,sa
FP-SP,FBIC-BLDG8,I1,I1-L3-C11-S02,,0,9/26/2025,sa
FP-SP,FBIC-BLDG8,I1,I1-L3-C12-S02,,0,9/26/2025,sa
FP-SP,FBIC-BLDG8,I1,I1-L3-C13-S02,,0,9/26/2025,sa
FP-SP,FBIC-BLDG8,I1,I1-L3-C14-S02,,0,9/26/2025,sa
FP-SP,FBIC-BLDG8,I1,I1-L3-C15-S02,,0,9/26/2025,sa
FP-SP,FBIC-BLDG8,I1,I1-L3-C16-S02,,0,9/26/2025,sa
FP-SP,FBIC-BLDG8,I1,I1-L4-C01-S02,,0,9/26/2025,sa
FP-SP,FBIC-BLDG8,I1,I1-L4-C02-S02,,0,9/26/2025,sa
FP-SP,FBIC-BLDG8,I1,I1-L4-C03-S02,,0,9/26/2025,sa
FP-SP,FBIC-BLDG8,I1,I1-L4-C04-S02,,0,9/26/2025,sa
FP-SP,FBIC-BLDG8,I1,I1-L4-C05-S02,,0,9/26/2025,sa
FP-SP,FBIC-BLDG8,I1,I1-L4-C06-S02,,0,9/26/2025,sa
FP-SP,FBIC-BLDG8,I1,I1-L4-C07-S02,,0,9/26/2025,sa
FP-SP,FBIC-BLDG8,I1,I1-L4-C08-S02,,0,9/26/2025,sa
FP-SP,FBIC-BLDG8,I1,I1-L4-C09-S02,,0,9/26/2025,sa
FP-SP,FBIC-BLDG8,I1,I1-L4-C10-S02,,0,9/26/2025,sa
FP-SP,FBIC-BLDG8,I1,I1-L4-C11-S02,,0,9/26/2025,sa
FP-SP,FBIC-BLDG8,I1,I1-L4-C12-S02,,0,9/26/2025,sa
FP-SP,FBIC-BLDG8,I1,I1-L4-C13-S02,,0,9/26/2025,sa
FP-SP,FBIC-BLDG8,I1,I1-L4-C14-S02,,0,9/26/2025,sa
FP-SP,FBIC-BLDG8,I1,I1-L4-C15-S02,,0,9/26/2025,sa
FP-SP,FBIC-BLDG8,I1,I1-L4-C16-S02,,0,9/26/2025,sa
FP-SP,FBIC-BLDG8,I2,I2-L1-C01-S02,,0,9/26/2025,sa
FP-SP,FBIC-BLDG8,I2,I2-L1-C02-S02,,0,9/26/2025,sa
FP-SP,FBIC-BLDG8,I2,I2-L1-C03-S02,,0,9/26/2025,sa
FP-SP,FBIC-BLDG8,I2,I2-L1-C04-S02,,0,9/26/2025,sa
FP-SP,FBIC-BLDG8,I2,I2-L1-C05-S02,,0,9/26/2025,sa
FP-SP,FBIC-BLDG8,I2,I2-L1-C06-S02,,0,9/26/2025,sa
FP-SP,FBIC-BLDG8,I2,I2-L1-C07-S02,,0,9/26/2025,sa
FP-SP,FBIC-BLDG8,I2,I2-L1-C08-S02,,0,9/26/2025,sa
FP-SP,FBIC-BLDG8,I2,I2-L1-C09-S02,,0,9/26/2025,sa
FP-SP,FBIC-BLDG8,I2,I2-L1-C10-S02,,0,9/26/2025,sa
FP-SP,FBIC-BLDG8,I2,I2-L1-C11-S02,,0,9/26/2025,sa
FP-SP,FBIC-BLDG8,I2,I2-L1-C12-S02,,0,9/26/2025,sa
FP-SP,FBIC-BLDG8,I2,I2-L1-C13-S02,,0,9/26/2025,sa
FP-SP,FBIC-BLDG8,I2,I2-L1-C14-S02,,0,9/26/2025,sa
FP-SP,FBIC-BLDG8,I2,I2-L1-C15-S02,,0,9/26/2025,sa
FP-SP,FBIC-BLDG8,I2,I2-L1-C16-S02,,0,9/26/2025,sa
FP-SP,FBIC-BLDG8,I2,I2-L2-C01-S02,,0,9/26/2025,sa
FP-SP,FBIC-BLDG8,I2,I2-L2-C02-S02,,0,9/26/2025,sa
FP-SP,FBIC-BLDG8,I2,I2-L2-C03-S02,,0,9/26/2025,sa
FP-SP,FBIC-BLDG8,I2,I2-L2-C04-S02,,0,9/26/2025,sa
FP-SP,FBIC-BLDG8,I2,I2-L2-C05-S02,,0,9/26/2025,sa
FP-SP,FBIC-BLDG8,I2,I2-L2-C06-S02,,0,9/26/2025,sa
FP-SP,FBIC-BLDG8,I2,I2-L2-C07-S02,,0,9/26/2025,sa
FP-SP,FBIC-BLDG8,I2,I2-L2-C08-S02,,0,9/26/2025,sa
FP-SP,FBIC-BLDG8,I2,I2-L2-C09-S02,,0,9/26/2025,sa
FP-SP,FBIC-BLDG8,I2,I2-L2-C10-S02,,0,9/26/2025,sa
FP-SP,FBIC-BLDG8,I2,I2-L2-C11-S02,,0,9/26/2025,sa
FP-SP,FBIC-BLDG8,I2,I2-L2-C12-S02,,0,9/26/2025,sa
FP-SP,FBIC-BLDG8,I2,I2-L2-C13-S02,,0,9/26/2025,sa
FP-SP,FBIC-BLDG8,I2,I2-L2-C14-S02,,0,9/26/2025,sa
FP-SP,FBIC-BLDG8,I2,I2-L2-C15-S02,,0,9/26/2025,sa
FP-SP,FBIC-BLDG8,I2,I2-L2-C16-S02,,0,9/26/2025,sa
FP-SP,FBIC-BLDG8,I2,I2-L3-C01-S02,,0,9/26/2025,sa
FP-SP,FBIC-BLDG8,I2,I2-L3-C02-S02,,0,9/26/2025,sa
FP-SP,FBIC-BLDG8,I2,I2-L3-C03-S02,,0,9/26/2025,sa
FP-SP,FBIC-BLDG8,I2,I2-L3-C04-S02,,0,9/26/2025,sa
FP-SP,FBIC-BLDG8,I2,I2-L3-C05-S02,,0,9/26/2025,sa
FP-SP,FBIC-BLDG8,I2,I2-L3-C06-S02,,0,9/26/2025,sa
FP-SP,FBIC-BLDG8,I2,I2-L3-C07-S02,,0,9/26/2025,sa
FP-SP,FBIC-BLDG8,I2,I2-L3-C08-S02,,0,9/26/2025,sa
FP-SP,FBIC-BLDG8,I2,I2-L3-C09-S02,,0,9/26/2025,sa
FP-SP,FBIC-BLDG8,I2,I2-L3-C10-S02,,0,9/26/2025,sa
FP-SP,FBIC-BLDG8,I2,I2-L3-C11-S02,,0,9/26/2025,sa
FP-SP,FBIC-BLDG8,I2,I2-L3-C12-S02,,0,9/26/2025,sa
FP-SP,FBIC-BLDG8,I2,I2-L3-C13-S02,,0,9/26/2025,sa
FP-SP,FBIC-BLDG8,I2,I2-L3-C14-S02,,0,9/26/2025,sa
FP-SP,FBIC-BLDG8,I2,I2-L3-C15-S02,,0,9/26/2025,sa
FP-SP,FBIC-BLDG8,I2,I2-L3-C16-S02,,0,9/26/2025,sa
FP-SP,FBIC-BLDG8,I2,I2-L4-C01-S02,,0,9/26/2025,sa
FP-SP,FBIC-BLDG8,I2,I2-L4-C02-S02,,0,9/26/2025,sa
FP-SP,FBIC-BLDG8,I2,I2-L4-C03-S02,,0,9/26/2025,sa
FP-SP,FBIC-BLDG8,I2,I2-L4-C04-S02,,0,9/26/2025,sa
FP-SP,FBIC-BLDG8,I2,I2-L4-C05-S02,,0,9/26/2025,sa
FP-SP,FBIC-BLDG8,I2,I2-L4-C06-S02,,0,9/26/2025,sa
FP-SP,FBIC-BLDG8,I2,I2-L4-C07-S02,,0,9/26/2025,sa
FP-SP,FBIC-BLDG8,I2,I2-L4-C08-S02,,0,9/26/2025,sa
FP-SP,FBIC-BLDG8,I2,I2-L4-C09-S02,,0,9/26/2025,sa
FP-SP,FBIC-BLDG8,I2,I2-L4-C10-S02,,0,9/26/2025,sa
FP-SP,FBIC-BLDG8,I2,I2-L4-C11-S02,,0,9/26/2025,sa
FP-SP,FBIC-BLDG8,I2,I2-L4-C12-S02,,0,9/26/2025,sa
FP-SP,FBIC-BLDG8,I2,I2-L4-C13-S02,,0,9/26/2025,sa
FP-SP,FBIC-BLDG8,I2,I2-L4-C14-S02,,0,9/26/2025,sa
FP-SP,FBIC-BLDG8,I2,I2-L4-C15-S02,,0,9/26/2025,sa
FP-SP,FBIC-BLDG8,I2,I2-L4-C16-S02,,0,9/26/2025,sa
FP-SP,FBIC-BLDG8,I3,I3-L1-C01-S02,,0,9/26/2025,sa
FP-SP,FBIC-BLDG8,I3,I3-L1-C02-S02,,0,9/26/2025,sa
FP-SP,FBIC-BLDG8,I3,I3-L1-C03-S02,,0,9/26/2025,sa
FP-SP,FBIC-BLDG8,I3,I3-L1-C04-S02,,0,9/26/2025,sa
FP-SP,FBIC-BLDG8,I3,I3-L1-C05-S02,,0,9/26/2025,sa
FP-SP,FBIC-BLDG8,I3,I3-L1-C06-S02,,0,9/26/2025,sa
FP-SP,FBIC-BLDG8,I3,I3-L1-C07-S02,,0,9/26/2025,sa
FP-SP,FBIC-BLDG8,I3,I3-L1-C08-S02,,0,9/26/2025,sa
FP-SP,FBIC-BLDG8,I3,I3-L1-C09-S02,,0,9/26/2025,sa
FP-SP,FBIC-BLDG8,I3,I3-L1-C10-S02,,0,9/26/2025,sa
FP-SP,FBIC-BLDG8,I3,I3-L1-C11-S02,,0,9/26/2025,sa
FP-SP,FBIC-BLDG8,I3,I3-L1-C12-S02,,0,9/26/2025,sa
FP-SP,FBIC-BLDG8,I3,I3-L1-C13-S02,,0,9/26/2025,sa
FP-SP,FBIC-BLDG8,I3,I3-L1-C14-S02,,0,9/26/2025,sa
FP-SP,FBIC-BLDG8,I3,I3-L1-C15-S02,,0,9/26/2025,sa
FP-SP,FBIC-BLDG8,I3,I3-L1-C16-S02,,0,9/26/2025,sa
FP-SP,FBIC-BLDG8,I3,I3-L2-C01-S02,,0,9/26/2025,sa
FP-SP,FBIC-BLDG8,I3,I3-L2-C02-S02,,0,9/26/2025,sa
FP-SP,FBIC-BLDG8,I3,I3-L2-C03-S02,,0,9/26/2025,sa
FP-SP,FBIC-BLDG8,I3,I3-L2-C04-S02,,0,9/26/2025,sa
FP-SP,FBIC-BLDG8,I3,I3-L2-C05-S02,,0,9/26/2025,sa
FP-SP,FBIC-BLDG8,I3,I3-L2-C06-S02,,0,9/26/2025,sa
FP-SP,FBIC-BLDG8,I3,I3-L2-C07-S02,,0,9/26/2025,sa
FP-SP,FBIC-BLDG8,I3,I3-L2-C08-S02,,0,9/26/2025,sa
FP-SP,FBIC-BLDG8,I3,I3-L2-C09-S02,,0,9/26/2025,sa
FP-SP,FBIC-BLDG8,I3,I3-L2-C10-S02,,0,9/26/2025,sa
FP-SP,FBIC-BLDG8,I3,I3-L2-C11-S02,,0,9/26/2025,sa
FP-SP,FBIC-BLDG8,I3,I3-L2-C12-S02,,0,9/26/2025,sa
FP-SP,FBIC-BLDG8,I3,I3-L2-C13-S02,,0,9/26/2025,sa
FP-SP,FBIC-BLDG8,I3,I3-L2-C14-S02,,0,9/26/2025,sa
FP-SP,FBIC-BLDG8,I3,I3-L2-C15-S02,,0,9/26/2025,sa
FP-SP,FBIC-BLDG8,I3,I3-L2-C16-S02,,0,9/26/2025,sa
FP-SP,FBIC-BLDG8,I3,I3-L3-C01-S02,,0,9/26/2025,sa
FP-SP,FBIC-BLDG8,I3,I3-L3-C02-S02,,0,9/26/2025,sa
FP-SP,FBIC-BLDG8,I3,I3-L3-C03-S02,,0,9/26/2025,sa
FP-SP,FBIC-BLDG8,I3,I3-L3-C04-S02,,0,9/26/2025,sa
FP-SP,FBIC-BLDG8,I3,I3-L3-C05-S02,,0,9/26/2025,sa
FP-SP,FBIC-BLDG8,I3,I3-L3-C06-S02,,0,9/26/2025,sa
FP-SP,FBIC-BLDG8,I3,I3-L3-C07-S02,,0,9/26/2025,sa
FP-SP,FBIC-BLDG8,I3,I3-L3-C08-S02,,0,9/26/2025,sa
FP-SP,FBIC-BLDG8,I3,I3-L3-C09-S02,,0,9/26/2025,sa
FP-SP,FBIC-BLDG8,I3,I3-L3-C10-S02,,0,9/26/2025,sa
FP-SP,FBIC-BLDG8,I3,I3-L3-C11-S02,,0,9/26/2025,sa
FP-SP,FBIC-BLDG8,I3,I3-L3-C12-S02,,0,9/26/2025,sa
FP-SP,FBIC-BLDG8,I3,I3-L3-C13-S02,,0,9/26/2025,sa
FP-SP,FBIC-BLDG8,I3,I3-L3-C14-S02,,0,9/26/2025,sa
FP-SP,FBIC-BLDG8,I3,I3-L3-C15-S02,,0,9/26/2025,sa
FP-SP,FBIC-BLDG8,I3,I3-L3-C16-S02,,0,9/26/2025,sa
FP-SP,FBIC-BLDG8,I3,I3-L4-C01-S02,,0,9/26/2025,sa
FP-SP,FBIC-BLDG8,I3,I3-L4-C02-S02,,0,9/26/2025,sa
FP-SP,FBIC-BLDG8,I3,I3-L4-C03-S02,,0,9/26/2025,sa
FP-SP,FBIC-BLDG8,I3,I3-L4-C04-S02,,0,9/26/2025,sa
FP-SP,FBIC-BLDG8,I3,I3-L4-C05-S02,,0,9/26/2025,sa
FP-SP,FBIC-BLDG8,I3,I3-L4-C06-S02,,0,9/26/2025,sa
FP-SP,FBIC-BLDG8,I3,I3-L4-C07-S02,,0,9/26/2025,sa
FP-SP,FBIC-BLDG8,I3,I3-L4-C08-S02,,0,9/26/2025,sa
FP-SP,FBIC-BLDG8,I3,I3-L4-C09-S02,,0,9/26/2025,sa
FP-SP,FBIC-BLDG8,I3,I3-L4-C10-S02,,0,9/26/2025,sa
FP-SP,FBIC-BLDG8,I3,I3-L4-C11-S02,,0,9/26/2025,sa
FP-SP,FBIC-BLDG8,I3,I3-L4-C12-S02,,0,9/26/2025,sa
FP-SP,FBIC-BLDG8,I3,I3-L4-C13-S02,,0,9/26/2025,sa
FP-SP,FBIC-BLDG8,I3,I3-L4-C14-S02,,0,9/26/2025,sa
FP-SP,FBIC-BLDG8,I3,I3-L4-C15-S02,,0,9/26/2025,sa
FP-SP,FBIC-BLDG8,I3,I3-L4-C16-S02,,0,9/26/2025,sa
FP-SP,FBIC-BLDG8,I4,I4-L1-C01-S02,,0,9/26/2025,sa
FP-SP,FBIC-BLDG8,I4,I4-L1-C02-S02,,0,9/26/2025,sa
FP-SP,FBIC-BLDG8,I4,I4-L1-C03-S02,,0,9/26/2025,sa
FP-SP,FBIC-BLDG8,I4,I4-L1-C04-S02,,0,9/26/2025,sa
FP-SP,FBIC-BLDG8,I4,I4-L1-C05-S02,,0,9/26/2025,sa
FP-SP,FBIC-BLDG8,I4,I4-L1-C06-S02,,0,9/26/2025,sa
FP-SP,FBIC-BLDG8,I4,I4-L1-C07-S02,,0,9/26/2025,sa
FP-SP,FBIC-BLDG8,I4,I4-L1-C08-S02,,0,9/26/2025,sa
FP-SP,FBIC-BLDG8,I4,I4-L1-C09-S02,,0,9/26/2025,sa
FP-SP,FBIC-BLDG8,I4,I4-L1-C10-S02,,0,9/26/2025,sa
FP-SP,FBIC-BLDG8,I4,I4-L1-C11-S02,,0,9/26/2025,sa
FP-SP,FBIC-BLDG8,I4,I4-L1-C12-S02,,0,9/26/2025,sa
FP-SP,FBIC-BLDG8,I4,I4-L1-C13-S02,,0,9/26/2025,sa
FP-SP,FBIC-BLDG8,I4,I4-L1-C14-S02,,0,9/26/2025,sa
FP-SP,FBIC-BLDG8,I4,I4-L1-C15-S02,,0,9/26/2025,sa
FP-SP,FBIC-BLDG8,I4,I4-L1-C16-S02,,0,9/26/2025,sa
FP-SP,FBIC-BLDG8,I4,I4-L2-C01-S02,,0,9/26/2025,sa
FP-SP,FBIC-BLDG8,I4,I4-L2-C02-S02,,0,9/26/2025,sa
FP-SP,FBIC-BLDG8,I4,I4-L2-C03-S02,,0,9/26/2025,sa
FP-SP,FBIC-BLDG8,I4,I4-L2-C04-S02,,0,9/26/2025,sa
FP-SP,FBIC-BLDG8,I4,I4-L2-C05-S02,,0,9/26/2025,sa
FP-SP,FBIC-BLDG8,I4,I4-L2-C06-S02,,0,9/26/2025,sa
FP-SP,FBIC-BLDG8,I4,I4-L2-C07-S02,,0,9/26/2025,sa
FP-SP,FBIC-BLDG8,I4,I4-L2-C08-S02,,0,9/26/2025,sa
FP-SP,FBIC-BLDG8,I4,I4-L2-C09-S02,,0,9/26/2025,sa
FP-SP,FBIC-BLDG8,I4,I4-L2-C10-S02,,0,9/26/2025,sa
FP-SP,FBIC-BLDG8,I4,I4-L2-C11-S02,,0,9/26/2025,sa
FP-SP,FBIC-BLDG8,I4,I4-L2-C12-S02,,0,9/26/2025,sa
FP-SP,FBIC-BLDG8,I4,I4-L2-C13-S02,,0,9/26/2025,sa
FP-SP,FBIC-BLDG8,I4,I4-L2-C14-S02,,0,9/26/2025,sa
FP-SP,FBIC-BLDG8,I4,I4-L2-C15-S02,,0,9/26/2025,sa
FP-SP,FBIC-BLDG8,I4,I4-L2-C16-S02,,0,9/26/2025,sa
FP-SP,FBIC-BLDG8,I4,I4-L3-C01-S02,,0,9/26/2025,sa
FP-SP,FBIC-BLDG8,I4,I4-L3-C02-S02,,0,9/26/2025,sa
FP-SP,FBIC-BLDG8,I4,I4-L3-C03-S02,,0,9/26/2025,sa
FP-SP,FBIC-BLDG8,I4,I4-L3-C04-S02,,0,9/26/2025,sa
FP-SP,FBIC-BLDG8,I4,I4-L3-C05-S02,,0,9/26/2025,sa
FP-SP,FBIC-BLDG8,I4,I4-L3-C06-S02,,0,9/26/2025,sa
FP-SP,FBIC-BLDG8,I4,I4-L3-C07-S02,,0,9/26/2025,sa
FP-SP,FBIC-BLDG8,I4,I4-L3-C08-S02,,0,9/26/2025,sa
FP-SP,FBIC-BLDG8,I4,I4-L3-C09-S02,,0,9/26/2025,sa
FP-SP,FBIC-BLDG8,I4,I4-L3-C10-S02,,0,9/26/2025,sa
FP-SP,FBIC-BLDG8,I4,I4-L3-C11-S02,,0,9/26/2025,sa
FP-SP,FBIC-BLDG8,I4,I4-L3-C12-S02,,0,9/26/2025,sa
FP-SP,FBIC-BLDG8,I4,I4-L3-C13-S02,,0,9/26/2025,sa
FP-SP,FBIC-BLDG8,I4,I4-L3-C14-S02,,0,9/26/2025,sa
FP-SP,FBIC-BLDG8,I4,I4-L3-C15-S02,,0,9/26/2025,sa
FP-SP,FBIC-BLDG8,I4,I4-L3-C16-S02,,0,9/26/2025,sa
FP-SP,FBIC-BLDG8,I4,I4-L4-C01-S02,,0,9/26/2025,sa
FP-SP,FBIC-BLDG8,I4,I4-L4-C02-S02,,0,9/26/2025,sa
FP-SP,FBIC-BLDG8,I4,I4-L4-C03-S02,,0,9/26/2025,sa
FP-SP,FBIC-BLDG8,I4,I4-L4-C04-S02,,0,9/26/2025,sa
FP-SP,FBIC-BLDG8,I4,I4-L4-C05-S02,,0,9/26/2025,sa
FP-SP,FBIC-BLDG8,I4,I4-L4-C06-S02,,0,9/26/2025,sa
FP-SP,FBIC-BLDG8,I4,I4-L4-C07-S02,,0,9/26/2025,sa
FP-SP,FBIC-BLDG8,I4,I4-L4-C08-S02,,0,9/26/2025,sa
FP-SP,FBIC-BLDG8,I4,I4-L4-C09-S02,,0,9/26/2025,sa
FP-SP,FBIC-BLDG8,I4,I4-L4-C10-S02,,0,9/26/2025,sa
FP-SP,FBIC-BLDG8,I4,I4-L4-C11-S02,,0,9/26/2025,sa
FP-SP,FBIC-BLDG8,I4,I4-L4-C12-S02,,0,9/26/2025,sa
FP-SP,FBIC-BLDG8,I4,I4-L4-C13-S02,,0,9/26/2025,sa
FP-SP,FBIC-BLDG8,I4,I4-L4-C14-S02,,0,9/26/2025,sa
FP-SP,FBIC-BLDG8,I4,I4-L4-C15-S02,,0,9/26/2025,sa
FP-SP,FBIC-BLDG8,I4,I4-L4-C16-S02,,0,9/26/2025,sa
FP-SP,FBIC-BLDG8,J1,J1-L1-C01-S01,,0,9/26/2025,sa
FP-SP,FBIC-BLDG8,J1,J1-L1-C01-S02,,0,9/26/2025,sa
FP-SP,FBIC-BLDG8,J1,J1-L1-C02-S01,,0,9/26/2025,sa
FP-SP,FBIC-BLDG8,J1,J1-L1-C02-S02,,0,9/26/2025,sa
FP-SP,FBIC-BLDG8,J1,J1-L1-C03-S01,,0,9/26/2025,sa
FP-SP,FBIC-BLDG8,J1,J1-L1-C03-S02,,0,9/26/2025,sa
FP-SP,FBIC-BLDG8,J1,J1-L1-C04-S01,,0,9/26/2025,sa
FP-SP,FBIC-BLDG8,J1,J1-L1-C04-S02,,0,9/26/2025,sa
FP-SP,FBIC-BLDG8,J1,J1-L2-C01-S01,,0,9/26/2025,sa
FP-SP,FBIC-BLDG8,J1,J1-L2-C01-S02,,0,9/26/2025,sa
FP-SP,FBIC-BLDG8,J1,J1-L2-C02-S01,,0,9/26/2025,sa
FP-SP,FBIC-BLDG8,J1,J1-L2-C02-S02,,0,9/26/2025,sa
FP-SP,FBIC-BLDG8,J1,J1-L2-C03-S01,,0,9/26/2025,sa
FP-SP,FBIC-BLDG8,J1,J1-L2-C03-S02,,0,9/26/2025,sa
FP-SP,FBIC-BLDG8,J1,J1-L2-C04-S01,,0,9/26/2025,sa
FP-SP,FBIC-BLDG8,J1,J1-L3-C01-S01,,0,9/26/2025,sa
FP-SP,FBIC-BLDG8,J1,J1-L3-C01-S02,,0,9/26/2025,sa
FP-SP,FBIC-BLDG8,J1,J1-L3-C02-S01,,0,9/26/2025,sa
FP-SP,FBIC-BLDG8,J1,J1-L3-C02-S02,,0,9/26/2025,sa
FP-SP,FBIC-BLDG8,J1,J1-L3-C03-S01,,0,9/26/2025,sa
FP-SP,FBIC-BLDG8,J1,J1-L3-C03-S02,,0,9/26/2025,sa
FP-SP,FBIC-BLDG8,J1,J1-L3-C04-S01,,0,9/26/2025,sa
FP-SP,FBIC-BLDG8,J1,J1-L3-C04-S02,,0,9/26/2025,sa
FP-SP,FBIC-BLDG8,J1,J1-L4-C01-S01,,0,9/26/2025,sa
FP-SP,FBIC-BLDG8,J1,J1-L4-C01-S02,,0,9/26/2025,sa
FP-SP,FBIC-BLDG8,J1,J1-L4-C02-S01,,0,9/26/2025,sa
FP-SP,FBIC-BLDG8,J1,J1-L4-C02-S02,,0,9/26/2025,sa
FP-SP,FBIC-BLDG8,J1,J1-L4-C03-S01,,0,9/26/2025,sa
FP-SP,FBIC-BLDG8,J1,J1-L4-C03-S02,,0,9/26/2025,sa
FP-SP,FBIC-BLDG8,J1,J1-L4-C04-S01,,0,9/26/2025,sa
FP-SP,FBIC-BLDG8,J1,J1-L4-C04-S02,,0,9/26/2025,sa
FP-SP,FBIC-BLDG8,J1,J2-L1-C01-S01,,0,9/26/2025,sa
FP-SP,FBIC-BLDG8,J1,J2-L1-C01-S02,,0,9/26/2025,sa
FP-SP,FBIC-BLDG8,J1,J2-L1-C02-S01,,0,9/26/2025,sa
FP-SP,FBIC-BLDG8,J1,J2-L1-C02-S02,,0,9/26/2025,sa
FP-SP,FBIC-BLDG8,J1,J2-L1-C03-S01,,0,9/26/2025,sa
FP-SP,FBIC-BLDG8,J2,J2-L1-C03-S02,,0,9/26/2025,sa
FP-SP,FBIC-BLDG8,J2,J2-L1-C04-S01,,0,9/26/2025,sa
FP-SP,FBIC-BLDG8,J2,J2-L1-C04-S02,,0,9/26/2025,sa
FP-SP,FBIC-BLDG8,J2,J2-L2-C01-S01,,0,9/26/2025,sa
FP-SP,FBIC-BLDG8,J2,J2-L2-C01-S02,,0,9/26/2025,sa
FP-SP,FBIC-BLDG8,J2,J2-L2-C02-S01,,0,9/26/2025,sa
FP-SP,FBIC-BLDG8,J2,J2-L2-C02-S02,,0,9/26/2025,sa
FP-SP,FBIC-BLDG8,J2,J2-L2-C03-S01,,0,9/26/2025,sa
FP-SP,FBIC-BLDG8,J2,J2-L2-C03-S02,,0,9/26/2025,sa
FP-SP,FBIC-BLDG8,J2,J2-L2-C04-S01,,0,9/26/2025,sa
FP-SP,FBIC-BLDG8,J2,J2-L2-C04-S02,,0,9/26/2025,sa
FP-SP,FBIC-BLDG8,J2,J2-L3-C01-S01,,0,9/26/2025,sa
FP-SP,FBIC-BLDG8,J2,J2-L3-C01-S02,,0,9/26/2025,sa
FP-SP,FBIC-BLDG8,J2,J2-L3-C02-S01,,0,9/26/2025,sa
FP-SP,FBIC-BLDG8,J2,J2-L3-C02-S02,,0,9/26/2025,sa
FP-SP,FBIC-BLDG8,J2,J2-L3-C03-S01,,0,9/26/2025,sa
FP-SP,FBIC-BLDG8,J2,J2-L3-C03-S02,,0,9/26/2025,sa
FP-SP,FBIC-BLDG8,J2,J2-L3-C04-S01,,0,9/26/2025,sa
FP-SP,FBIC-BLDG8,J2,J2-L3-C04-S02,,0,9/26/2025,sa
FP-SP,FBIC-BLDG8,J2,J2-L4-C01-S01,,0,9/26/2025,sa
FP-SP,FBIC-BLDG8,J2,J2-L4-C01-S02,,0,9/26/2025,sa
FP-SP,FBIC-BLDG8,J2,J2-L4-C02-S01,,0,9/26/2025,sa
FP-SP,FBIC-BLDG8,J2,J2-L4-C02-S02,,0,9/26/2025,sa
FP-SP,FBIC-BLDG8,J2,J2-L4-C03-S01,,0,9/26/2025,sa
FP-SP,FBIC-BLDG8,J2,J2-L4-C03-S02,,0,9/26/2025,sa
FP-SP,FBIC-BLDG8,J2,J2-L4-C04-S01,,0,9/26/2025,sa
FP-SP,FBIC-BLDG8,J2,J2-L4-C04-S02,,0,9/26/2025,sa
FP-SP,FBIC-BLDG8,J2,J3-L1-C01-S01,,0,9/26/2025,sa
FP-SP,FBIC-BLDG8,J2,J3-L1-C01-S02,,0,9/26/2025,sa
FP-SP,FBIC-BLDG8,J2,J3-L1-C02-S01,,0,9/26/2025,sa
FP-SP,FBIC-BLDG8,J2,J3-L1-C02-S02,,0,9/26/2025,sa
FP-SP,FBIC-BLDG8,J2,J3-L1-C03-S01,,0,9/26/2025,sa
FP-SP,FBIC-BLDG8,J3,J3-L1-C03-S02,,0,9/26/2025,sa
FP-SP,FBIC-BLDG8,J3,J3-L1-C04-S01,,0,9/26/2025,sa
FP-SP,FBIC-BLDG8,J3,J3-L1-C04-S02,,0,9/26/2025,sa
FP-SP,FBIC-BLDG8,J3,J3-L1-C05-S01,,0,9/26/2025,sa
FP-SP,FBIC-BLDG8,J3,J3-L1-C05-S02,,0,9/26/2025,sa
FP-SP,FBIC-BLDG8,J3,J3-L1-C06-S01,,0,9/26/2025,sa
FP-SP,FBIC-BLDG8,J3,J3-L1-C06-S02,,0,9/26/2025,sa
FP-SP,FBIC-BLDG8,J3,J3-L1-C07-S01,,0,9/26/2025,sa
FP-SP,FBIC-BLDG8,J3,J3-L1-C07-S02,,0,9/26/2025,sa
FP-SP,FBIC-BLDG8,J3,J3-L1-C08-S01,,0,9/26/2025,sa
FP-SP,FBIC-BLDG8,J3,J3-L1-C08-S02,,0,9/26/2025,sa
FP-SP,FBIC-BLDG8,J3,J3-L1-C09-S01,,0,9/26/2025,sa
FP-SP,FBIC-BLDG8,J3,J3-L1-C09-S02,,0,9/26/2025,sa
FP-SP,FBIC-BLDG8,J3,J3-L1-C10-S01,,0,9/26/2025,sa
FP-SP,FBIC-BLDG8,J3,J3-L1-C10-S02,,0,9/26/2025,sa
FP-SP,FBIC-BLDG8,J3,J3-L1-C11-S01,,0,9/26/2025,sa
FP-SP,FBIC-BLDG8,J3,J3-L1-C11-S02,,0,9/26/2025,sa
FP-SP,FBIC-BLDG8,J3,J3-L2-C01-S01,,0,9/26/2025,sa
FP-SP,FBIC-BLDG8,J3,J3-L2-C01-S02,,0,9/26/2025,sa
FP-SP,FBIC-BLDG8,J3,J3-L2-C02-S01,,0,9/26/2025,sa
FP-SP,FBIC-BLDG8,J3,J3-L2-C02-S02,,0,9/26/2025,sa
FP-SP,FBIC-BLDG8,J3,J3-L2-C03-S01,,0,9/26/2025,sa
FP-SP,FBIC-BLDG8,J3,J3-L2-C03-S02,,0,9/26/2025,sa
FP-SP,FBIC-BLDG8,J3,J3-L2-C04-S01,,0,9/26/2025,sa
FP-SP,FBIC-BLDG8,J3,J3-L2-C04-S02,,0,9/26/2025,sa
FP-SP,FBIC-BLDG8,J3,J3-L2-C05-S01,,0,9/26/2025,sa
FP-SP,FBIC-BLDG8,J3,J3-L2-C05-S02,,0,9/26/2025,sa
FP-SP,FBIC-BLDG8,J3,J3-L2-C06-S01,,0,9/26/2025,sa
FP-SP,FBIC-BLDG8,J3,J3-L2-C06-S02,,0,9/26/2025,sa
FP-SP,FBIC-BLDG8,J3,J3-L2-C07-S01,,0,9/26/2025,sa
FP-SP,FBIC-BLDG8,J3,J3-L2-C07-S02,,0,9/26/2025,sa
FP-SP,FBIC-BLDG8,J3,J3-L2-C08-S01,,0,9/26/2025,sa
FP-SP,FBIC-BLDG8,J3,J3-L2-C08-S02,,0,9/26/2025,sa
FP-SP,FBIC-BLDG8,J3,J3-L2-C09-S01,,0,9/26/2025,sa
FP-SP,FBIC-BLDG8,J3,J3-L2-C09-S02,,0,9/26/2025,sa
FP-SP,FBIC-BLDG8,J3,J3-L2-C10-S01,,0,9/26/2025,sa
FP-SP,FBIC-BLDG8,J3,J3-L2-C10-S02,,0,9/26/2025,sa
FP-SP,FBIC-BLDG8,J3,J3-L2-C11-S01,,0,9/26/2025,sa
FP-SP,FBIC-BLDG8,J3,J3-L2-C11-S02,,0,9/26/2025,sa
FP-SP,FBIC-BLDG8,J3,J3-L3-C01-S01,,0,9/26/2025,sa
FP-SP,FBIC-BLDG8,J3,J3-L3-C01-S02,,0,9/26/2025,sa
FP-SP,FBIC-BLDG8,J3,J3-L3-C02-S01,,0,9/26/2025,sa
FP-SP,FBIC-BLDG8,J3,J3-L3-C02-S02,,0,9/26/2025,sa
FP-SP,FBIC-BLDG8,J3,J3-L3-C03-S01,,0,9/26/2025,sa
FP-SP,FBIC-BLDG8,J3,J3-L3-C03-S02,,0,9/26/2025,sa
FP-SP,FBIC-BLDG8,J3,J3-L3-C04-S01,,0,9/26/2025,sa
FP-SP,FBIC-BLDG8,J3,J3-L3-C04-S02,,0,9/26/2025,sa
FP-SP,FBIC-BLDG8,J3,J3-L3-C05-S01,,0,9/26/2025,sa
FP-SP,FBIC-BLDG8,J3,J3-L3-C05-S02,,0,9/26/2025,sa
FP-SP,FBIC-BLDG8,J3,J3-L3-C06-S01,,0,9/26/2025,sa
FP-SP,FBIC-BLDG8,J3,J3-L3-C06-S02,,0,9/26/2025,sa
FP-SP,FBIC-BLDG8,J3,J3-L3-C07-S01,,0,9/26/2025,sa
FP-SP,FBIC-BLDG8,J3,J3-L3-C07-S02,,0,9/26/2025,sa
FP-SP,FBIC-BLDG8,J3,J3-L3-C08-S01,,0,9/26/2025,sa
FP-SP,FBIC-BLDG8,J3,J3-L3-C08-S02,,0,9/26/2025,sa
FP-SP,FBIC-BLDG8,J3,J3-L3-C09-S01,,0,9/26/2025,sa
FP-SP,FBIC-BLDG8,J3,J3-L3-C09-S02,,0,9/26/2025,sa
FP-SP,FBIC-BLDG8,J3,J3-L3-C10-S01,,0,9/26/2025,sa
FP-SP,FBIC-BLDG8,J3,J3-L3-C10-S02,,0,9/26/2025,sa
FP-SP,FBIC-BLDG8,J3,J3-L3-C11-S01,,0,9/26/2025,sa
FP-SP,FBIC-BLDG8,J3,J3-L3-C11-S02,,0,9/26/2025,sa
FP-SP,FBIC-BLDG8,J3,J3-L4-C01-S01,,0,9/26/2025,sa
FP-SP,FBIC-BLDG8,J3,J3-L4-C01-S02,,0,9/26/2025,sa
FP-SP,FBIC-BLDG8,J3,J3-L4-C02-S01,,0,9/26/2025,sa
FP-SP,FBIC-BLDG8,J3,J3-L4-C02-S02,,0,9/26/2025,sa
FP-SP,FBIC-BLDG8,J3,J3-L4-C03-S01,,0,9/26/2025,sa
FP-SP,FBIC-BLDG8,J3,J3-L4-C03-S02,,0,9/26/2025,sa
FP-SP,FBIC-BLDG8,J3,J3-L4-C04-S01,,0,9/26/2025,sa
FP-SP,FBIC-BLDG8,J3,J3-L4-C04-S02,,0,9/26/2025,sa
FP-SP,FBIC-BLDG8,J3,J3-L4-C05-S01,,0,9/26/2025,sa
FP-SP,FBIC-BLDG8,J3,J3-L4-C05-S02,,0,9/26/2025,sa
FP-SP,FBIC-BLDG8,J3,J3-L4-C06-S01,,0,9/26/2025,sa
FP-SP,FBIC-BLDG8,J3,J3-L4-C06-S02,,0,9/26/2025,sa
FP-SP,FBIC-BLDG8,J3,J3-L4-C07-S01,,0,9/26/2025,sa
FP-SP,FBIC-BLDG8,J3,J3-L4-C07-S02,,0,9/26/2025,sa
FP-SP,FBIC-BLDG8,J3,J3-L4-C08-S01,,0,9/26/2025,sa
FP-SP,FBIC-BLDG8,J3,J3-L4-C08-S02,,0,9/26/2025,sa
FP-SP,FBIC-BLDG8,J3,J3-L4-C09-S01,,0,9/26/2025,sa
FP-SP,FBIC-BLDG8,J3,J3-L4-C09-S02,,0,9/26/2025,sa
FP-SP,FBIC-BLDG8,J3,J3-L4-C10-S01,,0,9/26/2025,sa
FP-SP,FBIC-BLDG8,J3,J3-L4-C10-S02,,0,9/26/2025,sa
FP-SP,FBIC-BLDG8,J3,J3-L4-C11-S01,,0,9/26/2025,sa
FP-SP,FBIC-BLDG8,J3,J3-L4-C11-S02,,0,9/26/2025,sa
FP-SP,FBIC-BLDG8,J3,J4-L1-C01-S01,,0,9/26/2025,sa
FP-SP,FBIC-BLDG8,J3,J4-L1-C01-S02,,0,9/26/2025,sa
FP-SP,FBIC-BLDG8,J3,J4-L1-C02-S01,,0,9/26/2025,sa
FP-SP,FBIC-BLDG8,J3,J4-L1-C02-S02,,0,9/26/2025,sa
FP-SP,FBIC-BLDG8,J3,J4-L1-C03-S01,,0,9/26/2025,sa
FP-SP,FBIC-BLDG8,J4,J4-L1-C03-S02,,0,9/26/2025,sa
FP-SP,FBIC-BLDG8,J4,J4-L1-C04-S01,,0,9/26/2025,sa
FP-SP,FBIC-BLDG8,J4,J4-L1-C04-S02,,0,9/26/2025,sa
FP-SP,FBIC-BLDG8,J4,J4-L1-C05-S01,,0,9/26/2025,sa
FP-SP,FBIC-BLDG8,J4,J4-L1-C05-S02,,0,9/26/2025,sa
FP-SP,FBIC-BLDG8,J4,J4-L1-C06-S01,,0,9/26/2025,sa
FP-SP,FBIC-BLDG8,J4,J4-L1-C06-S02,,0,9/26/2025,sa
FP-SP,FBIC-BLDG8,J4,J4-L1-C07-S01,,0,9/26/2025,sa
FP-SP,FBIC-BLDG8,J4,J4-L1-C07-S02,,0,9/26/2025,sa
FP-SP,FBIC-BLDG8,J4,J4-L1-C08-S01,,0,9/26/2025,sa
FP-SP,FBIC-BLDG8,J4,J4-L1-C08-S02,,0,9/26/2025,sa
FP-SP,FBIC-BLDG8,J4,J4-L1-C09-S01,,0,9/26/2025,sa
FP-SP,FBIC-BLDG8,J4,J4-L1-C09-S02,,0,9/26/2025,sa
FP-SP,FBIC-BLDG8,J4,J4-L1-C10-S01,,0,9/26/2025,sa
FP-SP,FBIC-BLDG8,J4,J4-L1-C10-S02,,0,9/26/2025,sa
FP-SP,FBIC-BLDG8,J4,J4-L1-C11-S01,,0,9/26/2025,sa
FP-SP,FBIC-BLDG8,J4,J4-L1-C11-S02,,0,9/26/2025,sa
FP-SP,FBIC-BLDG8,J4,J4-L2-C01-S01,,0,9/26/2025,sa
FP-SP,FBIC-BLDG8,J4,J4-L2-C01-S02,,0,9/26/2025,sa
FP-SP,FBIC-BLDG8,J4,J4-L2-C02-S01,,0,9/26/2025,sa
FP-SP,FBIC-BLDG8,J4,J4-L2-C02-S02,,0,9/26/2025,sa
FP-SP,FBIC-BLDG8,J4,J4-L2-C03-S01,,0,9/26/2025,sa
FP-SP,FBIC-BLDG8,J4,J4-L2-C03-S02,,0,9/26/2025,sa
FP-SP,FBIC-BLDG8,J4,J4-L2-C04-S01,,0,9/26/2025,sa
FP-SP,FBIC-BLDG8,J4,J4-L2-C04-S02,,0,9/26/2025,sa
FP-SP,FBIC-BLDG8,J4,J4-L2-C05-S01,,0,9/26/2025,sa
FP-SP,FBIC-BLDG8,J4,J4-L2-C05-S02,,0,9/26/2025,sa
FP-SP,FBIC-BLDG8,J4,J4-L2-C06-S01,,0,9/26/2025,sa
FP-SP,FBIC-BLDG8,J4,J4-L2-C06-S02,,0,9/26/2025,sa
FP-SP,FBIC-BLDG8,J4,J4-L2-C07-S01,,0,9/26/2025,sa
FP-SP,FBIC-BLDG8,J4,J4-L2-C07-S02,,0,9/26/2025,sa
FP-SP,FBIC-BLDG8,J4,J4-L2-C08-S01,,0,9/26/2025,sa
FP-SP,FBIC-BLDG8,J4,J4-L2-C08-S02,,0,9/26/2025,sa
FP-SP,FBIC-BLDG8,J4,J4-L2-C09-S01,,0,9/26/2025,sa
FP-SP,FBIC-BLDG8,J4,J4-L2-C09-S02,,0,9/26/2025,sa
FP-SP,FBIC-BLDG8,J4,J4-L2-C10-S01,,0,9/26/2025,sa
FP-SP,FBIC-BLDG8,J4,J4-L2-C10-S02,,0,9/26/2025,sa
FP-SP,FBIC-BLDG8,J4,J4-L2-C11-S01,,0,9/26/2025,sa
FP-SP,FBIC-BLDG8,J4,J4-L2-C11-S02,,0,9/26/2025,sa
FP-SP,FBIC-BLDG8,J4,J4-L3-C01-S01,,0,9/26/2025,sa
FP-SP,FBIC-BLDG8,J4,J4-L3-C01-S02,,0,9/26/2025,sa
FP-SP,FBIC-BLDG8,J4,J4-L3-C02-S01,,0,9/26/2025,sa
FP-SP,FBIC-BLDG8,J4,J4-L3-C02-S02,,0,9/26/2025,sa
FP-SP,FBIC-BLDG8,J4,J4-L3-C03-S01,,0,9/26/2025,sa
FP-SP,FBIC-BLDG8,J4,J4-L3-C03-S02,,0,9/26/2025,sa
FP-SP,FBIC-BLDG8,J4,J4-L3-C04-S01,,0,9/26/2025,sa
FP-SP,FBIC-BLDG8,J4,J4-L3-C04-S02,,0,9/26/2025,sa
FP-SP,FBIC-BLDG8,J4,J4-L3-C05-S01,,0,9/26/2025,sa
FP-SP,FBIC-BLDG8,J4,J4-L3-C05-S02,,0,9/26/2025,sa
FP-SP,FBIC-BLDG8,J4,J4-L3-C06-S01,,0,9/26/2025,sa
FP-SP,FBIC-BLDG8,J4,J4-L3-C06-S02,,0,9/26/2025,sa
FP-SP,FBIC-BLDG8,J4,J4-L3-C07-S01,,0,9/26/2025,sa
FP-SP,FBIC-BLDG8,J4,J4-L3-C07-S02,,0,9/26/2025,sa
FP-SP,FBIC-BLDG8,J4,J4-L3-C08-S01,,0,9/26/2025,sa
FP-SP,FBIC-BLDG8,J4,J4-L3-C08-S02,,0,9/26/2025,sa
FP-SP,FBIC-BLDG8,J4,J4-L3-C09-S01,,0,9/26/2025,sa
FP-SP,FBIC-BLDG8,J4,J4-L3-C09-S02,,0,9/26/2025,sa
FP-SP,FBIC-BLDG8,J4,J4-L3-C10-S01,,0,9/26/2025,sa
FP-SP,FBIC-BLDG8,J4,J4-L3-C10-S02,,0,9/26/2025,sa
FP-SP,FBIC-BLDG8,J4,J4-L3-C11-S01,,0,9/26/2025,sa
FP-SP,FBIC-BLDG8,J4,J4-L3-C11-S02,,0,9/26/2025,sa
FP-SP,FBIC-BLDG8,J4,J4-L4-C01-S01,,0,9/26/2025,sa
FP-SP,FBIC-BLDG8,J4,J4-L4-C01-S02,,0,9/26/2025,sa
FP-SP,FBIC-BLDG8,J4,J4-L4-C02-S01,,0,9/26/2025,sa
FP-SP,FBIC-BLDG8,J4,J4-L4-C02-S02,,0,9/26/2025,sa
FP-SP,FBIC-BLDG8,J4,J4-L4-C03-S01,,0,9/26/2025,sa
FP-SP,FBIC-BLDG8,J4,J4-L4-C03-S02,,0,9/26/2025,sa
FP-SP,FBIC-BLDG8,J4,J4-L4-C04-S01,,0,9/26/2025,sa
FP-SP,FBIC-BLDG8,J4,J4-L4-C04-S02,,0,9/26/2025,sa
FP-SP,FBIC-BLDG8,J4,J4-L4-C05-S01,,0,9/26/2025,sa
FP-SP,FBIC-BLDG8,J4,J4-L4-C05-S02,,0,9/26/2025,sa
FP-SP,FBIC-BLDG8,J4,J4-L4-C06-S01,,0,9/26/2025,sa
FP-SP,FBIC-BLDG8,J4,J4-L4-C06-S02,,0,9/26/2025,sa
FP-SP,FBIC-BLDG8,J4,J4-L4-C07-S01,,0,9/26/2025,sa
FP-SP,FBIC-BLDG8,J4,J4-L4-C07-S02,,0,9/26/2025,sa
FP-SP,FBIC-BLDG8,J4,J4-L4-C08-S01,,0,9/26/2025,sa
FP-SP,FBIC-BLDG8,J4,J4-L4-C08-S02,,0,9/26/2025,sa
FP-SP,FBIC-BLDG8,J4,J4-L4-C09-S01,,0,9/26/2025,sa
FP-SP,FBIC-BLDG8,J4,J4-L4-C09-S02,,0,9/26/2025,sa
FP-SP,FBIC-BLDG8,J4,J4-L4-C10-S01,,0,9/26/2025,sa
FP-SP,FBIC-BLDG8,J4,J4-L4-C10-S02,,0,9/26/2025,sa
FP-SP,FBIC-BLDG8,J4,J4-L4-C11-S01,,0,9/26/2025,sa
FP-SP,FBIC-BLDG8,J4,J4-L4-C11-S02,,0,9/26/2025,sa
